図表：１－１－１（刑法犯認知・検挙状況）,,,,,,,,,,,,,,,,,,,,,,,,,,,,,,,,,,,,,,
年次,S21,S22,S23,S24,S25,S26,S27,S28,S29,,,,,,,,,,,,,,,,,,,,,,,,,,,,,
区分,,,,,,,,,,,,,,,,,,,,,,,,,,,,,,,,,,,,,,
認知件数（件）,1384222,1382210,1599968,1597891,1461044,1387289,1377273,1317141,1324333,,,,,,,,,,,,,,,,,,,,,,,,,,,,,
人口 千人当たり認知件数（件）,18.9,17.7,20,19.5,17.6,16.4,16,15.1,15,,,,,,,,,,,,,,,,,,,,,,,,,,,,,
検挙件数（件）,800431,693845,808619,920855,991107,962455,931863,927012,916804,,,,,,,,,,,,,,,,,,,,,,,,,,,,,
検挙人員（人）,442579,455097,546991,579897,607769,606686,557521,519707,503063,,,,,,,,,,,,,,,,,,,,,,,,,,,,,
検挙率（％）,57.8,50.2,50.5,57.6,67.8,69.4,67.7,70.4,69.2,,,,,,,,,,,,,,,,,,,,,,,,,,,,,
,,,,,,,,,,,,,,,,,,,,,,,,,,,,,,,,,,,,,,
年次,S30,S31,S32,S33,S34,S35,S36,S37,S38,,,,,,,,,,,,,,,,,,,,,,,,,,,,,
区分,,,,,,,,,,,,,,,,,,,,,,,,,,,,,,,,,,,,,,
認知件数,1435652,1354102,1354429,1353930,1382792,1378817,1400915,1384784,1377476,,,,,,,,,,,,,,,,,,,,,,,,,,,,,
人口千人当たり認知件数,16.1,15,14.9,14.7,14.9,14.8,14.9,14.5,14.3,,,,,,,,,,,,,,,,,,,,,,,,,,,,,
検挙件数,968626,842660,838210,818715,825511,841718,892547,885465,868207,,,,,,,,,,,,,,,,,,,,,,,,,,,,,
検挙人員,515480,470522,471600,457212,454898,442527,451586,430153,425473,,,,,,,,,,,,,,,,,,,,,,,,,,,,,
検挙率,67.5,62.2,61.9,60.5,59.7,61,63.7,63.9,63,,,,,,,,,,,,,,,,,,,,,,,,,,,,,
,,,,,,,,,,,,,,,,,,,,,,,,,,,,,,,,,,,,,,
年次,S39,S40,S41,S42,S43,S44,S45,S46,S47,,,,,,,,,,,,,,,,,,,,,,,,,,,,,
区分,,,,,,,,,,,,,,,,,,,,,,,,,,,,,,,,,,,,,,
認知件数,1385358,1343625,1293877,1219840,1234198,1253950,1279787,1244168,1223546,,,,,,,,,,,,,,,,,,,,,,,,,,,,,
人口千人当たり認知件数,14.3,13.7,13.1,12.2,12.2,12.2,12.3,11.8,11.4,,,,,,,,,,,,,,,,,,,,,,,,,,,,,
検挙件数,885168,812996,756230,692913,697407,675183,710078,690027,700378,,,,,,,,,,,,,,,,,,,,,,,,,,,,,
検挙人員,449842,440563,433545,402738,393831,377826,380850,361972,348788,,,,,,,,,,,,,,,,,,,,,,,,,,,,,
検挙率,63.9,60.5,58.4,56.8,56.5,53.8,55.5,55.5,57.2,,,,,,,,,,,,,,,,,,,,,,,,,,,,,
,,,,,,,,,,,,,,,,,,,,,,,,,,,,,,,,,,,,,,
年次,S48,S49,S50,S51,S52,S53,S54,S55,S56,,,,,,,,,,,,,,,,,,,,,,,,,,,,,
区分,,,,,,,,,,,,,,,,,,,,,,,,,,,,,,,,,,,,,,
認知件数,1190549,1211005,1234307,1247631,1268430,1336922,1289405,1357461,1463228,,,,,,,,,,,,,,,,,,,,,,,,,,,,,
人口千人当たり認知件数,11,11,11,11,11.1,11.6,11.1,11.6,12.4,,,,,,,,,,,,,,,,,,,,,,,,,,,,,
検挙件数,688328,696535,713031,743048,723509,779697,765945,811189,870513,,,,,,,,,,,,,,,,,,,,,,,,,,,,,
検挙人員,357738,363309,364117,359360,363144,381742,368126,392113,418162,,,,,,,,,,,,,,,,,,,,,,,,,,,,,
検挙率,57.8,57.5,57.8,59.6,57,58.3,59.4,59.8,59.5,,,,,,,,,,,,,,,,,,,,,,,,,,,,,
,,,,,,,,,,,,,,,,,,,,,,,,,,,,,,,,,,,,,,
年次,S57,S58,S59,S60,S61,S62,S63,H元,H2,,,,,,,,,,,,,,,,,,,,,,,,,,,,,
区分,,,,,,,,,,,,,,,,,,,,,,,,,,,,,,,,,,,,,,
認知件数,1528779,1540717,1588693,1607697,1581411,1577954,1641310,1673268,1636628,,,,,,,,,,,,,,,,,,,,,,,,,,,,,
人口千人当たり認知件数,12.9,12.9,13.2,13.3,13,12.9,13.4,13.6,13.2,,,,,,,,,,,,,,,,,,,,,,,,,,,,,
検挙件数,916058,929321,1002923,1032879,990650,1012076,982165,772320,692593,,,,,,,,,,,,,,,,,,,,,,,,,,,,,
検挙人員,441963,438705,446617,432250,399886,404762,398208,312992,293264,,,,,,,,,,,,,,,,,,,,,,,,,,,,,
検挙率,59.9,60.3,63.1,64.2,62.6,64.1,59.8,46.2,42.3,,,,,,,,,,,,,,,,,,,,,,,,,,,,,
,,,,,,,,,,,,,,,,,,,,,,,,,,,,,,,,,,,,,,
年次,H3,H4,H5,H6,H7,H8,H9,H10,H11,,,,,,,,,,,,,,,,,,,,,,,,,,,,,
区分,,,,,,,,,,,,,,,,,,,,,,,,,,,,,,,,,,,,,,
認知件数,1707877,1742366,1801150,1784432,1782944,1812119,1899564,2033546,2165626,,,,,,,,,,,,,,,,,,,,,,,,,,,,,
人口千人当たり認知件数,13.8,14,14.4,14.3,14.2,14.4,15.1,16.1,17.1,,,,,,,,,,,,,,,,,,,,,,,,,,,,,
検挙件数,654538,636290,723610,767844,753174,735881,759609,772282,731284,,,,,,,,,,,,,,,,,,,,,,,,,,,,,
検挙人員,296158,284908,297725,307965,293252,295584,313573,324263,315355,,,,,,,,,,,,,,,,,,,,,,,,,,,,,
検挙率,38.3,36.5,40.2,43,42.2,40.6,40,38,33.8,,,,,,,,,,,,,,,,,,,,,,,,,,,,,
,,,,,,,,,,,,,,,,,,,,,,,,,,,,,,,,,,,,,,
年次,H12,H13,H14,H15,H16,H17,H18,H19,H20,,,,,,,,,,,,,,,,,,,,,,,,,,,,,
区分,,,,,,,,,,,,,,,,,,,,,,,,,,,,,,,,,,,,,,
認知件数,2443470,2735612,2853739,2790136,2562767,2269293,2050850,1908836,1826500,,,,,,,,,,,,,,,,,,,,,,,,,,,,,
人口千人当たり認知件数,19.3,21.5,22.4,21.9,20.1,17.8,16.1,14.9,14.3,,,,,,,,,,,,,,,,,,,,,,,,,,,,,
検挙件数,576771,542115,592359,648319,667620,649503,640657,605358,573392,,,,,,,,,,,,,,,,,,,,,,,,,,,,,
検挙人員,309649,325292,347558,379602,389027,386955,384250,365577,339752,,,,,,,,,,,,,,,,,,,,,,,,,,,,,
検挙率,23.6,19.8,20.8,23.2,26.1,28.6,31.2,31.7,31.4,,,,,,,,,,,,,,,,,,,,,,,,,,,,,
,,,,,,,,,,,,,,,,,,,,,,,,,,,,,,,,,,,,,,
年次,H21,H22,H23,H24,H25,H26,H27,H28,H29,,,,,,,,,,,,,,,,,,,,,,,,,,,,,
区分,,,,,,,,,,,,,,,,,,,,,,,,,,,,,,,,,,,,,,
認知件数,1713832,1604019,1502951,1403167,1314140,1212163,1098969,996120,915042,,,,,,,,,,,,,,,,,,,,,,,,,,,,,
人口千人当たり認知件数,13.4,12.5,11.8,11,10.3,9.5,8.6,7.8,7.2,,,,,,,,,,,,,,,,,,,,,,,,,,,,,
検挙件数,544699,497356,462535,437610,394121,370568,357484,337066,327081,,,,,,,,,,,,,,,,,,,,,,,,,,,,,
検挙人員,332888,322620,305631,287021,262486,251115,239355,226376,215003,,,,,,,,,,,,,,,,,,,,,,,,,,,,,
検挙率,31.8,31,30.8,31.2,30,30.6,32.5,33.8,35.7,,,,,,,,,,,,,,,,,,,,,,,,,,,,,
,,,,,,,,,,,,,,,,,,,,,,,,,,,,,,,,,,,,,,
年次,H30,R元,R2,R3,R4,R5,R6,R7,,,,,,,,,,,,,,,,,,,,,,,,,,,,,,
区分,,,,,,,,,,,,,,,,,,,,,,,,,,,,,,,,,,,,,,
認知件数,817338,748559,614231,568104,601331,703351,737679,774142,,,,,,,,,,,,,,,,,,,,,,,,,,,,,,
人口千人当たり認知件数,6.5,5.9,4.9,4.5,4.8,5.7,6,6.3,,,,,,,,,,,,,,,,,,,,,,,,,,,,,,
検挙件数,309409,294206,279185,264485,250350,269550,287273,301055,,,,,,,,,,,,,,,,,,,,,,,,,,,,,,
検挙人員,206094,192607,182582,175041,169409,183269,191826,200663,,,,,,,,,,,,,,,,,,,,,,,,,,,,,,
検挙率,37.9,39.3,45.5,46.6,41.6,38.3,38.9,38.9,,,,,,,,,,,,,,,,,,,,,,,,,,,,,,
,,,,,,,,,,,,,,,,,,,,,,,,,,,,,,,,,,,,,,
図表：１－１－６（年齢層別検挙人員、人口10万人当たり年齢層別検挙人員）,,,,,,,,,,,,,,,,,,,,,,,,,,,,,,,,,,,,,,
,年次,H元,H2,H3,H4,H5,H6,H7,H8,H9,H10,H11,H12,H13,H14,H15,H16,H17,H18,H19,H20,H21,H22,H23,H24,H25,H26,H27,H28,H29,H30,R元,R2,R3,R4,R5,R6,R7
区分,,,,,,,,,,,,,,,,,,,,,,,,,,,,,,,,,,,,,,
14-19歳（人）,,165686,154793,150348,134692,133979,132206,127047,134224,153389,157981,142326,133014,139348,142594,145418,135805,124522,113551,103884,91462,90844,86394,78186,65983,56901,48843,39489,31995,27301,23970,20410,17904,15349,15376,19399,22274,24958
,人口10万人当たり,1386.1,1303,1290.3,1188.3,1228.5,1263,1258.1,1375.5,1612.1,1698.4,1564.5,1497.6,1601.1,1675.6,1760.3,1697.1,1595.6,1486.9,1390.3,1242.2,1247,1187.1,1075.8,910.5,787.4,680,546.3,445.1,384,341.7,295.4,264,230.4,232.9,295.5,341.5,382.6
20-24歳,,30925,31371,36796,37665,39268,41227,36528,34984,34100,35717,34699,32377,33190,34800,40261,41634,40491,39708,36335,31859,31112,29607,27182,25758,23787,23022,22775,21841,21435,20561,19248,17692,17164,16482,17178,17967,18578
,人口10万人当たり,350.9,355.4,391.8,392.5,399.3,412.8,368.7,356.5,355.8,385.8,390.3,383.7,404.7,434.4,512.3,539,548.5,543.1,502,448.4,450,453.8,426.7,410.7,383.4,371.1,373.9,354.2,343.2,324.7,302.6,279.9,274,263.1,275.4,287,296.7
25-29歳,,17444,16721,18075,18603,19996,21588,20620,20030,20366,21039,21244,22025,23187,23796,26875,26958,26441,26891,25162,23496,23239,22415,20734,20007,18353,18059,17664,17133,16304,16109,14819,14379,13967,13783,14933,16011,16847
,人口10万人当たり,219.6,206.6,226.4,225.4,236.2,248.9,234.4,215,214.4,216.2,214.7,224.5,238.9,252.3,295.1,307.9,318,335.6,322.8,307.9,309.7,303.3,287.2,283.8,267.1,270.5,270.4,266.8,256.8,255.4,233.5,225.3,219,214.9,230.4,245.6,258.5
30-34歳,,14311,12970,13199,13462,14817,15299,14940,14285,14681,15145,15901,17303,18562,20673,23854,25060,25491,26352,24416,22789,21524,20533,19146,18835,17888,17394,17287,16990,15988,15184,14199,13253,12188,11969,12915,14008,14564
,人口10万人当たり,180.7,166.1,170.3,172.6,188.7,193.7,183.6,178.4,177.6,178.7,183.2,196.8,199,217.8,245.9,255.2,260.2,273.2,260.7,253.3,250.5,243.9,236.5,240.5,234.7,233,233.7,233.4,223.4,216.7,207.3,197.4,185.9,185.7,202.5,219,227.7
35-39歳,,17870,14904,13469,12892,13222,13629,12953,12389,12234,12861,12861,13811,14575,16718,18849,20473,21673,23444,23439,22557,22625,22401,21166,20538,18743,18131,17442,17046,15962,15698,14605,13585,12965,12631,13180,13766,13836
,人口10万人当たり,187.3,165.1,156.5,156.6,165.4,172.4,165.4,159.5,156.7,163.5,162.4,169.9,181.9,202.4,222.6,236.4,247.1,252.8,248.7,234.7,232.9,227.1,217.9,218,206.9,209.1,207.2,209.6,201.5,202.5,191.4,181.2,176.3,175.2,187,200.3,201.3
40-44歳,,18363,17449,18230,17985,18418,18204,16022,13842,12737,12676,12740,12826,13349,15005,16498,17955,18942,19670,19536,19469,19747,20144,19872,20579,19543,19691,19302,18734,17611,16706,15537,14214,13548,12662,13689,13962,14527
,人口10万人当たり,182.4,163.3,161.9,165.7,179.9,191.7,177.7,161,155,158.8,161.3,164.1,172.1,192.4,210,227,233.5,246.4,237.6,231.6,230.1,228.7,213.3,217.3,202.2,201.1,196,192.6,186,182.9,177.1,167.7,165.8,159.4,176.3,183,190.4
45-49歳,,15683,14397,13683,14534,16936,18737,18458,18940,18410,17498,17042,15750,15473,16005,17415,17757,18126,18561,17880,17404,17431,17237,16895,16840,16508,16852,17175,17149,17075,17000,16178,15696,15051,14164,14404,14705,15010
,人口10万人当たり,170.1,159.2,159.1,162.1,178.3,187.8,173.6,169.2,170.6,171.9,180.5,176.3,181.5,196.4,219.6,226.1,233.8,241.2,231.2,223.7,222.7,213,212.1,205.3,196.4,195.7,195.9,184.5,180,175.1,164,159.1,154.7,149.7,158,168.1,171.6
50-54歳,,11600,10803,11157,12029,13550,15888,14979,14098,13968,15393,16959,18600,20267,22264,23506,23535,22557,21062,19362,17462,16865,16052,15507,14916,14176,13911,14189,13913,13787,13813,13683,13157,13430,13521,14659,15135,15905
,人口10万人当たり,144,133.2,135,141.8,155.8,175.3,167.7,166.1,157.9,164.3,172.1,177.8,184,209.9,234.8,253.1,255.5,250.2,240.5,223.3,217.9,208.5,203,194.3,183.3,178.6,176.8,175.8,168.7,164.7,159,150.6,145.2,143.3,151.9,154.6,162.5
55-59歳,,8990,8297,8550,9151,10647,11682,11364,11289,11557,12547,14582,14780,15068,17346,20591,23440,25462,27558,26365,23872,20997,19112,16889,15300,13461,12874,12592,12056,11813,11650,11405,11289,10879,10686,11974,12710,13367
,人口10万人当たり,118.5,107.1,108.6,115.1,133.9,148.8,142.7,139.1,138.8,147,163.9,168.9,181,200.4,224.5,243.2,247.3,254.6,252.7,242.6,229.9,219,203,192.4,174.1,168.2,165.7,159.7,155.4,151.9,147.4,142.2,139,132.4,144.6,149.7,157.4
60-64歳,,5495,5215,5523,6154,7578,8488,8901,9080,9313,9667,10845,11221,12160,14116,16538,19714,21142,20816,20601,20596,20402,20580,21433,19721,16900,15124,13808,12542,11463,10636,10060,9717,9233,8991,9839,10218,10949
,人口10万人当たり,83.6,77.1,79.8,86.9,104.8,116,118.9,119.2,121,125.4,142.1,144.8,153.6,174.2,199.2,227.9,246.5,255.6,243.2,229.9,216.7,203.5,201.6,192.5,174.8,168.4,161.5,153.7,146.8,140,133.5,130.6,124.9,120.8,131,134.9,144.6
65-69歳,,3197,3223,3479,3840,4615,5359,5424,5910,6143,6899,7877,8464,9317,11070,13005,15372,16961,17745,18034,17622,17750,17161,16368,15672,14622,15000,15373,15386,14628,13363,11700,10514,9760,8861,8943,8993,9374
,人口10万人当たり,65.3,63,64.1,67.1,77,86,84.7,90.1,91.5,100.6,113.3,118.9,128,150.1,175.6,209.3,227.3,232.8,230.1,219.2,211.7,207.4,208.2,191,168.1,163.8,157.5,149.8,147.6,142.8,134.5,127.7,124,117.6,122,123.7,129
70-74歳,,1907,1697,1930,2052,2526,3042,3377,3662,3702,3787,4659,5206,5832,7147,8936,11256,12959,14487,14855,14525,13814,13689,13832,13748,13033,13261,12942,11898,11838,11777,11461,11905,12533,11631,11499,10749,10194
,人口10万人当たり,52,44.4,49.3,50.6,59.7,67.7,71.9,73.3,70.4,68.7,81.2,88.1,96.3,115.1,140.5,174.1,194.6,212.6,214.6,208.8,199.9,195.1,192.6,185.9,171.5,167.3,166.2,160.8,153.1,143.4,132.4,129.6,129.6,124.6,130.4,131.1,124.3
75-79歳,,1056,966,1176,1224,1420,1693,1687,1805,1919,1960,2385,2797,3214,3913,5005,6390,7438,8867,9529,10097,9873,10174,10724,10913,10407,10067,10163,10024,9980,9731,9626,9539,9015,8683,9680,10064,11006
,人口10万人当たり,35.8,31.9,37.9,39,44.9,53.8,51.2,53.4,54.5,53.1,60.7,67.3,72.5,83.7,102.2,125.3,140.9,163.8,171.3,177,169.9,169.7,174.6,174.5,165.1,160.6,159.9,153.7,148.3,140.8,133.4,135,134.3,123.5,129.5,127.6,139.6
80-84歳,,366,358,421,488,574,701,734,783,791,809,914,1090,1262,1528,2047,2692,3437,4029,4518,4739,4808,5165,5505,5948,5843,6336,6364,6730,6704,6679,6330,6334,6114,6268,6845,7136,7290
,人口10万人当たり,21.2,19.5,21.5,23.7,26.7,31.2,31.9,32.9,32.6,32.7,37,41.6,46.4,53.5,67.8,83.2,100.4,110.1,116.9,116.8,113.5,118,122.5,128.4,122.7,130.2,126.6,129.9,126.8,125.1,119.1,117.2,109.9,109.1,116.1,116.3,118.8
85-89歳,,86,78,109,120,153,192,187,239,232,243,275,341,417,500,703,816,1075,1255,1389,1510,1527,1651,1825,1916,1981,2158,2360,2486,2605,2715,2787,2817,3173,3047,3298,3253,3328
,人口10万人当たり,10.8,9.3,12.7,13.1,15.7,18.2,16.4,19.4,17.7,17.5,18.8,22.2,26,30.2,41.4,47.5,58,64.7,67.7,69.5,65.5,67.3,69.5,68.9,67.7,70.5,74.8,76,76.7,77.2,77.2,75.3,81.9,77,82.9,82.5,84.4
90歳以上,,13,22,13,17,26,30,31,24,31,41,46,44,71,83,101,170,238,254,272,293,330,305,367,347,340,392,430,453,509,502,559,587,672,654,834,875,930
,人口10万人当たり,4.8,7.6,4,4.8,6.7,7.2,7,5.1,5.9,7,7.2,6.3,9.2,9.7,10.8,16.7,22,22,22.2,22.9,24.8,22.3,25.4,22.7,21.1,22.8,24.1,23.6,25.1,23.4,24.7,24.6,26.6,24.8,30.6,31.1,33.1
,,,,,,,,,,,,,,,,,,,,,,,,,,,,,,,,,,,,,,
図表：１－２－１（包括罪種別認知・検挙状況）,,,,,,,,,,,,,,,,,,,,,,,,,,,,,,,,,,,,,,
                  年次区分,,,H14,H15,H16,H17,H18,H19,H20,H21,H22,H23,,,,,,,,,,,,,,,,,,,,,,,,,,
,,,,,,,,,,,,,,,,,,,,,,,,,,,,,,,,,,,,,,
刑法犯総数,,認知件数(件),2853739,2790136,2562767,2269293,2050850,1908836,1826500,1713832,1604019,1502951,,,,,,,,,,,,,,,,,,,,,,,,,,
,,検挙件数(件),592359,648319,667620,649503,640657,605358,573392,544699,497356,462535,,,,,,,,,,,,,,,,,,,,,,,,,,
,,検挙人員(人),347558,379602,389027,386955,384250,365577,339752,332888,322620,305631,,,,,,,,,,,,,,,,,,,,,,,,,,
,凶悪犯,認知件数,12567,13658,13064,11360,10124,9051,8630,8392,7624,7062,,,,,,,,,,,,,,,,,,,,,,,,,,
,,検挙件数,7604,8238,7924,7418,7125,6461,6229,6073,5503,5287,,,,,,,,,,,,,,,,,,,,,,,,,,
,,検挙人員,7726,8362,7519,7047,6459,5923,5634,5654,5021,4786,,,,,,,,,,,,,,,,,,,,,,,,,,
,粗暴犯,認知件数,76573,78759,76616,73772,76303,72908,69113,64140,63813,61897,,,,,,,,,,,,,,,,,,,,,,,,,,
,,検挙件数,40425,42296,41128,44037,49409,49656,47772,45719,45932,45095,,,,,,,,,,,,,,,,,,,,,,,,,,
,,検挙人員,49615,49530,46801,49156,54505,54163,51924,49225,49525,48582,,,,,,,,,,,,,,,,,,,,,,,,,,
,窃盗犯,認知件数,2377488,2235844,1981574,1725072,1534528,1429956,1379752,1308378,1229059,1152492,,,,,,,,,,,,,,,,,,,,,,,,,,
,,検挙件数,403872,433918,447950,429038,416281,395243,379839,361969,327786,305922,,,,,,,,,,,,,,,,,,,,,,,,,,
,,検挙人員,180725,191403,195151,194119,187654,180446,174738,175823,175214,168514,,,,,,,,,,,,,,,,,,,,,,,,,,
,知能犯,認知件数,62751,74754,99258,97500,84271,75999,73451,53222,44544,40894,,,,,,,,,,,,,,,,,,,,,,,,,,
,,検挙件数,39884,40574,36299,38151,37296,33878,36979,34147,29688,26433,,,,,,,,,,,,,,,,,,,,,,,,,,
,,検挙人員,13173,13653,14850,15053,15760,15264,15145,15433,14138,13262,,,,,,,,,,,,,,,,,,,,,,,,,,
,風俗犯,認知件数,12220,13034,12346,12085,11932,11184,10590,10219,10938,10966,,,,,,,,,,,,,,,,,,,,,,,,,,
,,検挙件数,5633,6165,6070,6422,6752,6462,6376,6478,6742,6842,,,,,,,,,,,,,,,,,,,,,,,,,,
,,検挙人員,5912,5886,5688,6373,6261,6279,6048,5951,6033,5881,,,,,,,,,,,,,,,,,,,,,,,,,,
,その他の刑法犯,認知件数,312140,374087,379909,349504,333692,309738,284964,269481,248041,229640,,,,,,,,,,,,,,,,,,,,,,,,,,
,,検挙件数,94941,117128,128249,124437,123794,113658,96197,90313,81705,72956,,,,,,,,,,,,,,,,,,,,,,,,,,
,,検挙人員,90407,110768,119018,115207,113611,103502,86263,80802,72689,64606,,,,,,,,,,,,,,,,,,,,,,,,,,
,,,,,,,,,,,,,,,,,,,,,,,,,,,,,,,,,,,,,,
                   年次区分,,,H24,H25,H26,H27,H28,H29,H30,R元,R2,R3,,,,,,,,,,,,,,,,,,,,,,,,,,
,,,,,,,,,,,,,,,,,,,,,,,,,,,,,,,,,,,,,,
刑法犯総数,,認知件数,1403167,1314140,1212163,1098969,996120,915042,817338,748559,614231,568104,,,,,,,,,,,,,,,,,,,,,,,,,,
,,検挙件数,437610,394121,370568,357484,337066,327081,309409,294206,279185,264485,,,,,,,,,,,,,,,,,,,,,,,,,,
,,検挙人員,287021,262486,251115,239355,226376,215003,206094,192607,182582,175041,,,,,,,,,,,,,,,,,,,,,,,,,,
,凶悪犯,認知件数,7070,6757,6453,5618,5130,4840,4900,4706,4444,4149,,,,,,,,,,,,,,,,,,,,,,,,,,
,,検挙件数,5368,5128,5101,4777,4435,4193,4337,4240,4268,4007,,,,,,,,,,,,,,,,,,,,,,,,,,
,,検挙人員,4779,4647,4580,4409,4252,4067,4193,4225,4291,4093,,,,,,,,,,,,,,,,,,,,,,,,,,
,粗暴犯,認知件数,67356,66494,65814,64049,62043,60099,59139,56753,51829,49717,,,,,,,,,,,,,,,,,,,,,,,,,,
,,検挙件数,49220,48487,49990,49968,49855,49135,49349,47989,45764,43291,,,,,,,,,,,,,,,,,,,,,,,,,,
,,検挙人員,52577,51274,52618,52541,52291,51253,51786,50789,48108,45724,,,,,,,,,,,,,,,,,,,,,,,,,,
,窃盗犯,認知件数,1059131,981233,897259,807560,723148,655498,582141,532565,417291,381769,,,,,,,,,,,,,,,,,,,,,,,,,,
,,検挙件数,286636,254822,235519,226001,208646,204296,190544,180897,170687,161016,,,,,,,,,,,,,,,,,,,,,,,,,,
,,検挙人員,153864,138947,131490,123847,115462,109238,102369,94144,88464,84360,,,,,,,,,,,,,,,,,,,,,,,,,,
,知能犯,認知件数,40235,43141,46027,43622,45778,47009,42594,36031,34065,36663,,,,,,,,,,,,,,,,,,,,,,,,,,
,,検挙件数,24105,22060,20355,20742,22276,20965,19691,19096,18153,19154,,,,,,,,,,,,,,,,,,,,,,,,,,
,,検挙人員,13665,13523,13125,13016,12876,12422,12280,10965,10547,12483,,,,,,,,,,,,,,,,,,,,,,,,,,
,風俗犯,認知件数,11986,12041,11915,11032,10385,9699,9112,8710,7723,7880,,,,,,,,,,,,,,,,,,,,,,,,,,
,,検挙件数,7635,7023,7412,7125,7311,7048,7091,6904,6549,6738,,,,,,,,,,,,,,,,,,,,,,,,,,
,,検挙人員,6204,5770,5678,5815,5817,5477,5643,5406,5202,5422,,,,,,,,,,,,,,,,,,,,,,,,,,
,その他の刑法犯,認知件数,217389,204474,184695,167088,149636,137897,119452,109794,98879,87926,,,,,,,,,,,,,,,,,,,,,,,,,,
,,検挙件数,64646,56601,52191,48871,44543,41444,38397,35080,33764,30279,,,,,,,,,,,,,,,,,,,,,,,,,,
,,検挙人員,55932,48325,43624,39727,35678,32546,29823,27078,25970,22959,,,,,,,,,,,,,,,,,,,,,,,,,,
,,,,,,,,,,,,,,,,,,,,,,,,,,,,,,,,,,,,,,
                   年次区分,,,R4,R5,R6,R7,,,,,,,,,,,,,,,,,,,,,,,,,,,,,,,,
,,,,,,,,,,,,,,,,,,,,,,,,,,,,,,,,,,,,,,
刑法犯総数,,認知件数,601331,703351,737679,774142,,,,,,,,,,,,,,,,,,,,,,,,,,,,,,,,
,,検挙件数,250350,269550,287273,301055,,,,,,,,,,,,,,,,,,,,,,,,,,,,,,,,
,,検挙人員,169409,183269,191826,200663,,,,,,,,,,,,,,,,,,,,,,,,,,,,,,,,
,凶悪犯,認知件数,4437,5750,7034,7287,,,,,,,,,,,,,,,,,,,,,,,,,,,,,,,,
,,検挙件数,3922,4832,6228,6469,,,,,,,,,,,,,,,,,,,,,,,,,,,,,,,,
,,検挙人員,3978,4860,6300,6579,,,,,,,,,,,,,,,,,,,,,,,,,,,,,,,,
,粗暴犯,認知件数,52701,58474,57746,61850,,,,,,,,,,,,,,,,,,,,,,,,,,,,,,,,
,,検挙件数,43499,47736,47596,49438,,,,,,,,,,,,,,,,,,,,,,,,,,,,,,,,
,,検挙人員,45682,49846,49484,51257,,,,,,,,,,,,,,,,,,,,,,,,,,,,,,,,
,窃盗犯,認知件数,407911,483695,501507,513931,,,,,,,,,,,,,,,,,,,,,,,,,,,,,,,,
,,検挙件数,148122,157115,166049,173507,,,,,,,,,,,,,,,,,,,,,,,,,,,,,,,,
,,検挙人員,79234,85535,88302,92589,,,,,,,,,,,,,,,,,,,,,,,,,,,,,,,,
,知能犯,認知件数,41308,50035,61986,77473,,,,,,,,,,,,,,,,,,,,,,,,,,,,,,,,
,,検挙件数,18809,19559,19423,20803,,,,,,,,,,,,,,,,,,,,,,,,,,,,,,,,
,,検挙人員,12534,11967,11546,12111,,,,,,,,,,,,,,,,,,,,,,,,,,,,,,,,
,風俗犯,認知件数,8133,11774,18465,20204,,,,,,,,,,,,,,,,,,,,,,,,,,,,,,,,
,,検挙件数,6648,8571,15168,17168,,,,,,,,,,,,,,,,,,,,,,,,,,,,,,,,
,,検挙人員,5432,6840,11074,12270,,,,,,,,,,,,,,,,,,,,,,,,,,,,,,,,
,その他の刑法犯,認知件数,86841,93623,90941,93397,,,,,,,,,,,,,,,,,,,,,,,,,,,,,,,,
,,検挙件数,29350,31737,32809,33670,,,,,,,,,,,,,,,,,,,,,,,,,,,,,,,,
,,検挙人員,22549,24221,25120,25857,,,,,,,,,,,,,,,,,,,,,,,,,,,,,,,,
,,,,,,,,,,,,,,,,,,,,,,,,,,,,,,,,,,,,,,
図表：１－２－２（凶悪犯の認知・検挙状況）,,,,,,,,,,,,,,,,,,,,,,,,,,,,,,,,,,,,,,
,,年次,H28,H29,H30,R元,R2,R3,R4,R5,R6,R7,,,,,,,,,,,,,,,,,,,,,,,,,,
区分,,,,,,,,,,,,,,,,,,,,,,,,,,,,,,,,,,,,,,
凶悪犯,,認知件数(件),5130,4840,4900,4706,4444,4149,4437,5750,7034,7287,,,,,,,,,,,,,,,,,,,,,,,,,,
,,検挙件数(件),4435,4193,4337,4240,4268,4007,3922,4832,6228,6469,,,,,,,,,,,,,,,,,,,,,,,,,,
,,検挙人員(人),4252,4067,4193,4225,4291,4093,3978,4860,6300,6579,,,,,,,,,,,,,,,,,,,,,,,,,,
,殺人,認知件数,895,920,915,950,929,874,853,912,970,976,,,,,,,,,,,,,,,,,,,,,,,,,,
,,検挙件数,901,930,886,945,913,883,817,872,937,961,,,,,,,,,,,,,,,,,,,,,,,,,,
,,検挙人員,816,874,836,924,878,848,785,808,923,895,,,,,,,,,,,,,,,,,,,,,,,,,,
,強盗,認知件数,2332,1852,1787,1511,1397,1138,1148,1361,1370,1428,,,,,,,,,,,,,,,,,,,,,,,,,,
,,検挙件数,1878,1521,1559,1326,1358,1130,1060,1232,1267,1296,,,,,,,,,,,,,,,,,,,,,,,,,,
,,検挙人員,1984,1704,1732,1604,1654,1460,1322,1601,1780,1813,,,,,,,,,,,,,,,,,,,,,,,,,,
,放火,認知件数,914,959,891,840,786,749,781,766,758,706,,,,,,,,,,,,,,,,,,,,,,,,,,
,,検挙件数,686,715,702,658,700,664,644,655,648,567,,,,,,,,,,,,,,,,,,,,,,,,,,
,,検挙人員,577,579,537,519,582,534,532,576,511,500,,,,,,,,,,,,,,,,,,,,,,,,,,
,不同意性交等,認知件数,989,1109,1307,1405,1332,1388,1655,2711,3936,4177,,,,,,,,,,,,,,,,,,,,,,,,,,
,,検挙件数,970,1027,1190,1311,1297,1330,1401,2073,3376,3645,,,,,,,,,,,,,,,,,,,,,,,,,,
,,検挙人員,875,910,1088,1178,1177,1251,1339,1875,3086,3371,,,,,,,,,,,,,,,,,,,,,,,,,,
,,,,,,,,,,,,,,,,,,,,,,,,,,,,,,,,,,,,,,
図表：１－２－３（粗暴犯の認知・検挙状況）,,,,,,,,,,,,,,,,,,,,,,,,,,,,,,,,,,,,,,
,,年次,H28,H29,H30,R元,R2,R3,R4,R5,R6,R7,,,,,,,,,,,,,,,,,,,,,,,,,,
区分,,,,,,,,,,,,,,,,,,,,,,,,,,,,,,,,,,,,,,
粗暴犯,,認知件数(件),62043,60099,59139,56753,51829,49717,52701,58474,57746,61850,,,,,,,,,,,,,,,,,,,,,,,,,,
,,検挙件数(件),49855,49135,49349,47989,45764,43291,43499,47736,47596,49438,,,,,,,,,,,,,,,,,,,,,,,,,,
,,検挙人員(人),52291,51253,51786,50789,48108,45724,45682,49846,49484,51257,,,,,,,,,,,,,,,,,,,,,,,,,,
,凶器準備集合,認知件数,3,3,3,3,5,6,11,7,15,22,,,,,,,,,,,,,,,,,,,,,,,,,,
,,検挙件数,3,3,3,3,4,4,12,6,10,22,,,,,,,,,,,,,,,,,,,,,,,,,,
,,検挙人員,17,6,5,5,22,12,34,22,28,114,,,,,,,,,,,,,,,,,,,,,,,,,,
,暴行,認知件数,31813,31013,31362,30276,27637,26436,27849,30196,29250,31137,,,,,,,,,,,,,,,,,,,,,,,,,,
,,検挙件数,25428,25372,26212,25556,24315,23257,23313,24869,24302,24971,,,,,,,,,,,,,,,,,,,,,,,,,,
,,検挙人員,25736,25696,26622,26377,24883,23993,23964,25305,24584,25019,,,,,,,,,,,,,,,,,,,,,,,,,,
,傷害,認知件数,24365,23286,22523,21188,18963,18145,19514,22169,22292,23460,,,,,,,,,,,,,,,,,,,,,,,,,,
,,検挙件数,19599,19051,18747,17987,16890,15585,15845,17954,18374,18844,,,,,,,,,,,,,,,,,,,,,,,,,,
,,検挙人員,21966,20979,20774,20105,18826,17525,17532,19902,20248,21047,,,,,,,,,,,,,,,,,,,,,,,,,,
,脅迫,認知件数,3700,3851,3498,3657,3778,3893,4037,4535,4502,5170,,,,,,,,,,,,,,,,,,,,,,,,,,
,,検挙件数,3145,3227,3014,3155,3299,3373,3393,3756,3712,4219,,,,,,,,,,,,,,,,,,,,,,,,,,
,,検挙人員,2778,2808,2714,2764,2862,2964,2993,3254,3253,3505,,,,,,,,,,,,,,,,,,,,,,,,,,
,恐喝,認知件数,2162,1946,1753,1629,1446,1237,1290,1567,1687,2061,,,,,,,,,,,,,,,,,,,,,,,,,,
,,検挙件数,1680,1482,1373,1288,1256,1072,936,1151,1198,1382,,,,,,,,,,,,,,,,,,,,,,,,,,
,,検挙人員,1794,1764,1671,1538,1515,1230,1159,1363,1371,1572,,,,,,,,,,,,,,,,,,,,,,,,,,
,,,,,,,,,,,,,,,,,,,,,,,,,,,,,,,,,,,,,,
図表：１－２－４－１（窃盗犯の認知・検挙状況）,,,,,,,,,,,,,,,,,,,,,,,,,,,,,,,,,,,,,,
,,年次,H28,H29,H30,R元,R2,R3,R4,R5,R6,R7,,,,,,,,,,,,,,,,,,,,,,,,,,
区分,,,,,,,,,,,,,,,,,,,,,,,,,,,,,,,,,,,,,,
窃盗犯,,認知件数(件),723148,655498,582141,532565,417291,381769,407911,483695,501507,513931,,,,,,,,,,,,,,,,,,,,,,,,,,
,,検挙件数(件),208646,204296,190544,180897,170687,161016,148122,157115,166049,173507,,,,,,,,,,,,,,,,,,,,,,,,,,
,,検挙人員(人),115462,109238,102369,94144,88464,84360,79234,85535,88302,92589,,,,,,,,,,,,,,,,,,,,,,,,,,
,侵入窃盗,認知件数,76477,73122,62745,57808,44093,37240,36588,44228,43036,47233,,,,,,,,,,,,,,,,,,,,,,,,,,
,,検挙件数,43780,41481,39237,37083,31836,28456,22139,23182,24885,24489,,,,,,,,,,,,,,,,,,,,,,,,,,
,,検挙人員,7326,7241,6561,6106,5671,5167,4896,5381,5154,5253,,,,,,,,,,,,,,,,,,,,,,,,,,
,非侵入窃盗,認知件数,374497,346598,311597,287656,238173,225193,228793,259579,266730,273106,,,,,,,,,,,,,,,,,,,,,,,,,,
,,検挙件数,141876,141250,132730,126543,124797,120207,112977,118765,124675,132304,,,,,,,,,,,,,,,,,,,,,,,,,,
,,検挙人員,96188,91601,86477,80012,75811,73589,68478,73022,75647,79666,,,,,,,,,,,,,,,,,,,,,,,,,,
,乗り物盗,認知件数,272174,235778,207799,187101,135025,119336,142530,179888,191741,193592,,,,,,,,,,,,,,,,,,,,,,,,,,
,,検挙件数,22990,21565,18577,17271,14054,12353,13006,15168,16489,16714,,,,,,,,,,,,,,,,,,,,,,,,,,
,,検挙人員,11948,10396,9331,8026,6982,5604,5860,7132,7501,7670,,,,,,,,,,,,,,,,,,,,,,,,,,
,,,,,,,,,,,,,,,,,,,,,,,,,,,,,,,,,,,,,,
図表：１－２－４－２（侵入窃盗の認知・検挙状況）,,,,,,,,,,,,,,,,,,,,,,,,,,,,,,,,,,,,,,
,,,年次,H28,H29,H30,R元,R2,R3,R4,R5,R6,R7,,,,,,,,,,,,,,,,,,,,,,,,,
区分,,,,,,,,,,,,,,,,,,,,,,,,,,,,,,,,,,,,,,
侵入窃盗,,,認知件数(件),76477,73122,62745,57808,44093,37240,36588,44228,43036,47233,,,,,,,,,,,,,,,,,,,,,,,,,
,,,検挙件数(件),43780,41481,39237,37083,31836,28456,22139,23182,24885,24489,,,,,,,,,,,,,,,,,,,,,,,,,
,,,検挙人員(人),7326,7241,6561,6106,5671,5167,4896,5381,5154,5253,,,,,,,,,,,,,,,,,,,,,,,,,
,うち住宅対象1,,認知件数,39249,37027,31505,28936,21030,17283,15692,17469,16000,17152,,,,,,,,,,,,,,,,,,,,,,,,,
,,,検挙件数,22403,21105,19110,17023,15051,13155,9215,8768,8289,7851,,,,,,,,,,,,,,,,,,,,,,,,,
,,,検挙人員,2849,2729,2472,2320,2184,1894,1747,2025,1788,1819,,,,,,,,,,,,,,,,,,,,,,,,,
,,空き巣,認知件数,27113,25557,22141,19584,13906,11166,10593,11842,11048,11684,,,,,,,,,,,,,,,,,,,,,,,,,
,,,検挙件数,14870,13885,13039,10670,10329,7949,5867,5834,5346,5161,,,,,,,,,,,,,,,,,,,,,,,,,
,,,検挙人員,2069,1954,1769,1698,1555,1333,1224,1512,1316,1349,,,,,,,,,,,,,,,,,,,,,,,,,
,,忍込み,認知件数,9903,9552,7484,7916,5937,5135,4215,4625,4122,4784,,,,,,,,,,,,,,,,,,,,,,,,,
,,,検挙件数,6374,6234,4847,5508,4024,4491,2817,2360,2432,2316,,,,,,,,,,,,,,,,,,,,,,,,,
,,,検挙人員,516,516,447,418,405,360,344,339,297,294,,,,,,,,,,,,,,,,,,,,,,,,,
,,居空き,認知件数,2233,1918,1880,1436,1187,982,884,1002,830,684,,,,,,,,,,,,,,,,,,,,,,,,,
,,,検挙件数,1159,986,1224,845,698,715,531,574,511,374,,,,,,,,,,,,,,,,,,,,,,,,,
,,,検挙人員,264,259,256,204,224,201,179,174,175,176,,,,,,,,,,,,,,,,,,,,,,,,,
,うち金庫破り,,認知件数,1756,1924,1355,1313,908,681,739,837,741,743,,,,,,,,,,,,,,,,,,,,,,,,,
,,,検挙件数,1014,935,904,880,641,503,415,359,498,368,,,,,,,,,,,,,,,,,,,,,,,,,
,,,検挙人員,255,249,239,242,243,198,179,161,149,144,,,,,,,,,,,,,,,,,,,,,,,,,
,うち学校荒し,,認知件数,997,989,770,641,464,397,436,363,324,503,,,,,,,,,,,,,,,,,,,,,,,,,
,,,検挙件数,619,617,576,592,389,283,275,289,196,315,,,,,,,,,,,,,,,,,,,,,,,,,
,,,検挙人員,185,202,151,111,114,97,79,101,106,135,,,,,,,,,,,,,,,,,,,,,,,,,
,うち事務所荒し,,認知件数,7254,6864,5629,5349,3766,2931,2840,2849,2857,2647,,,,,,,,,,,,,,,,,,,,,,,,,
,,,検挙件数,4281,4027,3676,3405,2606,1956,1852,1775,1686,1512,,,,,,,,,,,,,,,,,,,,,,,,,
,,,検挙人員,679,702,603,535,513,459,445,470,443,459,,,,,,,,,,,,,,,,,,,,,,,,,
,うち出店荒し,,認知件数,9887,10061,8050,7070,5397,3958,4333,5073,4319,4222,,,,,,,,,,,,,,,,,,,,,,,,,
,,,検挙件数,6073,5367,5238,4973,4029,3567,3012,2944,3313,2562,,,,,,,,,,,,,,,,,,,,,,,,,
,,,検挙人員,935,935,833,780,730,660,662,734,739,662,,,,,,,,,,,,,,,,,,,,,,,,,
,うち倉庫荒し,,認知件数,6363,5487,4999,4684,3669,3594,3402,3923,4243,3987,,,,,,,,,,,,,,,,,,,,,,,,,
,,,検挙件数,3384,2889,3216,3118,2844,2564,2102,2563,2685,2570,,,,,,,,,,,,,,,,,,,,,,,,,
,,,検挙人員,828,824,819,708,637,649,614,605,613,617,,,,,,,,,,,,,,,,,,,,,,,,,
,,,,,,,,,,,,,,,,,,,,,,,,,,,,,,,,,,,,,,
図表：１－２－４－３（非侵入窃盗の認知・検挙状況）,,,,,,,,,,,,,,,,,,,,,,,,,,,,,,,,,,,,,,
,,年次,H28,H29,H30,R元,R2,R3,R4,R5,R6,R7,,,,,,,,,,,,,,,,,,,,,,,,,,
区分,,,,,,,,,,,,,,,,,,,,,,,,,,,,,,,,,,,,,,
非侵入窃盗,,認知件数(件),374497,346598,311597,287656,238173,225193,228793,259579,266730,273106,,,,,,,,,,,,,,,,,,,,,,,,,,
,,検挙件数(件),141876,141250,132730,126543,124797,120207,112977,118765,124675,132304,,,,,,,,,,,,,,,,,,,,,,,,,,
,,検挙人員(人),96188,91601,86477,80012,75811,73589,68478,73022,75647,79666,,,,,,,,,,,,,,,,,,,,,,,,,,
,うちひったくり,認知件数,3493,2894,1920,1553,877,544,716,551,567,479,,,,,,,,,,,,,,,,,,,,,,,,,,
,,検挙件数,1286,1860,1457,950,712,426,414,483,439,364,,,,,,,,,,,,,,,,,,,,,,,,,,
,,検挙人員,485,509,395,370,248,206,216,219,238,215,,,,,,,,,,,,,,,,,,,,,,,,,,
,うちすり,認知件数,3677,3524,3281,3141,1424,1110,1112,1443,1435,1590,,,,,,,,,,,,,,,,,,,,,,,,,,
,,検挙件数,1261,929,1018,844,690,739,521,577,473,580,,,,,,,,,,,,,,,,,,,,,,,,,,
,,検挙人員,689,553,604,539,415,287,345,358,360,319,,,,,,,,,,,,,,,,,,,,,,,,,,
,うち車上ねらい,認知件数,59974,54768,44969,37425,27978,23282,23289,24934,22934,22639,,,,,,,,,,,,,,,,,,,,,,,,,,
,,検挙件数,11650,13466,10953,10951,10300,8274,7741,7105,7214,6021,,,,,,,,,,,,,,,,,,,,,,,,,,
,,検挙人員,1464,1575,1556,1416,1300,1171,1138,1248,1287,1277,,,,,,,,,,,,,,,,,,,,,,,,,,
,うち部品ねらい,認知件数,28403,27353,20966,16585,13453,13047,13301,14310,14724,15216,,,,,,,,,,,,,,,,,,,,,,,,,,
,,検挙件数,3738,3311,3831,2647,2212,1639,1693,2299,2333,2194,,,,,,,,,,,,,,,,,,,,,,,,,,
,,検挙人員,706,625,512,497,497,434,417,449,409,428,,,,,,,,,,,,,,,,,,,,,,,,,,
,うち自動販売機ねらい,認知件数,11533,8486,6881,6608,3321,3004,2937,2608,2513,2708,,,,,,,,,,,,,,,,,,,,,,,,,,
,,検挙件数,2708,5068,2230,1669,2846,2072,1451,1375,943,1582,,,,,,,,,,,,,,,,,,,,,,,,,,
,,検挙人員,726,414,288,193,183,122,114,96,86,124,,,,,,,,,,,,,,,,,,,,,,,,,,
,うち万引き,認知件数,112702,108009,99692,93812,87280,86237,83598,93168,98292,105135,,,,,,,,,,,,,,,,,,,,,,,,,,
,,検挙件数,78131,75257,71330,65814,62609,63493,58283,62675,66983,72339,,,,,,,,,,,,,,,,,,,,,,,,,,
,,検挙人員,69879,66154,61061,55337,51622,50369,45826,49399,51588,55192,,,,,,,,,,,,,,,,,,,,,,,,,,
,うち置引き,認知件数,33754,30818,26736,22116,12773,9614,9308,10346,10149,9945,,,,,,,,,,,,,,,,,,,,,,,,,,
,,検挙件数,8235,7914,7773,6799,5082,3854,3504,3492,3469,3367,,,,,,,,,,,,,,,,,,,,,,,,,,
,,検挙人員,6299,6237,6007,5209,3941,3129,2733,2745,2665,2753,,,,,,,,,,,,,,,,,,,,,,,,,,
,,,,,,,,,,,,,,,,,,,,,,,,,,,,,,,,,,,,,,
図表：１－２－４－４（乗り物盗の認知・検挙状況）,,,,,,,,,,,,,,,,,,,,,,,,,,,,,,,,,,,,,,
,,年次,H28,H29,H30,R元,R2,R3,R4,R5,R6,R7,,,,,,,,,,,,,,,,,,,,,,,,,,
区分,,,,,,,,,,,,,,,,,,,,,,,,,,,,,,,,,,,,,,
乗り物盗,,認知件数(件),272174,235778,207799,187101,135025,119336,142530,179888,191741,193592,,,,,,,,,,,,,,,,,,,,,,,,,,
,,検挙件数(件),22990,21565,18577,17271,14054,12353,13006,15168,16489,16714,,,,,,,,,,,,,,,,,,,,,,,,,,
,,検挙人員(人),11948,10396,9331,8026,6982,5604,5860,7132,7501,7670,,,,,,,,,,,,,,,,,,,,,,,,,,
,自動車盗,認知件数,11655,10213,8628,7143,5210,5182,5734,5762,6080,6386,,,,,,,,,,,,,,,,,,,,,,,,,,
,,検挙件数,5713,5357,4248,3845,3006,2556,2612,2462,2683,2379,,,,,,,,,,,,,,,,,,,,,,,,,,
,,検挙人員,1100,1034,914,778,666,634,625,745,600,744,,,,,,,,,,,,,,,,,,,,,,,,,,
,オートバイ盗,認知件数,24304,20184,15292,11255,9018,7569,7913,9946,11641,14552,,,,,,,,,,,,,,,,,,,,,,,,,,
,,検挙件数,3690,3017,2652,2422,1489,1289,1458,1717,2127,2970,,,,,,,,,,,,,,,,,,,,,,,,,,
,,検挙人員,2246,1531,1203,841,888,727,720,971,1269,1456,,,,,,,,,,,,,,,,,,,,,,,,,,
,自転車盗,認知件数,236215,205381,183879,168703,120797,106585,128883,164180,174020,172654,,,,,,,,,,,,,,,,,,,,,,,,,,
,,検挙件数,13587,13191,11677,11004,9559,8508,8936,10989,11679,11365,,,,,,,,,,,,,,,,,,,,,,,,,,
,,検挙人員,8602,7831,7214,6407,5428,4243,4515,5416,5632,5470,,,,,,,,,,,,,,,,,,,,,,,,,,
,,,,,,,,,,,,,,,,,,,,,,,,,,,,,,,,,,,,,,
図表：１－２－５（知能犯の認知・検挙状況）,,,,,,,,,,,,,,,,,,,,,,,,,,,,,,,,,,,,,,
,,年次,H28,H29,H30,R元,R2,R3,R4,R5,R6,R7,,,,,,,,,,,,,,,,,,,,,,,,,,
区分,,,,,,,,,,,,,,,,,,,,,,,,,,,,,,,,,,,,,,
知能犯,,認知件数(件),45778,47009,42594,36031,34065,36663,41308,50035,61986,77473,,,,,,,,,,,,,,,,,,,,,,,,,,
,,検挙件数(件),22276,20965,19691,19096,18153,19154,18809,19559,19423,20803,,,,,,,,,,,,,,,,,,,,,,,,,,
,,検挙人員(人),12876,12422,12280,10965,10547,12483,12534,11967,11546,12111,,,,,,,,,,,,,,,,,,,,,,,,,,
,詐欺,認知件数,40990,42571,38513,32207,30468,33353,37928,46011,57324,72532,,,,,,,,,,,,,,,,,,,,,,,,,,
,,検挙件数,18582,17410,16486,15902,15270,16527,16084,16667,16175,17448,,,,,,,,,,,,,,,,,,,,,,,,,,
,,検挙人員,10360,9928,9959,8843,8326,10400,10507,9761,9025,9486,,,,,,,,,,,,,,,,,,,,,,,,,,
,横領,認知件数,1513,1413,1449,1397,1388,1282,1432,1916,2365,2518,,,,,,,,,,,,,,,,,,,,,,,,,,
,,検挙件数,1149,1142,1177,1056,1220,1079,1081,1317,1508,1608,,,,,,,,,,,,,,,,,,,,,,,,,,
,,検挙人員,1021,1084,1037,917,1081,937,937,1135,1328,1407,,,,,,,,,,,,,,,,,,,,,,,,,,
,偽造,認知件数,3176,2903,2526,2323,2090,1893,1790,1903,2096,2194,,,,,,,,,,,,,,,,,,,,,,,,,,
,,検挙件数,2467,2296,1927,2049,1558,1428,1516,1407,1585,1565,,,,,,,,,,,,,,,,,,,,,,,,,,
,,検挙人員,1379,1262,1157,1088,1023,991,929,885,995,1010,,,,,,,,,,,,,,,,,,,,,,,,,,
,汚職,認知件数,49,58,46,49,57,72,77,103,101,80,,,,,,,,,,,,,,,,,,,,,,,,,,
,,検挙件数,46,62,41,44,47,69,68,82,81,85,,,,,,,,,,,,,,,,,,,,,,,,,,
,,検挙人員,74,68,64,66,54,95,95,100,112,112,,,,,,,,,,,,,,,,,,,,,,,,,,
,あっせん利得処罰法,認知件数,0,0,0,0,0,0,1,0,0,0,,,,,,,,,,,,,,,,,,,,,,,,,,
,,検挙件数,0,0,0,0,0,0,1,0,0,0,,,,,,,,,,,,,,,,,,,,,,,,,,
,,検挙人員,0,0,0,0,0,0,2,0,0,0,,,,,,,,,,,,,,,,,,,,,,,,,,
,背任,認知件数,50,64,60,55,62,63,80,102,100,149,,,,,,,,,,,,,,,,,,,,,,,,,,
,,検挙件数,32,55,60,45,58,51,59,86,74,97,,,,,,,,,,,,,,,,,,,,,,,,,,
,,検挙人員,42,80,63,51,63,60,64,86,86,96,,,,,,,,,,,,,,,,,,,,,,,,,,
,,,,,,,,,,,,,,,,,,,,,,,,,,,,,,,,,,,,,,
図表：１－２－６（風俗犯の認知・検挙状況）,,,,,,,,,,,,,,,,,,,,,,,,,,,,,,,,,,,,,,
,,年次,H28,H29,H30,R元,R2,R3,R4,R5,R6,R7,,,,,,,,,,,,,,,,,,,,,,,,,,
区分,,,,,,,,,,,,,,,,,,,,,,,,,,,,,,,,,,,,,,
風俗犯,,認知件数(件),10385,9699,9112,8710,7723,7880,8133,11774,18465,20204,,,,,,,,,,,,,,,,,,,,,,,,,,
,,検挙件数(件),7311,7048,7091,6904,6549,6738,6648,8571,15168,17168,,,,,,,,,,,,,,,,,,,,,,,,,,
,,検挙人員(人),5817,5477,5643,5406,5202,5422,5432,6840,11074,12270,,,,,,,,,,,,,,,,,,,,,,,,,,
,賭博,認知件数,365,198,124,267,118,116,164,141,266,356,,,,,,,,,,,,,,,,,,,,,,,,,,
,,検挙件数,361,171,165,255,112,107,150,100,244,357,,,,,,,,,,,,,,,,,,,,,,,,,,
,,検挙人員,725,637,602,452,495,504,542,422,586,676,,,,,,,,,,,,,,,,,,,,,,,,,,
,不同意わいせつ,認知件数,6188,5809,5340,4900,4154,4283,4708,6096,6992,7193,,,,,,,,,,,,,,,,,,,,,,,,,,
,,検挙件数,4207,4320,4288,3999,3766,3868,4062,4813,5857,6059,,,,,,,,,,,,,,,,,,,,,,,,,,
,,検挙人員,2799,2837,2923,2926,2760,2903,3067,3804,4450,4732,,,,,,,,,,,,,,,,,,,,,,,,,,
,公然わいせつ,認知件数,2824,2721,2647,2569,2463,2431,2387,2326,2255,2258,,,,,,,,,,,,,,,,,,,,,,,,,,
,,検挙件数,1825,1723,1747,1770,1784,1846,1587,1703,1694,1687,,,,,,,,,,,,,,,,,,,,,,,,,,
,,検挙人員,1589,1440,1504,1464,1379,1452,1319,1325,1337,1363,,,,,,,,,,,,,,,,,,,,,,,,,,
,わいせつ物頒布等,認知件数,1008,971,1001,974,988,1050,874,628,364,274,,,,,,,,,,,,,,,,,,,,,,,,,,
,,検挙件数,918,834,891,880,887,917,849,640,372,234,,,,,,,,,,,,,,,,,,,,,,,,,,
,,検挙人員,704,563,614,564,568,563,504,345,216,138,,,,,,,,,,,,,,,,,,,,,,,,,,
,面会要求等,認知件数,－,－,－,－,－,－,－,45,152,161,,,,,,,,,,,,,,,,,,,,,,,,,,
,,検挙件数,－,－,－,－,－,－,－,19,134,128,,,,,,,,,,,,,,,,,,,,,,,,,,
,,検挙人員,－,－,－,－,－,－,－,8,56,65,,,,,,,,,,,,,,,,,,,,,,,,,,
,性的姿態撮影等処罰法,認知件数,－,－,－,－,－,－,－,2538,8436,9962,,,,,,,,,,,,,,,,,,,,,,,,,,
,,検挙件数,－,－,－,－,－,－,－,1296,6867,8703,,,,,,,,,,,,,,,,,,,,,,,,,,
,,検挙人員,－,－,－,－,－,－,－,936,4429,5296,,,,,,,,,,,,,,,,,,,,,,,,,,
※　面会要求等及び性的姿態撮影等処罰法は、令和５年７月13日施行,,,,,,,,,,,,,,,,,,,,,,,,,,,,,,,,,,,,,,
,,,,,,,,,,,,,,,,,,,,,,,,,,,,,,,,,,,,,,
図表：１－２－７（その他の刑法犯の認知・検挙状況）,,,,,,,,,,,,,,,,,,,,,,,,,,,,,,,,,,,,,,
,,年次,H28,H29,H30,R元,R2,R3,R4,R5,R6,R7,,,,,,,,,,,,,,,,,,,,,,,,,,
区分,,,,,,,,,,,,,,,,,,,,,,,,,,,,,,,,,,,,,,
その他の刑法犯,,認知件数(件),149636,137897,119452,109794,98879,87926,86841,93623,90941,93397,,,,,,,,,,,,,,,,,,,,,,,,,,
,,検挙件数(件),44543,41444,38397,35080,33764,30279,29350,31737,32809,33670,,,,,,,,,,,,,,,,,,,,,,,,,,
,,検挙人員(人),35678,32546,29823,27078,25970,22959,22549,24221,25120,25857,,,,,,,,,,,,,,,,,,,,,,,,,,
,うち占有離脱物横領,認知件数,22979,20408,18522,15857,14154,11746,12335,13879,14345,14738,,,,,,,,,,,,,,,,,,,,,,,,,,
,,検挙件数,19894,17533,15517,13009,11558,9056,8842,9485,9936,9520,,,,,,,,,,,,,,,,,,,,,,,,,,
,,検挙人員,19075,16771,14890,12359,10992,8680,8372,8929,9301,9009,,,,,,,,,,,,,,,,,,,,,,,,,,
,うち公務執行妨害,認知件数,2472,2416,2375,2303,2118,2094,2176,2217,2133,2182,,,,,,,,,,,,,,,,,,,,,,,,,,
,,検挙件数,2408,2339,2305,2261,2072,2036,2116,2090,2063,2085,,,,,,,,,,,,,,,,,,,,,,,,,,
,,検挙人員,1991,1922,1913,1866,1666,1597,1654,1604,1566,1612,,,,,,,,,,,,,,,,,,,,,,,,,,
,うち住居侵入,認知件数,15982,14911,13048,12853,11021,9780,9514,10627,10175,10910,,,,,,,,,,,,,,,,,,,,,,,,,,
,,検挙件数,7446,6925,6489,6332,6357,5678,5232,5454,5422,5656,,,,,,,,,,,,,,,,,,,,,,,,,,
,,検挙人員,4443,3891,3549,3456,3682,3425,3325,3474,3393,3553,,,,,,,,,,,,,,,,,,,,,,,,,,
,うち逮捕監禁,認知件数,295,294,255,268,265,271,259,282,293,343,,,,,,,,,,,,,,,,,,,,,,,,,,
,,検挙件数,279,274,230,259,257,252,253,233,257,283,,,,,,,,,,,,,,,,,,,,,,,,,,
,,検挙人員,378,359,289,398,400,366,325,355,327,345,,,,,,,,,,,,,,,,,,,,,,,,,,
,うち略取誘拐・人身売買,認知件数,228,239,304,293,337,389,390,526,588,606,,,,,,,,,,,,,,,,,,,,,,,,,,
,,検挙件数,201,234,283,268,335,365,369,473,556,566,,,,,,,,,,,,,,,,,,,,,,,,,,
,,検挙人員,185,186,257,235,266,376,377,473,485,536,,,,,,,,,,,,,,,,,,,,,,,,,,
,うち盗品等,認知件数,1495,1197,1021,889,875,733,722,974,971,1077,,,,,,,,,,,,,,,,,,,,,,,,,,
,,検挙件数,1389,1123,953,834,812,714,631,879,884,973,,,,,,,,,,,,,,,,,,,,,,,,,,
,,検挙人員,1228,999,864,745,709,607,534,728,716,851,,,,,,,,,,,,,,,,,,,,,,,,,,
,うち器物損壊等,認知件数,100440,92707,78371,71695,64089,56925,54750,56957,53668,53130,,,,,,,,,,,,,,,,,,,,,,,,,,
,,検挙件数,9543,9696,9138,8582,8576,8463,7879,8367,8106,7916,,,,,,,,,,,,,,,,,,,,,,,,,,
,,検挙人員,5381,5335,4993,4790,4922,4563,4520,4593,4671,4689,,,,,,,,,,,,,,,,,,,,,,,,,,
,,,,,,,,,,,,,,,,,,,,,,,,,,,,,,,,,,,,,,
図表:１－３－１（死傷者数、人口10万人当たり死傷者数）,,,,,,,,,,,,,,,,,,,,,,,,,,,,,,,,,,,,,,
               年次区分,,,H28,H29,H30,R元,R2,R3,R4,R5,R6,R7,,,,,,,,,,,,,,,,,,,,,,,,,,
,,,,,,,,,,,,,,,,,,,,,,,,,,,,,,,,,,,,,,
死傷者合計(人),,,28957,27490,26651,25123,22571,21602,23117,26149,26563,27823,,,,,,,,,,,,,,,,,,,,,,,,,,
,死者,,751,709,690,700,687,642,598,608,681,631,,,,,,,,,,,,,,,,,,,,,,,,,,
,,人口10万人当たり,0.6,0.6,0.5,0.6,0.5,0.5,0.5,0.5,0.6,0.5,,,,,,,,,,,,,,,,,,,,,,,,,,
,負傷者,,28206,26781,25961,24423,21884,20960,22519,25541,25882,27192,,,,,,,,,,,,,,,,,,,,,,,,,,
,,人口10万人当たり,22.2,21.1,20.5,19.3,17.3,16.7,18,20.5,20.9,22,,,,,,,,,,,,,,,,,,,,,,,,,,
,,,,,,,,,,,,,,,,,,,,,,,,,,,,,,,,,,,,,,
図表:１－３－２（男女別死傷者数）,,,,,,,,,,,,,,,,,,,,,,,,,,,,,,,,,,,,,,
　　　　　年次区分,,H28,H29,H30,R元,R2,R3,R4,R5,R6,R7,,,,,,,,,,,,,,,,,,,,,,,,,,,
,,,,,,,,,,,,,,,,,,,,,,,,,,,,,,,,,,,,,,
男性死傷者(人),,18372,17328,16552,15333,13832,13162,14352,16276,16555,17398,,,,,,,,,,,,,,,,,,,,,,,,,,,
,死者,463,429,404,408,395,408,346,357,393,366,,,,,,,,,,,,,,,,,,,,,,,,,,,
,重傷者,1908,1776,1720,1677,1630,1539,1697,1837,1894,2160,,,,,,,,,,,,,,,,,,,,,,,,,,,
,軽傷者,16001,15123,14428,13248,11807,11215,12309,14082,14268,14872,,,,,,,,,,,,,,,,,,,,,,,,,,,
女性死傷者,,10585,10162,10099,9790,8739,8440,8765,9873,10008,10425,,,,,,,,,,,,,,,,,,,,,,,,,,,
,死者,288,280,286,292,292,234,252,251,288,265,,,,,,,,,,,,,,,,,,,,,,,,,,,
,重傷者,888,868,955,887,781,806,914,992,989,1088,,,,,,,,,,,,,,,,,,,,,,,,,,,
,軽傷者,9409,9014,8858,8611,7666,7400,7599,8630,8731,9072,,,,,,,,,,,,,,,,,,,,,,,,,,,
,,,,,,,,,,,,,,,,,,,,,,,,,,,,,,,,,,,,,,
図表:１－３－３（男女・死傷理由罪種別死傷者数 R7),,,,,,,,,,,,,,,,,,,,,,,,,,,,,,,,,,,,,,
　　　　　 罪種区分,,殺人,業務上等過失致死傷,傷害,過失致死傷,放火,強盗,失火,遺棄,逮捕監禁,不同意性交等,不同意わいせつ,その他,,,,,,,,,,,,,,,,,,,,,,,,,
,,,,,,,,,,,,,,,,,,,,,,,,,,,,,,,,,,,,,,
男性死傷者(人),,492,404,15638,206,35,546,13,16,29,4,6,9,,17398,,,,,,,,,,,,,,,,,,,,,,,
,死者,109,167,40,9,14,6,6,13,2,0,0,0,,366,,,,,,,,,,,,,,,,,,,,,,,
,重傷者,158,132,1761,35,4,62,2,1,3,0,1,1,,2160,,,,,,,,,,,,,,,,,,,,,,,
,軽傷者,225,105,13837,162,17,478,5,2,24,4,5,8,,14872,,,,,,,,,,,,,,,,,,,,,,,
女性死傷者,,387,207,8887,276,25,192,3,18,23,213,192,2,,10425,,,,,,,,,,,,,,,,,,,,,,,
,死者,170,46,13,4,12,1,2,16,1,0,0,0,,265,,,,,,,,,,,,,,,,,,,,,,,
,重傷者,84,62,823,62,1,16,0,2,6,17,15,0,,1088,,,,,,,,,,,,,,,,,,,,,,,
,軽傷者,133,99,8051,210,12,175,1,0,16,196,177,2,,9072,,,,,,,,,,,,,,,,,,,,,,,
,,,,,,,,,,,,,,,,,,,,,,,,,,,,,,,,,,,,,,
図表:１－４－１（主な罪種別財産犯被害額）,,,,,,,,,,,,,,,,,,,,,,,,,,,,,,,,,,,,,,
,年次,H28,H29,H30,R元,R2,R3,R4,R5,R6,R7,,,,,,,,,,,,,,,,,,,,,,,,,,,
区分,,,,,,,,,,,,,,,,,,,,,,,,,,,,,,,,,,,,,,
窃盗被害額(億円),,706,666.6,579.7,633.2,501.6,474,585.3,725.8,789.3,775,,,,,,,,,,,,,,,,,,,,,,,,,,,
,うち現金被害額(億円),186.1,182.1,167.5,191.3,167.8,154.7,159.9,182.2,185.6,191.7,,,,,,,,,,,,,,,,,,,,,,,,,,,
詐欺被害額,,665.3,609.8,622.9,469.5,640.1,763,876.8,1625.8,3074.7,4029.5,,,,,,,,,,,,,,,,,,,,,,,,,,,
,うち現金被害額,639.3,570.8,463.4,426,592.5,707.7,779.9,1485.6,2293.2,3131.8,,,,,,,,,,,,,,,,,,,,,,,,,,,
その他財産犯被害額,,101.7,75.2,99.4,90.6,125.3,89.5,145.7,167.4,156.6,179.2,,,,,,,,,,,,,,,,,,,,,,,,,,,
,うち現金被害額,86.1,62.5,71.7,78.2,109.8,76.1,124.9,136.1,113.2,142.8,,,,,,,,,,,,,,,,,,,,,,,,,,,
※　「財産犯」とは、強盗、恐喝、窃盗、詐欺、横領及び占有離脱物横領をいう。,,,,,,,,,,,,,,,,,,,,,,,,,,,,,,,,,,,,,,
,,,,,,,,,,,,,,,,,,,,,,,,,,,,,,,,,,,,,,
図表：１－５－１（都道府県別刑法犯認知件数）,,,,,,,,,,,,,,,,,,,,,,,,,,,,,,,,,,,,,,
,,年次,H28,H29,H30,R元,R2,R3,R4,R5,R6,R7,,,,,,,,,,,,,,,,,,,,,,,,,,
都道府県,,,,,,,,,,,,,,,,,,,,,,,,,,,,,,,,,,,,,,
全国総数(件),,,996120,915042,817338,748559,614231,568104,601331,703351,737679,774142,,,,,,,,,,,,,,,,,,,,,,,,,,
,北海道,,32013,28160,25459,23607,18467,18429,19604,22232,22714,24150,,,,,,,,,,,,,,,,,,,,,,,,,,
,東北,計,45157,40502,37624,34383,29277,26636,27683,32640,33534,33788,,,,,,,,,,,,,,,,,,,,,,,,,,
,,青森,5050,4608,4060,3488,3409,3067,3462,4815,4358,4665,,,,,,,,,,,,,,,,,,,,,,,,,,
,,岩手,4223,3435,3458,3063,2553,2507,2655,2856,3319,3351,,,,,,,,,,,,,,,,,,,,,,,,,,
,,宮城,16466,14929,13755,12979,10193,9398,9897,11583,11385,11260,,,,,,,,,,,,,,,,,,,,,,,,,,
,,秋田,2947,2428,2460,2162,2382,1984,1871,2403,2576,2647,,,,,,,,,,,,,,,,,,,,,,,,,,
,,山形,4896,3975,3614,3275,3085,3053,2885,2980,3052,3191,,,,,,,,,,,,,,,,,,,,,,,,,,
,,福島,11575,11127,10277,9416,7655,6627,6913,8003,8844,8674,,,,,,,,,,,,,,,,,,,,,,,,,,
,東京,,134619,125251,114492,104664,82764,75288,78475,89098,94752,99349,,,,,,,,,,,,,,,,,,,,,,,,,,
,関東,計,290706,268444,243320,223344,183739,169332,177541,211480,220497,229782,,,,,,,,,,,,,,,,,,,,,,,,,,
,,茨城,26607,24809,22550,20312,16301,14277,15986,19767,21094,19273,,,,,,,,,,,,,,,,,,,,,,,,,,
,,栃木,13253,12767,11346,11155,9059,9027,8883,11932,12163,12780,,,,,,,,,,,,,,,,,,,,,,,,,,
,,群馬,14006,13105,12201,11699,9965,9079,10159,13326,14593,15283,,,,,,,,,,,,,,,,,,,,,,,,,,
,,埼玉,69456,63383,60001,55497,44485,40166,41983,49653,51667,53471,,,,,,,,,,,,,,,,,,,,,,,,,,
,,千葉,57277,52974,46698,41793,34685,32638,32728,37538,38394,39976,,,,,,,,,,,,,,,,,,,,,,,,,,
,,神奈川,58127,53628,46780,41780,35241,33252,36575,43846,45716,50059,,,,,,,,,,,,,,,,,,,,,,,,,,
,,新潟,14149,12757,11137,10743,8561,7746,7433,8672,9417,9707,,,,,,,,,,,,,,,,,,,,,,,,,,
,,山梨,5070,4617,4123,3985,3128,2748,2890,3365,3441,3292,,,,,,,,,,,,,,,,,,,,,,,,,,
,,長野,10664,9535,8825,8504,6944,5959,6635,7769,7673,8085,,,,,,,,,,,,,,,,,,,,,,,,,,
,,静岡,22097,20869,19659,17876,15370,14440,14269,15612,16339,17856,,,,,,,,,,,,,,,,,,,,,,,,,,
,中部,計,115214,107708,92324,85283,69802,65390,68984,80822,87278,94043,,,,,,,,,,,,,,,,,,,,,,,,,,
,,富山,5394,5330,4846,4508,4539,4546,3929,4501,4991,5337,,,,,,,,,,,,,,,,,,,,,,,,,,
,,石川,6202,5393,4722,4508,3595,3409,3842,4775,5384,5376,,,,,,,,,,,,,,,,,,,,,,,,,,
,,福井,3645,3231,3197,3132,2764,2714,2664,2840,2972,3276,,,,,,,,,,,,,,,,,,,,,,,,,,
,,岐阜,15607,14897,13232,12857,10447,9479,9654,11919,11973,12847,,,,,,,,,,,,,,,,,,,,,,,,,,
,,愛知,70254,65511,55080,49956,39897,37832,41248,46832,51025,56515,,,,,,,,,,,,,,,,,,,,,,,,,,
,,三重,14112,13346,11247,10322,8560,7410,7647,9955,10933,10692,,,,,,,,,,,,,,,,,,,,,,,,,,
,近畿,計,221038,200157,177191,157953,130160,117448,127922,146951,149705,155284,,,,,,,,,,,,,,,,,,,,,,,,,,
,,滋賀,9573,8737,7967,6771,6039,5814,6830,7771,8147,8669,,,,,,,,,,,,,,,,,,,,,,,,,,
,,京都,20479,18603,16821,15136,11851,10483,10578,11885,12059,12398,,,,,,,,,,,,,,,,,,,,,,,,,,
,,大阪,122136,107023,95558,84672,68351,62690,68807,80148,81403,84107,,,,,,,,,,,,,,,,,,,,,,,,,,
,,兵庫,53183,50821,44233,40395,34246,30003,33018,37267,37817,39899,,,,,,,,,,,,,,,,,,,,,,,,,,
,,奈良,9307,9052,7764,6616,5774,5148,5251,5852,6217,6265,,,,,,,,,,,,,,,,,,,,,,,,,,
,,和歌山,6360,5921,4848,4363,3899,3310,3438,4028,4062,3946,,,,,,,,,,,,,,,,,,,,,,,,,,
,中国,計,42653,38760,33980,33131,27445,26359,27850,31660,33509,35141,,,,,,,,,,,,,,,,,,,,,,,,,,
,,鳥取,2907,2604,2110,2029,1814,1923,2017,2100,2252,3045,,,,,,,,,,,,,,,,,,,,,,,,,,
,,島根,3047,2773,2631,2310,1936,1849,1834,1956,2086,2173,,,,,,,,,,,,,,,,,,,,,,,,,,
,,岡山,12740,11105,9509,9436,7832,7535,8007,9230,9726,10267,,,,,,,,,,,,,,,,,,,,,,,,,,
,,広島,17107,15982,14311,14160,11726,11181,12147,14188,14675,14735,,,,,,,,,,,,,,,,,,,,,,,,,,
,,山口,6852,6296,5419,5196,4137,3871,3845,4186,4770,4921,,,,,,,,,,,,,,,,,,,,,,,,,,
,四国,計,24596,23136,20994,19081,16109,14826,15122,18422,19272,20142,,,,,,,,,,,,,,,,,,,,,,,,,,
,,徳島,3953,3694,3094,3111,2414,2362,2256,2673,2952,3231,,,,,,,,,,,,,,,,,,,,,,,,,,
,,香川,6075,5600,5222,4962,4543,3801,4173,5761,5858,6334,,,,,,,,,,,,,,,,,,,,,,,,,,
,,愛媛,9776,9207,8626,7446,6433,5804,5970,6809,6937,6947,,,,,,,,,,,,,,,,,,,,,,,,,,
,,高知,4792,4635,4052,3562,2719,2859,2723,3179,3525,3630,,,,,,,,,,,,,,,,,,,,,,,,,,
,九州,計,90124,82924,71954,67113,56468,54396,58150,70046,76418,82463,,,,,,,,,,,,,,,,,,,,,,,,,,
,,福岡,46619,42126,36701,34520,27627,26337,28773,33284,37047,38577,,,,,,,,,,,,,,,,,,,,,,,,,,
,,佐賀,5089,4331,3581,3400,3069,2821,2861,3750,3978,4162,,,,,,,,,,,,,,,,,,,,,,,,,,
,,長崎,4659,4264,3622,3394,2799,3155,3244,3786,4009,4209,,,,,,,,,,,,,,,,,,,,,,,,,,
,,熊本,8923,8288,6932,6498,5081,5187,4944,6174,6722,7529,,,,,,,,,,,,,,,,,,,,,,,,,,
,,大分,4054,3958,3331,3018,3087,2887,2794,2993,3442,4151,,,,,,,,,,,,,,,,,,,,,,,,,,
,,宮崎,5346,4990,4205,3993,3694,3535,3645,4214,4276,4717,,,,,,,,,,,,,,,,,,,,,,,,,,
,,鹿児島,7352,6920,6704,5776,5113,4641,5113,6721,7366,8441,,,,,,,,,,,,,,,,,,,,,,,,,,
,,沖縄,8082,8047,6878,6514,5998,5833,6776,9124,9578,10677,,,,,,,,,,,,,,,,,,,,,,,,,,
,,,,,,,,,,,,,,,,,,,,,,,,,,,,,,,,,,,,,,
図表：１－５－２（都道府県別人口10万人当たり刑法犯認知件数）,,,,,,,,,,,,,,,,,,,,,,,,,,,,,,,,,,,,,,
,,年次,H28,H29,H30,R元,R2,R3,R4,R5,R6,R7,,,,,,,,,,,,,,,,,,,,,,,,,,
都道府県,,,,,,,,,,,,,,,,,,,,,,,,,,,,,,,,,,,,,,
全国総数(件),,,784.1,721,644.8,591.5,486.9,452.7,481.3,565.6,595.9,625.3,,,,,,,,,,,,,,,,,,,,,,,,,,
,北海道,,597.8,528.8,481,448.9,353.4,355.6,381.4,436.6,450.4,478.9,,,,,,,,,,,,,,,,,,,,,,,,,,
,東北,計,506.1,457.6,428.8,395.4,340,312.7,328.5,392.4,408.5,411.6,,,,,,,,,,,,,,,,,,,,,,,,,,
,,青森,390,359.4,320.2,278.4,275.4,251.2,287.5,406.7,374.1,400.4,,,,,,,,,,,,,,,,,,,,,,,,,,
,,岩手,333,273.9,278.9,249.8,210.8,209.6,224.8,245.6,289.9,292.7,,,,,,,,,,,,,,,,,,,,,,,,,,
,,宮城,706.1,641.8,592.9,561.4,442.8,410.4,434.1,511.6,506.5,500.9,,,,,,,,,,,,,,,,,,,,,,,,,,
,,秋田,291.5,243,249.7,222.4,248.1,209.9,201.2,262.9,287.2,295.1,,,,,,,,,,,,,,,,,,,,,,,,,,
,,山形,439.5,360.4,331,303.2,288.9,289.4,277.1,290.4,301.9,315.6,,,,,,,,,,,,,,,,,,,,,,,,,,
,,福島,608.3,590,549.9,508.4,417.6,365.7,386.2,452.9,507.4,497.6,,,,,,,,,,,,,,,,,,,,,,,,,,
,東京,,986.5,909.7,824.5,747.2,589.2,537.4,559,632.5,668.3,700.7,,,,,,,,,,,,,,,,,,,,,,,,,,
,関東,計,756.5,698.7,633.6,582,479.8,443.6,466.6,557.7,583.4,608,,,,,,,,,,,,,,,,,,,,,,,,,,
,,茨城,914.3,854.9,779.7,705.5,568.6,500.6,562.9,699.7,751.7,686.8,,,,,,,,,,,,,,,,,,,,,,,,,,
,,栃木,673.1,650.7,581,574.1,468.6,469.9,465.3,629,645.3,678,,,,,,,,,,,,,,,,,,,,,,,,,,
,,群馬,711.3,667.6,623.5,600.3,513.9,471.1,531.1,700.6,772.1,808.6,,,,,,,,,,,,,,,,,,,,,,,,,,
,,埼玉,953,867.4,819.1,755.9,605.7,547.2,572.2,677.3,704.7,729.3,,,,,,,,,,,,,,,,,,,,,,,,,,
,,千葉,917.6,846.5,744.4,665.2,552,520.1,522.3,599.9,614.2,639.5,,,,,,,,,,,,,,,,,,,,,,,,,,
,,神奈川,635.1,584.6,508.6,452.9,381.5,360,396.2,475.1,495.6,542.6,,,,,,,,,,,,,,,,,,,,,,,,,,
,,新潟,618.9,562.7,495.9,483,389,355.8,345.2,407.9,448.6,462.5,,,,,,,,,,,,,,,,,,,,,,,,,,
,,山梨,610.1,559,502.2,489,386.2,341.4,360.3,422.7,435,416.2,,,,,,,,,,,,,,,,,,,,,,,,,,
,,長野,510,458,425.7,412.6,339.1,293.1,328.5,387.7,386.2,406.9,,,,,,,,,,,,,,,,,,,,,,,,,,
,,静岡,598.8,566.9,536.1,489.4,423.1,400.2,398.4,439.2,463.3,506.3,,,,,,,,,,,,,,,,,,,,,,,,,,
,中部,計,803.6,751.9,645.3,597,490.7,462.3,490.3,577.5,627,675.5,,,,,,,,,,,,,,,,,,,,,,,,,,
,,富山,508.4,504.7,461.5,432.2,438.6,443.5,386.3,447,500.6,535.3,,,,,,,,,,,,,,,,,,,,,,,,,,
,,石川,538.8,469.8,412.4,395.8,317.3,303,343.6,430.6,490.3,489.6,,,,,,,,,,,,,,,,,,,,,,,,,,
,,福井,465.5,414.2,411.5,406.2,360.4,357.1,353.8,381.7,402.2,443.3,,,,,,,,,,,,,,,,,,,,,,,,,,
,,岐阜,771.1,740.4,661.3,645.4,527.9,483.4,496.1,617.2,624.9,670.5,,,,,,,,,,,,,,,,,,,,,,,,,,
,,愛知,935.6,870.2,730.4,661.1,529,503.3,550.3,626.3,684,757.6,,,,,,,,,,,,,,,,,,,,,,,,,,
,,三重,780.1,741,627.3,578.9,483.6,422,439,576.4,639,624.9,,,,,,,,,,,,,,,,,,,,,,,,,,
,近畿,計,1067.7,968.3,858.8,766.7,633.6,574.6,628.5,725.2,741.8,769.5,,,,,,,,,,,,,,,,,,,,,,,,,,
,,滋賀,677,617.9,563.4,478.2,427.1,412,484.7,552.3,581.1,618.3,,,,,,,,,,,,,,,,,,,,,,,,,,
,,京都,785.2,714.4,647.5,584,459.7,409.3,414.8,468.8,478.5,492,,,,,,,,,,,,,,,,,,,,,,,,,,
,,大阪,1381.5,1210.5,1081.2,957.6,773.4,711.9,783.5,914.6,929.6,960.5,,,,,,,,,,,,,,,,,,,,,,,,,,
,,兵庫,962.4,921.5,804.1,736.1,626.6,552.3,611.2,694,708.6,747.6,,,,,,,,,,,,,,,,,,,,,,,,,,
,,奈良,685.9,671,579,496.3,436.1,391.5,402.1,451.5,483.8,487.5,,,,,,,,,,,,,,,,,,,,,,,,,,
,,和歌山,665.3,624.6,515.7,468.6,422.4,362.1,380.7,451.6,461.6,448.4,,,,,,,,,,,,,,,,,,,,,,,,,,
,中国,計,575.5,525.3,462.9,453.8,378.3,366.2,390.2,447.8,478.8,502.1,,,,,,,,,,,,,,,,,,,,,,,,,,
,,鳥取,510,460.1,375.4,364.3,328,350.3,370.8,391.1,424.1,573.4,,,,,,,,,,,,,,,,,,,,,,,,,,
,,島根,441,403.6,385.8,341.2,288.5,278,278.7,300.9,324.9,338.5,,,,,,,,,,,,,,,,,,,,,,,,,,
,,岡山,664.6,581.1,499.4,497.4,414.8,401.7,430,499.7,531.2,560.7,,,,,,,,,,,,,,,,,,,,,,,,,,
,,広島,602.4,564.1,506.8,503.4,418.8,402.2,440.1,518.2,540.7,542.9,,,,,,,,,,,,,,,,,,,,,,,,,,
,,山口,491.5,455.6,395.8,382.9,308.3,291.5,292.8,322.5,372.4,384.2,,,,,,,,,,,,,,,,,,,,,,,,,,
,四国,計,643.7,609.8,557.9,511.4,435.7,405.2,417.7,514.9,545.3,569.9,,,,,,,,,,,,,,,,,,,,,,,,,,
,,徳島,527.1,496.5,420.4,427.3,335.3,331.7,320.5,384.6,430.9,471.7,,,,,,,,,,,,,,,,,,,,,,,,,,
,,香川,624.4,578.5,542.3,518,478.2,403.5,446.8,622.1,638.8,690.7,,,,,,,,,,,,,,,,,,,,,,,,,,
,,愛媛,709.9,673,635.7,553.2,481.9,439.4,457.1,527.4,543.7,544.4,,,,,,,,,,,,,,,,,,,,,,,,,,
,,高知,664.6,649.2,573.1,509.6,392.9,418,402.8,477.3,537.3,553.4,,,,,,,,,,,,,,,,,,,,,,,,,,
,九州,計,625,576.4,501.5,469.3,396.4,383.8,412.2,499.3,548,591.3,,,,,,,,,,,,,,,,,,,,,,,,,,
,,福岡,911.8,822.3,715.3,672.4,538,514,562.4,652.2,727.6,757.6,,,,,,,,,,,,,,,,,,,,,,,,,,
,,佐賀,613.9,525,436.2,416.2,378.4,350,357.2,471.7,504.8,528.2,,,,,,,,,,,,,,,,,,,,,,,,,,
,,長崎,340.8,314.7,270.1,255.8,213.3,243.3,252.8,298.8,320.2,336.2,,,,,,,,,,,,,,,,,,,,,,,,,,
,,熊本,502.7,469,394.1,371.5,292.3,300.2,287.8,361.3,396.1,443.7,,,,,,,,,,,,,,,,,,,,,,,,,,
,,大分,349.5,343.6,291.4,266.1,274.6,259.2,252.4,273.1,317.2,382.6,,,,,,,,,,,,,,,,,,,,,,,,,,
,,宮崎,487.3,457.4,387.9,370.8,345.2,333.2,346.5,404.4,413.9,456.6,,,,,,,,,,,,,,,,,,,,,,,,,,
,,鹿児島,449.1,425.6,415.4,360.5,322,294.5,327.1,433.9,480.8,551,,,,,,,,,,,,,,,,,,,,,,,,,,
,,沖縄,560.5,555.7,473,445.6,408.9,397.3,461.6,621.5,653.3,728.3,,,,,,,,,,,,,,,,,,,,,,,,,,
,,,,,,,,,,,,,,,,,,,,,,,,,,,,,,,,,,,,,,
図表：１－５－３（都道府県別刑法犯検挙件数）,,,,,,,,,,,,,,,,,,,,,,,,,,,,,,,,,,,,,,
,,年次,H28,H29,H30,R元,R2,R3,R4,R5,R6,R7,,,,,,,,,,,,,,,,,,,,,,,,,,
都道府県,,,,,,,,,,,,,,,,,,,,,,,,,,,,,,,,,,,,,,
全国総数(件),,,337066,327081,309409,294206,279185,264485,250350,269550,287273,301055,,,,,,,,,,,,,,,,,,,,,,,,,,
,北海道,,13033,12216,10777,11108,10035,10397,9530,10959,10974,12633,,,,,,,,,,,,,,,,,,,,,,,,,,
,東北,計,19045,18219,19020,17469,17136,15313,14245,15701,16303,16450,,,,,,,,,,,,,,,,,,,,,,,,,,
,,青森,2274,2454,2331,1987,2216,1966,1949,2546,2190,2046,,,,,,,,,,,,,,,,,,,,,,,,,,
,,岩手,1891,1843,1710,1850,1521,1634,1478,1534,1783,1660,,,,,,,,,,,,,,,,,,,,,,,,,,
,,宮城,5599,5326,6226,5295,5090,4402,4099,4789,5188,5026,,,,,,,,,,,,,,,,,,,,,,,,,,
,,秋田,2041,1904,1794,1706,1638,1486,1265,1632,1502,1548,,,,,,,,,,,,,,,,,,,,,,,,,,
,,山形,3156,3009,2618,2289,2587,2502,2105,1937,2135,2370,,,,,,,,,,,,,,,,,,,,,,,,,,
,,福島,4084,3683,4341,4342,4084,3323,3349,3263,3505,3800,,,,,,,,,,,,,,,,,,,,,,,,,,
,東京,,40091,37630,37579,34309,33521,30950,30587,31149,33961,35097,,,,,,,,,,,,,,,,,,,,,,,,,,
,関東,計,99593,96330,91856,87081,83154,78176,72761,76173,84589,88704,,,,,,,,,,,,,,,,,,,,,,,,,,
,,茨城,9216,8067,8181,7286,6182,5833,4988,5958,6192,7982,,,,,,,,,,,,,,,,,,,,,,,,,,
,,栃木,5180,4605,4787,4704,4787,3845,3762,3463,4294,3986,,,,,,,,,,,,,,,,,,,,,,,,,,
,,群馬,7004,6899,6110,5987,5465,5121,4962,5342,6617,7396,,,,,,,,,,,,,,,,,,,,,,,,,,
,,埼玉,18051,17776,18433,18750,17754,15902,15253,15795,16691,17178,,,,,,,,,,,,,,,,,,,,,,,,,,
,,千葉,15039,15945,14597,12883,12660,12359,11109,11806,13884,13702,,,,,,,,,,,,,,,,,,,,,,,,,,
,,神奈川,22964,22338,20062,17738,17496,17537,16567,16938,18684,19915,,,,,,,,,,,,,,,,,,,,,,,,,,
,,新潟,6154,6034,5527,5615,4977,4593,4155,4262,5161,5362,,,,,,,,,,,,,,,,,,,,,,,,,,
,,山梨,2032,1849,1918,1850,1660,1518,1278,1550,1383,1514,,,,,,,,,,,,,,,,,,,,,,,,,,
,,長野,4353,3953,4163,4154,4130,3401,3591,3605,3539,3534,,,,,,,,,,,,,,,,,,,,,,,,,,
,,静岡,9600,8864,8078,8114,8043,8067,7096,7454,8144,8135,,,,,,,,,,,,,,,,,,,,,,,,,,
,中部,計,38457,37616,35179,32585,31081,31518,28194,30914,32962,33916,,,,,,,,,,,,,,,,,,,,,,,,,,
,,富山,2368,2492,2640,2297,2741,3125,2610,2524,3142,3408,,,,,,,,,,,,,,,,,,,,,,,,,,
,,石川,2684,2409,2146,2246,2493,2421,2241,2638,3075,2598,,,,,,,,,,,,,,,,,,,,,,,,,,
,,福井,1905,1764,1786,2023,1960,2119,1799,1631,2295,2365,,,,,,,,,,,,,,,,,,,,,,,,,,
,,岐阜,4827,4624,4956,4795,4629,5495,4416,4729,4802,4619,,,,,,,,,,,,,,,,,,,,,,,,,,
,,愛知,22116,20610,18687,17395,15667,14937,14175,15582,16022,16604,,,,,,,,,,,,,,,,,,,,,,,,,,
,,三重,4557,5717,4964,3829,3591,3421,2953,3810,3626,4322,,,,,,,,,,,,,,,,,,,,,,,,,,
,近畿,計,57106,58383,53761,53429,48689,45859,45562,51019,52109,53354,,,,,,,,,,,,,,,,,,,,,,,,,,
,,滋賀,3341,3663,3340,2840,2511,2952,3021,3665,3231,3512,,,,,,,,,,,,,,,,,,,,,,,,,,
,,京都,6293,6158,5736,5212,5201,4917,4920,5560,5814,5971,,,,,,,,,,,,,,,,,,,,,,,,,,
,,大阪,23801,23306,21485,22074,19646,18547,18109,21402,21347,21365,,,,,,,,,,,,,,,,,,,,,,,,,,
,,兵庫,16486,16975,15872,16524,15600,13710,14504,14437,15421,16273,,,,,,,,,,,,,,,,,,,,,,,,,,
,,奈良,4524,5065,4437,4075,3599,3550,2986,3539,3669,3669,,,,,,,,,,,,,,,,,,,,,,,,,,
,,和歌山,2661,3216,2891,2704,2132,2183,2022,2416,2627,2564,,,,,,,,,,,,,,,,,,,,,,,,,,
,中国,計,18694,18151,16506,16489,15293,14685,14308,15083,15545,16356,,,,,,,,,,,,,,,,,,,,,,,,,,
,,鳥取,1796,1683,1412,1489,1355,1408,1449,1420,1465,1664,,,,,,,,,,,,,,,,,,,,,,,,,,
,,島根,1816,1737,1682,1482,1439,1365,1303,1422,1467,1473,,,,,,,,,,,,,,,,,,,,,,,,,,
,,岡山,5132,5076,4266,4185,3813,3821,3676,4033,3856,4471,,,,,,,,,,,,,,,,,,,,,,,,,,
,,広島,6792,6501,6182,6459,6104,5808,5498,5900,6328,6067,,,,,,,,,,,,,,,,,,,,,,,,,,
,,山口,3158,3154,2964,2874,2582,2283,2382,2308,2429,2681,,,,,,,,,,,,,,,,,,,,,,,,,,
,四国,計,11332,10471,10063,8981,8618,8034,8122,8758,9134,9316,,,,,,,,,,,,,,,,,,,,,,,,,,
,,徳島,2010,1826,1691,1654,1329,1068,1131,1150,1303,1452,,,,,,,,,,,,,,,,,,,,,,,,,,
,,香川,2985,2566,2646,2688,2653,2390,2271,2686,2745,2877,,,,,,,,,,,,,,,,,,,,,,,,,,
,,愛媛,4310,4394,4074,3094,3113,3045,3255,3366,3272,3155,,,,,,,,,,,,,,,,,,,,,,,,,,
,,高知,2027,1685,1652,1545,1523,1531,1465,1556,1814,1832,,,,,,,,,,,,,,,,,,,,,,,,,,
,九州,計,39715,38065,34668,32755,31658,29553,27041,29794,31696,35229,,,,,,,,,,,,,,,,,,,,,,,,,,
,,福岡,17849,16460,15114,14697,14736,12970,11488,12150,12922,13961,,,,,,,,,,,,,,,,,,,,,,,,,,
,,佐賀,2658,2527,2286,2145,2011,1980,1577,1852,2107,2212,,,,,,,,,,,,,,,,,,,,,,,,,,
,,長崎,2836,2921,2394,2204,1955,2013,1922,2184,2275,2485,,,,,,,,,,,,,,,,,,,,,,,,,,
,,熊本,4386,4053,3681,3468,3578,3306,2905,3252,3485,3664,,,,,,,,,,,,,,,,,,,,,,,,,,
,,大分,2290,2281,1885,1506,1526,1667,1526,1513,1698,2167,,,,,,,,,,,,,,,,,,,,,,,,,,
,,宮崎,2382,2385,2260,1909,1938,1792,1626,2033,1971,2176,,,,,,,,,,,,,,,,,,,,,,,,,,
,,鹿児島,3191,3014,3129,2963,2466,2498,2325,2735,2841,3459,,,,,,,,,,,,,,,,,,,,,,,,,,
,,沖縄,4123,4424,3919,3863,3448,3327,3672,4075,4397,5105,,,,,,,,,,,,,,,,,,,,,,,,,,
,,,,,,,,,,,,,,,,,,,,,,,,,,,,,,,,,,,,,,
図表：１－５－４（都道府県別刑法犯検挙人員）,,,,,,,,,,,,,,,,,,,,,,,,,,,,,,,,,,,,,,
,,年次,H28,H29,H30,R元,R2,R3,R4,R5,R6,R7,,,,,,,,,,,,,,,,,,,,,,,,,,
都道府県,,,,,,,,,,,,,,,,,,,,,,,,,,,,,,,,,,,,,,
全国総数(件),,,226376,215003,206094,192607,182582,175041,169409,183269,191826,200663,,,,,,,,,,,,,,,,,,,,,,,,,,
,北海道,,8460,8712,8786,8014,7077,7556,7588,8728,8864,9431,,,,,,,,,,,,,,,,,,,,,,,,,,
,東北,計,11760,11255,11045,10374,9978,9331,8975,9609,10329,10099,,,,,,,,,,,,,,,,,,,,,,,,,,
,,青森,1621,1538,1653,1382,1416,1264,1253,1413,1487,1478,,,,,,,,,,,,,,,,,,,,,,,,,,
,,岩手,1282,1272,1193,1150,1064,1057,955,1039,1128,1169,,,,,,,,,,,,,,,,,,,,,,,,,,
,,宮城,3209,3205,3205,3113,2872,2602,2680,2904,3196,3000,,,,,,,,,,,,,,,,,,,,,,,,,,
,,秋田,1364,1267,1186,984,1007,1002,861,904,1007,936,,,,,,,,,,,,,,,,,,,,,,,,,,
,,山形,1910,1699,1693,1514,1505,1402,1393,1303,1319,1377,,,,,,,,,,,,,,,,,,,,,,,,,,
,,福島,2374,2274,2115,2231,2114,2004,1833,2046,2192,2139,,,,,,,,,,,,,,,,,,,,,,,,,,
,東京,,31044,28530,28468,24902,23271,21026,20911,21968,23731,24587,,,,,,,,,,,,,,,,,,,,,,,,,,
,関東,計,65127,60314,56101,51692,50090,47465,44544,47758,50024,53403,,,,,,,,,,,,,,,,,,,,,,,,,,
,,茨城,4873,4909,4237,3562,3311,3107,3207,3374,3584,4194,,,,,,,,,,,,,,,,,,,,,,,,,,
,,栃木,2841,2673,2551,2289,2054,1975,2009,2169,2072,2173,,,,,,,,,,,,,,,,,,,,,,,,,,
,,群馬,4063,3758,3495,3318,3151,3036,2676,3065,3208,3294,,,,,,,,,,,,,,,,,,,,,,,,,,
,,埼玉,12739,12078,11877,11297,11253,10324,9573,9973,10054,10849,,,,,,,,,,,,,,,,,,,,,,,,,,
,,千葉,10158,8946,8464,7726,7868,7663,6700,7589,8178,8573,,,,,,,,,,,,,,,,,,,,,,,,,,
,,神奈川,16356,14431,12734,11128,11117,10564,10134,10712,11677,12241,,,,,,,,,,,,,,,,,,,,,,,,,,
,,新潟,3731,3667,3450,3182,2862,2629,2626,2695,2819,3146,,,,,,,,,,,,,,,,,,,,,,,,,,
,,山梨,1143,1132,1185,1123,1045,867,839,865,850,923,,,,,,,,,,,,,,,,,,,,,,,,,,
,,長野,2411,2391,2350,2184,1916,1812,1762,1888,1982,2102,,,,,,,,,,,,,,,,,,,,,,,,,,
,,静岡,6812,6329,5758,5883,5513,5488,5018,5428,5600,5908,,,,,,,,,,,,,,,,,,,,,,,,,,
,中部,計,23933,23231,22841,22587,21270,21279,19936,21783,22722,22789,,,,,,,,,,,,,,,,,,,,,,,,,,
,,富山,1584,1639,1664,1657,1702,1703,1681,1827,1859,1962,,,,,,,,,,,,,,,,,,,,,,,,,,
,,石川,1687,1472,1380,1428,1247,1397,1282,1519,1565,1550,,,,,,,,,,,,,,,,,,,,,,,,,,
,,福井,1153,1150,1117,1291,1263,1100,1051,1183,1290,1265,,,,,,,,,,,,,,,,,,,,,,,,,,
,,岐阜,2845,2775,2848,3038,2932,3015,2730,2840,3033,2980,,,,,,,,,,,,,,,,,,,,,,,,,,
,,愛知,14505,14002,13622,13235,12263,12218,11396,12298,12578,12641,,,,,,,,,,,,,,,,,,,,,,,,,,
,,三重,2159,2193,2210,1938,1863,1846,1796,2116,2397,2391,,,,,,,,,,,,,,,,,,,,,,,,,,
,近畿,計,40623,40120,38655,36354,34879,32838,33041,36976,37874,38878,,,,,,,,,,,,,,,,,,,,,,,,,,
,,滋賀,2172,2060,1952,1736,1807,1893,2146,2447,2397,2525,,,,,,,,,,,,,,,,,,,,,,,,,,
,,京都,4489,4505,4295,3720,3643,3567,3436,3857,4022,4096,,,,,,,,,,,,,,,,,,,,,,,,,,
,,大阪,17484,16970,15918,15561,14965,13626,13869,15766,15991,16594,,,,,,,,,,,,,,,,,,,,,,,,,,
,,兵庫,12145,12320,12455,11490,10950,10212,10159,10952,11236,11675,,,,,,,,,,,,,,,,,,,,,,,,,,
,,奈良,2415,2328,2326,2257,2040,2097,1991,2249,2457,2369,,,,,,,,,,,,,,,,,,,,,,,,,,
,,和歌山,1918,1937,1709,1590,1474,1443,1440,1705,1771,1619,,,,,,,,,,,,,,,,,,,,,,,,,,
,中国,計,12730,11906,11237,10978,10149,9973,9761,10023,10408,11339,,,,,,,,,,,,,,,,,,,,,,,,,,
,,鳥取,942,938,894,866,880,962,948,928,916,1114,,,,,,,,,,,,,,,,,,,,,,,,,,
,,島根,858,853,846,788,728,730,648,747,795,882,,,,,,,,,,,,,,,,,,,,,,,,,,
,,岡山,3782,3285,2933,2926,2641,2655,2700,2803,2763,2999,,,,,,,,,,,,,,,,,,,,,,,,,,
,,広島,4989,4655,4440,4493,4206,4036,3958,3963,4195,4337,,,,,,,,,,,,,,,,,,,,,,,,,,
,,山口,2159,2175,2124,1905,1694,1590,1507,1582,1739,2007,,,,,,,,,,,,,,,,,,,,,,,,,,
,四国,計,6586,5973,5826,5340,5028,4939,4774,4994,5346,5618,,,,,,,,,,,,,,,,,,,,,,,,,,
,,徳島,1103,1048,910,809,673,703,636,690,839,907,,,,,,,,,,,,,,,,,,,,,,,,,,
,,香川,1788,1633,1595,1536,1592,1519,1435,1650,1680,1722,,,,,,,,,,,,,,,,,,,,,,,,,,
,,愛媛,2632,2289,2401,2056,1899,1788,1757,1736,1797,1872,,,,,,,,,,,,,,,,,,,,,,,,,,
,,高知,1063,1003,920,939,864,929,946,918,1030,1117,,,,,,,,,,,,,,,,,,,,,,,,,,
,九州,計,26113,24962,23135,22366,20840,20634,19879,21430,22528,24519,,,,,,,,,,,,,,,,,,,,,,,,,,
,,福岡,10880,10475,9906,10198,9433,9108,8559,8923,9323,9884,,,,,,,,,,,,,,,,,,,,,,,,,,
,,佐賀,1531,1458,1281,1085,1112,1203,1087,1199,1386,1470,,,,,,,,,,,,,,,,,,,,,,,,,,
,,長崎,1866,1910,1760,1697,1492,1579,1515,1643,1716,1840,,,,,,,,,,,,,,,,,,,,,,,,,,
,,熊本,2944,2753,2595,2452,2173,2302,2150,2340,2547,2852,,,,,,,,,,,,,,,,,,,,,,,,,,
,,大分,1548,1516,1312,1094,1124,1149,1003,1083,1187,1408,,,,,,,,,,,,,,,,,,,,,,,,,,
,,宮崎,1642,1670,1553,1290,1213,1192,1224,1336,1301,1472,,,,,,,,,,,,,,,,,,,,,,,,,,
,,鹿児島,2330,1935,1722,1712,1657,1618,1614,1927,2015,2216,,,,,,,,,,,,,,,,,,,,,,,,,,
,,沖縄,3372,3245,3006,2838,2636,2483,2727,2979,3053,3377,,,,,,,,,,,,,,,,,,,,,,,,,,
,,,,,,,,,,,,,,,,,,,,,,,,,,,,,,,,,,,,,,
図表:２－１－０－１（重要犯罪認知・検挙状況）,,,,,,,,,,,,,,,,,,,,,,,,,,,,,,,,,,,,,,
,,年次,H28,H29,H30,R元,R2,R3,R4,R5,R6,R7,,,,,,,,,,,,,,,,,,,,,,,,,,
区分,,,,,,,,,,,,,,,,,,,,,,,,,,,,,,,,,,,,,,
重要犯罪,,認知件数(件),11546,10888,10544,9899,8935,8821,9535,12372,14614,15086,,,,,,,,,,,,,,,,,,,,,,,,,,
,,検挙件数(件),8843,8747,8908,8507,8369,8240,8353,10118,12641,13094,,,,,,,,,,,,,,,,,,,,,,,,,,
,,検挙人員(人),7236,7090,7373,7386,7317,7372,7422,9137,11235,11847,,,,,,,,,,,,,,,,,,,,,,,,,,
,,検挙率(%),76.6,80.3,84.5,85.9,93.7,93.4,87.6,81.8,86.5,86.8,,,,,,,,,,,,,,,,,,,,,,,,,,
,殺人,認知件数,895,920,915,950,929,874,853,912,970,976,,,,,,,,,,,,,,,,,,,,,,,,,,
,,検挙件数,901,930,886,945,913,883,817,872,937,961,,,,,,,,,,,,,,,,,,,,,,,,,,
,,検挙人員,816,874,836,924,878,848,785,808,923,895,,,,,,,,,,,,,,,,,,,,,,,,,,
,,検挙率,100.7,101.1,96.8,99.5,98.3,101,95.8,95.6,96.6,98.5,,,,,,,,,,,,,,,,,,,,,,,,,,
,強盗,認知件数,2332,1852,1787,1511,1397,1138,1148,1361,1370,1428,,,,,,,,,,,,,,,,,,,,,,,,,,
,,検挙件数,1878,1521,1559,1326,1358,1130,1060,1232,1267,1296,,,,,,,,,,,,,,,,,,,,,,,,,,
,,検挙人員,1984,1704,1732,1604,1654,1460,1322,1601,1780,1813,,,,,,,,,,,,,,,,,,,,,,,,,,
,,検挙率,80.5,82.1,87.2,87.8,97.2,99.3,92.3,90.5,92.5,90.8,,,,,,,,,,,,,,,,,,,,,,,,,,
,放火,認知件数,914,959,891,840,786,749,781,766,758,706,,,,,,,,,,,,,,,,,,,,,,,,,,
,,検挙件数,686,715,702,658,700,664,644,655,648,567,,,,,,,,,,,,,,,,,,,,,,,,,,
,,検挙人員,577,579,537,519,582,534,532,576,511,500,,,,,,,,,,,,,,,,,,,,,,,,,,
,,検挙率,75.1,74.6,78.8,78.3,89.1,88.7,82.5,85.5,85.5,80.3,,,,,,,,,,,,,,,,,,,,,,,,,,
,不同意性交等,認知件数,989,1109,1307,1405,1332,1388,1655,2711,3936,4177,,,,,,,,,,,,,,,,,,,,,,,,,,
,,検挙件数,970,1027,1190,1311,1297,1330,1401,2073,3376,3645,,,,,,,,,,,,,,,,,,,,,,,,,,
,,検挙人員,875,910,1088,1178,1177,1251,1339,1875,3086,3371,,,,,,,,,,,,,,,,,,,,,,,,,,
,,検挙率,98.1,92.6,91,93.3,97.4,95.8,84.7,76.5,85.8,87.3,,,,,,,,,,,,,,,,,,,,,,,,,,
,不同意わいせつ,認知件数,6188,5809,5340,4900,4154,4283,4708,6096,6992,7193,,,,,,,,,,,,,,,,,,,,,,,,,,
,,検挙件数,4207,4320,4288,3999,3766,3868,4062,4813,5857,6059,,,,,,,,,,,,,,,,,,,,,,,,,,
,,検挙人員,2799,2837,2923,2926,2760,2903,3067,3804,4450,4732,,,,,,,,,,,,,,,,,,,,,,,,,,
,,検挙率,68,74.4,80.3,81.6,90.7,90.3,86.3,79,83.8,84.2,,,,,,,,,,,,,,,,,,,,,,,,,,
,略取誘拐・人身売買,認知件数,228,239,304,293,337,389,390,526,588,606,,,,,,,,,,,,,,,,,,,,,,,,,,
,,検挙件数,201,234,283,268,335,365,369,473,556,566,,,,,,,,,,,,,,,,,,,,,,,,,,
,,検挙人員,185,186,257,235,266,376,377,473,485,536,,,,,,,,,,,,,,,,,,,,,,,,,,
,,検挙率,88.2,97.9,93.1,91.5,99.4,93.8,94.6,89.9,94.6,93.4,,,,,,,,,,,,,,,,,,,,,,,,,,
,,,,,,,,,,,,,,,,,,,,,,,,,,,,,,,,,,,,,,
図表:２－１－０－２（重要犯罪罪種・本件・余罪・主たる被疑者の特定の端緒（警察活動）別検挙件数　R7),,,,,,,,,,,,,,,,,,,,,,,,,,,,,,,,,,,,,,
,警察活動,合計,本件事件,,,,,余罪事件,,,,,,,,,,,,,,,,,,,,,,,,,,,,,,
区分,,,,防犯カメラ等の画像,職務質問,その他,該当なし,,防犯カメラ等の画像,取調べ,その他,該当なし,,,,,,,,,,,,,,,,,,,,,,,,,,
重要犯罪検挙件数（件）,,12864,11475,2290,445,6786,1954,1389,159,748,450,32,,,,,,,,,,,,,,,,,,,,,,,,,,
,殺人,901,852,87,39,526,200,49,5,33,9,2,,,,,,,,,,,,,,,,,,,,,,,,,,
,強盗,1286,1206,368,111,528,199,80,25,35,19,1,,,,,,,,,,,,,,,,,,,,,,,,,,
,放火,538,486,106,27,291,62,52,6,43,3,0,,,,,,,,,,,,,,,,,,,,,,,,,,
,不同意性交等,3592,3262,377,51,2281,553,330,13,173,132,12,,,,,,,,,,,,,,,,,,,,,,,,,,
,不同意わいせつ,5997,5158,1253,179,2839,887,839,103,446,274,16,,,,,,,,,,,,,,,,,,,,,,,,,,
,略取誘拐・人身売買,550,511,99,38,321,53,39,7,18,13,1,,,,,,,,,,,,,,,,,,,,,,,,,,
※　解決事件を除く。,,,,,,,,,,,,,,,,,,,,,,,,,,,,,,,,,,,,,,
※　「本件事件」とは、取調べを開始するまでにその被疑者が罪を犯したことを疑うに足りる相当の証拠を収集した事件をいい、,,,,,,,,,,,,,,,,,,,,,,,,,,,,,,,,,,,,,,
　「余罪事件」とは、本件事件以外をいう。以下同じ。,,,,,,,,,,,,,,,,,,,,,,,,,,,,,,,,,,,,,,
,,,,,,,,,,,,,,,,,,,,,,,,,,,,,,,,,,,,,,
図表：２－１－１－１（殺人認知・検挙状況、被害者数）,,,,,,,,,,,,,,,,,,,,,,,,,,,,,,,,,,,,,,
,年次,H28,H29,H30,R元,R2,R3,R4,R5,R6,R7,,,,,,,,,,,,,,,,,,,,,,,,,,,
区分,,,,,,,,,,,,,,,,,,,,,,,,,,,,,,,,,,,,,,
認知件数（件）,,895,920,915,950,929,874,853,912,970,976,,,,,,,,,,,,,,,,,,,,,,,,,,,
,既遂,338,291,337,312,318,279,276,281,286,284,,,,,,,,,,,,,,,,,,,,,,,,,,,
,未遂,557,629,578,638,611,595,577,631,684,692,,,,,,,,,,,,,,,,,,,,,,,,,,,
検挙件数（件）,,901,930,886,945,913,883,817,872,937,961,,,,,,,,,,,,,,,,,,,,,,,,,,,
検挙人員（人）,,816,874,836,924,878,848,785,808,923,895,,,,,,,,,,,,,,,,,,,,,,,,,,,
検挙率（％）,,100.7,101.1,96.8,99.5,98.3,101,95.8,95.6,96.6,98.5,,,,,,,,,,,,,,,,,,,,,,,,,,,
被害(死亡)者数(人),,362,306,334,319,318,285,289,285,283,279,,,,,,,,,,,,,,,,,,,,,,,,,,,
,男性,165,133,155,138,131,151,122,141,122,109,,,,,,,,,,,,,,,,,,,,,,,,,,,
,女性,197,173,179,181,187,134,167,144,161,170,,,,,,,,,,,,,,,,,,,,,,,,,,,
,,,,,,,,,,,,,,,,,,,,,,,,,,,,,,,,,,,,,,
図表：２－１－１－２（年齢層別殺人検挙人員、人口10万人当たり年齢層別殺人検挙人員）,,,,,,,,,,,,,,,,,,,,,,,,,,,,,,,,,,,,,,
,,年次,H28,H29,H30,R元,R2,R3,R4,R5,R6,R7,,,,,,,,,,,,,,,,,,,,,,,,,,
区分,,,,,,,,,,,,,,,,,,,,,,,,,,,,,,,,,,,,,,
検挙人員（人）,,,816,874,836,924,878,848,785,808,923,895,,,,,,,,,,,,,,,,,,,,,,,,,,
,14-19歳,,51,47,34,48,50,40,51,45,57,61,,,,,,,,,,,,,,,,,,,,,,,,,,
,,人口10万人当たり,0.7,0.7,0.5,0.7,0.7,0.6,0.8,0.7,0.9,0.9,,,,,,,,,,,,,,,,,,,,,,,,,,
,20-29歳,,145,163,169,187,176,220,171,168,211,206,,,,,,,,,,,,,,,,,,,,,,,,,,
,,人口10万人当たり,1.2,1.3,1.3,1.5,1.4,1.7,1.3,1.3,1.7,1.6,,,,,,,,,,,,,,,,,,,,,,,,,,
,30-39歳,,174,195,151,187,157,153,170,155,189,172,,,,,,,,,,,,,,,,,,,,,,,,,,
,,人口10万人当たり,1.1,1.3,1,1.3,1.1,1.1,1.2,1.2,1.4,1.3,,,,,,,,,,,,,,,,,,,,,,,,,,
,40-49歳,,149,167,177,192,171,155,133,134,157,149,,,,,,,,,,,,,,,,,,,,,,,,,,
,,人口10万人当たり,0.8,0.9,0.9,1,0.9,0.9,0.8,0.8,1,0.9,,,,,,,,,,,,,,,,,,,,,,,,,,
,50-59歳,,100,119,104,106,143,125,116,124,124,119,,,,,,,,,,,,,,,,,,,,,,,,,,
,,人口10万人当たり,0.6,0.8,0.6,0.6,0.9,0.7,0.7,0.7,0.7,0.7,,,,,,,,,,,,,,,,,,,,,,,,,,
,60-69歳,,100,87,111,83,68,59,59,70,81,58,,,,,,,,,,,,,,,,,,,,,,,,,,
,,人口10万人当たり,0.5,0.5,0.7,0.5,0.4,0.4,0.4,0.5,0.5,0.4,,,,,,,,,,,,,,,,,,,,,,,,,,
,70歳以上,,97,96,90,121,113,96,85,112,104,130,,,,,,,,,,,,,,,,,,,,,,,,,,
,,人口10万人当たり,0.4,0.4,0.3,0.4,0.4,0.3,0.3,0.4,0.4,0.4,,,,,,,,,,,,,,,,,,,,,,,,,,
,,,,,,,,,,,,,,,,,,,,,,,,,,,,,,,,,,,,,,
図表：２－１－１－３（既遂・未遂、被疑者と被害者の関係別殺人検挙件数）,,,,,,,,,,,,,,,,,,,,,,,,,,,,,,,,,,,,,,
,,,年次,H28,H29,H30,R元,R2,R3,R4,R5,R6,R7,,,,,,,,,,,,,,,,,,,,,,,,,
区分,,,,,,,,,,,,,,,,,,,,,,,,,,,,,,,,,,,,,,
既遂検挙件数(件),,,,256,243,263,248,250,231,203,226,220,240,,,,,,,,,,,,,,,,,,,,,,,,,
,面識あり,,,237,224,228,233,230,210,181,204,196,210,,,,,,,,,,,,,,,,,,,,,,,,,
,,親族,,149,143,139,152,129,127,104,111,110,127,,,,,,,,,,,,,,,,,,,,,,,,,
,,,配偶者 ,49,47,41,53,34,37,31,26,33,35,,,,,,,,,,,,,,,,,,,,,,,,,
,,,親,39,47,45,45,47,47,36,48,40,43,,,,,,,,,,,,,,,,,,,,,,,,,
,,,子,40,30,30,31,34,22,21,23,19,31,,,,,,,,,,,,,,,,,,,,,,,,,
,,,兄弟姉妹,10,9,13,12,10,10,6,9,10,13,,,,,,,,,,,,,,,,,,,,,,,,,
,,,その他の親族,11,10,10,11,4,11,10,5,8,5,,,,,,,,,,,,,,,,,,,,,,,,,
,,元配偶者,,-,-,-,-,0,4,2,2,3,2,,,,,,,,,,,,,,,,,,,,,,,,,
,,交際相手,,-,-,-,-,29,16,21,24,22,19,,,,,,,,,,,,,,,,,,,,,,,,,
,,知人、友人,,61,48,53,55,33,42,27,36,32,35,,,,,,,,,,,,,,,,,,,,,,,,,
,,職場関係者,,9,9,10,7,19,10,8,7,15,10,,,,,,,,,,,,,,,,,,,,,,,,,
,,その他,,18,24,26,19,20,11,19,24,14,17,,,,,,,,,,,,,,,,,,,,,,,,,
,面識なし,,,14,13,25,9,15,16,15,13,15,19,,,,,,,,,,,,,,,,,,,,,,,,,
,被害者なし,,,5,6,10,6,5,5,7,9,9,11,,,,,,,,,,,,,,,,,,,,,,,,,
未遂検挙件数,,,,554,603,556,626,574,577,551,588,641,661,,,,,,,,,,,,,,,,,,,,,,,,,
,面識あり,,,476,516,465,553,489,472,455,491,531,537,,,,,,,,,,,,,,,,,,,,,,,,,
,,親族,,291,275,279,323,259,245,233,218,266,272,,,,,,,,,,,,,,,,,,,,,,,,,
,,,配偶者,109,110,112,105,90,85,77,80,87,76,,,,,,,,,,,,,,,,,,,,,,,,,
,,,親,75,74,69,86,69,68,72,63,83,93,,,,,,,,,,,,,,,,,,,,,,,,,
,,,子,63,52,63,76,57,46,38,36,57,52,,,,,,,,,,,,,,,,,,,,,,,,,
,,,兄弟姉妹,27,27,23,35,31,32,34,21,27,36,,,,,,,,,,,,,,,,,,,,,,,,,
,,,その他の親族,17,12,12,21,12,14,12,18,12,15,,,,,,,,,,,,,,,,,,,,,,,,,
,,元配偶者,,-,-,-,-,8,6,6,5,11,14,,,,,,,,,,,,,,,,,,,,,,,,,
,,交際相手,,-,-,-,-,57,67,70,77,75,78,,,,,,,,,,,,,,,,,,,,,,,,,
,,知人、友人,,118,149,113,134,81,70,71,105,84,92,,,,,,,,,,,,,,,,,,,,,,,,,
,,職場関係者,,21,34,24,36,38,35,28,40,49,45,,,,,,,,,,,,,,,,,,,,,,,,,
,,その他,,46,58,49,60,46,49,47,46,46,36,,,,,,,,,,,,,,,,,,,,,,,,,
,面識なし,,,78,87,91,73,85,105,96,97,110,124,,,,,,,,,,,,,,,,,,,,,,,,,
※　解決事件を除く。,,,,,,,,,,,,,,,,,,,,,,,,,,,,,,,,,,,,,,
※　「被疑者と被害者の関係」とは、被疑者からみた被害者との関係をいう。以下同じ。,,,,,,,,,,,,,,,,,,,,,,,,,,,,,,,,,,,,,,
※　「被害者なし」とは、殺人予備罪のうち被害者が特定されないものをいう。,,,,,,,,,,,,,,,,,,,,,,,,,,,,,,,,,,,,,,
※　「元配偶者」及び「交際相手」は令和２年から計上開始。内縁関係にある者は、令和元年までは,,,,,,,,,,,,,,,,,,,,,,,,,,,,,,,,,,,,,,
,「配偶者」、令和２年からは「交際相手」に含む。以下同じ。,,,,,,,,,,,,,,,,,,,,,,,,,,,,,,,,,,,,,
,,,,,,,,,,,,,,,,,,,,,,,,,,,,,,,,,,,,,,
図表：２－１－２－１（強盗認知・検挙状況）,,,,,,,,,,,,,,,,,,,,,,,,,,,,,,,,,,,,,,
,,年次,H28,H29,H30,R元,R2,R3,R4,R5,R6,R7,,,,,,,,,,,,,,,,,,,,,,,,,,
区分,,,,,,,,,,,,,,,,,,,,,,,,,,,,,,,,,,,,,,
認知件数（件）,,,2332,1852,1787,1511,1397,1138,1148,1361,1370,1428,,,,,,,,,,,,,,,,,,,,,,,,,,
,侵入強盗,,811,588,576,461,401,297,290,414,357,349,,,,,,,,,,,,,,,,,,,,,,,,,,
,,金融機関強盗,27,26,17,13,11,9,17,11,10,2,,,,,,,,,,,,,,,,,,,,,,,,,,
,,住宅強盗,175,147,153,147,151,97,116,131,114,128,,,,,,,,,,,,,,,,,,,,,,,,,,
,,コンビニ強盗,384,245,245,167,122,106,74,136,119,104,,,,,,,,,,,,,,,,,,,,,,,,,,
,,その他の店舗強盗,163,120,96,87,84,46,46,71,64,55,,,,,,,,,,,,,,,,,,,,,,,,,,
,,侵入強盗その他,62,50,65,47,33,39,37,65,50,60,,,,,,,,,,,,,,,,,,,,,,,,,,
,非侵入強盗,,1521,1264,1211,1050,996,841,858,947,1013,1079,,,,,,,,,,,,,,,,,,,,,,,,,,
,,途中強盗,12,5,7,5,5,3,3,6,3,4,,,,,,,,,,,,,,,,,,,,,,,,,,
,,タクシー強盗,116,94,94,90,79,61,71,56,78,82,,,,,,,,,,,,,,,,,,,,,,,,,,
,,自動車強盗,30,26,15,22,20,21,21,34,24,36,,,,,,,,,,,,,,,,,,,,,,,,,,
,,路上強盗,580,504,401,320,297,238,225,232,324,272,,,,,,,,,,,,,,,,,,,,,,,,,,
,,非侵入強盗その他,783,635,694,613,595,518,538,619,584,685,,,,,,,,,,,,,,,,,,,,,,,,,,
検挙件数(件),,,1878,1521,1559,1326,1358,1130,1060,1232,1267,1296,,,,,,,,,,,,,,,,,,,,,,,,,,
,侵入強盗,,624,507,498,402,405,296,280,379,341,314,,,,,,,,,,,,,,,,,,,,,,,,,,
,,金融機関強盗,26,24,16,12,13,9,17,10,9,2,,,,,,,,,,,,,,,,,,,,,,,,,,
,,住宅強盗,136,138,113,125,150,95,107,115,112,100,,,,,,,,,,,,,,,,,,,,,,,,,,
,,コンビニ強盗,300,192,221,145,121,105,77,129,115,103,,,,,,,,,,,,,,,,,,,,,,,,,,
,,その他の店舗強盗,119,103,93,77,84,49,47,70,56,53,,,,,,,,,,,,,,,,,,,,,,,,,,
,,侵入強盗その他,43,50,55,43,37,38,32,55,49,56,,,,,,,,,,,,,,,,,,,,,,,,,,
,非侵入強盗,,1254,1014,1061,924,953,834,780,853,926,982,,,,,,,,,,,,,,,,,,,,,,,,,,
,,途中強盗,8,9,5,4,4,4,1,7,2,6,,,,,,,,,,,,,,,,,,,,,,,,,,
,,タクシー強盗,110,90,89,87,76,67,65,56,82,76,,,,,,,,,,,,,,,,,,,,,,,,,,
,,自動車強盗,24,24,10,20,14,19,19,31,20,31,,,,,,,,,,,,,,,,,,,,,,,,,,
,,路上強盗,390,294,300,237,264,244,188,189,262,255,,,,,,,,,,,,,,,,,,,,,,,,,,
,,非侵入強盗その他,722,597,657,576,595,500,507,570,560,614,,,,,,,,,,,,,,,,,,,,,,,,,,
検挙人員(人),,,1984,1704,1732,1604,1654,1460,1322,1601,1780,1813,,,,,,,,,,,,,,,,,,,,,,,,,,
,侵入強盗,,612,588,545,475,543,426,354,522,481,422,,,,,,,,,,,,,,,,,,,,,,,,,,
,,金融機関強盗,26,23,14,11,12,9,15,9,8,3,,,,,,,,,,,,,,,,,,,,,,,,,,
,,住宅強盗,167,187,162,182,276,188,176,209,208,164,,,,,,,,,,,,,,,,,,,,,,,,,,
,,コンビニ強盗,232,179,179,134,106,101,74,110,102,93,,,,,,,,,,,,,,,,,,,,,,,,,,
,,その他の店舗強盗,125,133,108,96,104,66,40,109,95,70,,,,,,,,,,,,,,,,,,,,,,,,,,
,,侵入強盗その他,62,66,82,52,45,62,49,85,68,92,,,,,,,,,,,,,,,,,,,,,,,,,,
,非侵入強盗,,1372,1116,1187,1129,1111,1034,968,1079,1299,1391,,,,,,,,,,,,,,,,,,,,,,,,,,
,,途中強盗,19,26,14,8,6,5,2,16,3,11,,,,,,,,,,,,,,,,,,,,,,,,,,
,,タクシー強盗,101,79,88,80,71,65,70,53,81,74,,,,,,,,,,,,,,,,,,,,,,,,,,
,,自動車強盗,24,29,12,18,18,31,22,39,29,46,,,,,,,,,,,,,,,,,,,,,,,,,,
,,路上強盗,478,348,375,361,350,322,272,292,436,439,,,,,,,,,,,,,,,,,,,,,,,,,,
,,非侵入強盗その他,750,634,698,662,666,611,602,679,750,821,,,,,,,,,,,,,,,,,,,,,,,,,,
検挙率(％),,,80.5,82.1,87.2,87.8,97.2,99.3,92.3,90.5,92.5,90.8,,,,,,,,,,,,,,,,,,,,,,,,,,
,侵入強盗,,76.9,86.2,86.5,87.2,101,99.7,96.6,91.5,95.5,90,,,,,,,,,,,,,,,,,,,,,,,,,,
,,金融機関強盗,96.3,92.3,94.1,92.3,118.2,100,100,90.9,90,100,,,,,,,,,,,,,,,,,,,,,,,,,,
,,住宅強盗,77.7,93.9,73.9,85,99.3,97.9,92.2,87.8,98.2,78.1,,,,,,,,,,,,,,,,,,,,,,,,,,
,,コンビニ強盗,78.1,78.4,90.2,86.8,99.2,99.1,104.1,94.9,96.6,99,,,,,,,,,,,,,,,,,,,,,,,,,,
,,その他の店舗強盗,73,85.8,96.9,88.5,100,106.5,102.2,98.6,87.5,96.4,,,,,,,,,,,,,,,,,,,,,,,,,,
,,侵入強盗その他,69.4,100,84.6,91.5,112.1,97.4,86.5,84.6,98,93.3,,,,,,,,,,,,,,,,,,,,,,,,,,
,非侵入強盗,,82.4,80.2,87.6,88,95.7,99.2,90.9,90.1,91.4,91,,,,,,,,,,,,,,,,,,,,,,,,,,
,,途中強盗,66.7,180,71.4,80,80,133.3,33.3,116.7,66.7,150,,,,,,,,,,,,,,,,,,,,,,,,,,
,,タクシー強盗,94.8,95.7,94.7,96.7,96.2,109.8,91.5,100,105.1,92.7,,,,,,,,,,,,,,,,,,,,,,,,,,
,,自動車強盗,80,92.3,66.7,90.9,70,90.5,90.5,91.2,83.3,86.1,,,,,,,,,,,,,,,,,,,,,,,,,,
,,路上強盗,67.2,58.3,74.8,74.1,88.9,102.5,83.6,81.5,80.9,93.8,,,,,,,,,,,,,,,,,,,,,,,,,,
,,非侵入強盗その他,92.2,94,94.7,94,100,96.5,94.2,92.1,95.9,89.6,,,,,,,,,,,,,,,,,,,,,,,,,,
,,,,,,,,,,,,,,,,,,,,,,,,,,,,,,,,,,,,,,
図表：２－１－２－２（強盗に伴う身体犯の認知件数）,,,,,,,,,,,,,,,,,,,,,,,,,,,,,,,,,,,,,,
,,年次,H28,H29,H30,R元,R2,R3,R4,R5,R6,R7,,,,,,,,,,,,,,,,,,,,,,,,,,
区分,,,,,,,,,,,,,,,,,,,,,,,,,,,,,,,,,,,,,,
認知件数(件),,,2332,1852,1787,1511,1397,1138,1148,1361,1370,1428,,,,,,,,,,,,,,,,,,,,,,,,,,
,うち強盗に伴う身体犯の認知件数,,846,749,728,703,644,505,553,649,684,720,,,,,,,,,,,,,,,,,,,,,,,,,,
,,強盗殺人・致死,17,20,25,21,16,19,14,22,19,18,,,,,,,,,,,,,,,,,,,,,,,,,,
,,強盗傷人,809,701,667,649,585,462,511,611,627,684,,,,,,,,,,,,,,,,,,,,,,,,,,
,,強盗・不同意性交等,20,28,36,33,43,24,28,16,38,18,,,,,,,,,,,,,,,,,,,,,,,,,,
※　「強盗に伴う身体犯」とは、強盗殺人・致死、強盗傷人及び強盗・不同意性交等をいう。,,,,,,,,,,,,,,,,,,,,,,,,,,,,,,,,,,,,,,
,,,,,,,,,,,,,,,,,,,,,,,,,,,,,,,,,,,,,,
図表：２－１－２－３（年齢層別強盗検挙人員、人口10万人当たり年齢層別強盗検挙人員）,,,,,,,,,,,,,,,,,,,,,,,,,,,,,,,,,,,,,,
,,年次,H28,H29,H30,R元,R2,R3,R4,R5,R6,R7,,,,,,,,,,,,,,,,,,,,,,,,,,
区分,,,,,,,,,,,,,,,,,,,,,,,,,,,,,,,,,,,,,,
検挙人員（人）,,,1984,1704,1732,1604,1654,1460,1322,1601,1780,1813,,,,,,,,,,,,,,,,,,,,,,,,,,
,14-19歳,,340,269,269,270,341,235,245,341,481,513,,,,,,,,,,,,,,,,,,,,,,,,,,
,,人口10万人当たり,4.7,3.8,3.8,3.9,5,3.5,3.7,5.2,7.4,7.9,,,,,,,,,,,,,,,,,,,,,,,,,,
,20-29歳,,578,494,505,504,531,509,403,497,542,535,,,,,,,,,,,,,,,,,,,,,,,,,,
,,人口10万人当たり,4.6,3.9,4,4,4.2,4,3.2,3.9,4.2,4.2,,,,,,,,,,,,,,,,,,,,,,,,,,
,30-39歳,,381,331,328,265,260,255,194,243,224,250,,,,,,,,,,,,,,,,,,,,,,,,,,
,,人口10万人当たり,2.5,2.2,2.2,1.8,1.8,1.8,1.4,1.8,1.7,1.9,,,,,,,,,,,,,,,,,,,,,,,,,,
,40-49歳,,295,229,269,222,213,163,177,166,186,192,,,,,,,,,,,,,,,,,,,,,,,,,,
,,人口10万人当たり,1.6,1.2,1.4,1.2,1.2,0.9,1,1,1.1,1.2,,,,,,,,,,,,,,,,,,,,,,,,,,
,50-59歳,,185,174,181,166,146,119,161,168,169,162,,,,,,,,,,,,,,,,,,,,,,,,,,
,,人口10万人当たり,1.2,1.1,1.1,1,0.9,0.7,0.9,0.9,0.9,0.9,,,,,,,,,,,,,,,,,,,,,,,,,,
,60-69歳,,137,126,112,107,86,104,69,100,85,87,,,,,,,,,,,,,,,,,,,,,,,,,,
,,人口10万人当たり,0.7,0.7,0.7,0.7,0.5,0.7,0.5,0.7,0.6,0.6,,,,,,,,,,,,,,,,,,,,,,,,,,
,70歳以上,,68,81,68,70,77,75,73,86,93,74,,,,,,,,,,,,,,,,,,,,,,,,,,
,,人口10万人当たり,0.3,0.3,0.3,0.3,0.3,0.3,0.3,0.3,0.3,0.3,,,,,,,,,,,,,,,,,,,,,,,,,,
,,,,,,,,,,,,,,,,,,,,,,,,,,,,,,,,,,,,,,
図表：２－１－３－１（放火認知・検挙状況）,,,,,,,,,,,,,,,,,,,,,,,,,,,,,,,,,,,,,,
,年次,H28,H29,H30,R元,R2,R3,R4,R5,R6,R7,,,,,,,,,,,,,,,,,,,,,,,,,,,
区分,,,,,,,,,,,,,,,,,,,,,,,,,,,,,,,,,,,,,,
認知件数（件）,,914,959,891,840,786,749,781,766,758,706,,,,,,,,,,,,,,,,,,,,,,,,,,,
検挙件数（件）,,686,715,702,658,700,664,644,655,648,567,,,,,,,,,,,,,,,,,,,,,,,,,,,
検挙人員（人）,,577,579,537,519,582,534,532,576,511,500,,,,,,,,,,,,,,,,,,,,,,,,,,,
検挙率（％）,,75.1,74.6,78.8,78.3,89.1,88.7,82.5,85.5,85.5,80.3,,,,,,,,,,,,,,,,,,,,,,,,,,,
,,,,,,,,,,,,,,,,,,,,,,,,,,,,,,,,,,,,,,
図表：２－１－３－２（年齢層別放火検挙人員、人口10万人当たり年齢層別放火検挙人員）,,,,,,,,,,,,,,,,,,,,,,,,,,,,,,,,,,,,,,
,,年次,H28,H29,H30,R元,R2,R3,R4,R5,R6,R7,,,,,,,,,,,,,,,,,,,,,,,,,,
区分,,,,,,,,,,,,,,,,,,,,,,,,,,,,,,,,,,,,,,
検挙人員（人）,,,577,579,537,519,582,534,532,576,511,500,,,,,,,,,,,,,,,,,,,,,,,,,,
,14-19歳,,54,46,37,31,34,30,40,45,31,29,,,,,,,,,,,,,,,,,,,,,,,,,,
,,人口10万人当たり,0.8,0.6,0.5,0.4,0.5,0.5,0.6,0.7,0.5,0.4,,,,,,,,,,,,,,,,,,,,,,,,,,
,20-29歳,,111,89,97,97,110,88,84,78,85,102,,,,,,,,,,,,,,,,,,,,,,,,,,
,,人口10万人当たり,0.9,0.7,0.8,0.8,0.9,0.7,0.7,0.6,0.7,0.8,,,,,,,,,,,,,,,,,,,,,,,,,,
,30-39歳,,88,115,84,79,87,93,91,105,80,85,,,,,,,,,,,,,,,,,,,,,,,,,,
,,人口10万人当たり,0.6,0.8,0.6,0.5,0.6,0.7,0.7,0.8,0.6,0.6,,,,,,,,,,,,,,,,,,,,,,,,,,
,40-49歳,,114,114,100,87,109,92,99,116,93,91,,,,,,,,,,,,,,,,,,,,,,,,,,
,,人口10万人当たり,0.6,0.6,0.5,0.5,0.6,0.5,0.6,0.7,0.6,0.6,,,,,,,,,,,,,,,,,,,,,,,,,,
,50-59歳,,97,86,99,87,110,104,107,93,106,92,,,,,,,,,,,,,,,,,,,,,,,,,,
,,人口10万人当たり,0.6,0.5,0.6,0.5,0.7,0.6,0.6,0.5,0.6,0.5,,,,,,,,,,,,,,,,,,,,,,,,,,
,60-69歳,,62,73,60,84,68,68,61,55,53,51,,,,,,,,,,,,,,,,,,,,,,,,,,
,,人口10万人当たり,0.3,0.4,0.4,0.5,0.4,0.4,0.4,0.4,0.4,0.3,,,,,,,,,,,,,,,,,,,,,,,,,,
,70歳以上,,51,56,60,54,64,59,50,84,63,50,,,,,,,,,,,,,,,,,,,,,,,,,,
,,人口10万人当たり,0.2,0.2,0.2,0.2,0.2,0.2,0.2,0.3,0.2,0.2,,,,,,,,,,,,,,,,,,,,,,,,,,
,,,,,,,,,,,,,,,,,,,,,,,,,,,,,,,,,,,,,,
図表：２－１－４－１（不同意性交等認知・検挙状況）,,,,,,,,,,,,,,,,,,,,,,,,,,,,,,,,,,,,,,
,年次,H28,H29,H30,R元,R2,R3,R4,R5,R6,R7,,,,,,,,,,,,,,,,,,,,,,,,,,,
区分,,,,,,,,,,,,,,,,,,,,,,,,,,,,,,,,,,,,,,
認知件数(件),,989,1109,1307,1405,1332,1388,1655,2711,3936,4177,,,,,,,,,,,,,,,,,,,,,,,,,,,
検挙件数(件),,970,1027,1190,1311,1297,1330,1401,2073,3376,3645,,,,,,,,,,,,,,,,,,,,,,,,,,,
検挙人員(人),,875,910,1088,1178,1177,1251,1339,1875,3086,3371,,,,,,,,,,,,,,,,,,,,,,,,,,,
検挙率（％）,,98.1,92.6,91,93.3,97.4,95.8,84.7,76.5,85.8,87.3,,,,,,,,,,,,,,,,,,,,,,,,,,,
,,,,,,,,,,,,,,,,,,,,,,,,,,,,,,,,,,,,,,
図表：２－１－４－２（被疑者と被害者の関係別不同意性交等検挙件数）,,,,,,,,,,,,,,,,,,,,,,,,,,,,,,,,,,,,,,
,,年次,H28,H29,H30,R元,R2,R3,R4,R5,R6,R7,,,,,,,,,,,,,,,,,,,,,,,,,,
区分,,,,,,,,,,,,,,,,,,,,,,,,,,,,,,,,,,,,,,
検挙件数(件),,,926,977,1165,1275,1278,1315,1369,2038,3326,3592,,,,,,,,,,,,,,,,,,,,,,,,,,
,面識なし,,398,395,410,395,397,373,360,569,888,936,,,,,,,,,,,,,,,,,,,,,,,,,,
,面識あり,,528,582,755,880,881,942,1009,1469,2438,2656,,,,,,,,,,,,,,,,,,,,,,,,,,
,,知人、友人等,266,291,360,409,378,413,469,698,1233,1358,,,,,,,,,,,,,,,,,,,,,,,,,,
,,職場関係者,80,89,96,115,120,142,128,214,343,353,,,,,,,,,,,,,,,,,,,,,,,,,,
,,親族,71,87,143,197,197,205,206,249,301,340,,,,,,,,,,,,,,,,,,,,,,,,,,
,,その他,111,115,156,159,186,182,206,308,561,605,,,,,,,,,,,,,,,,,,,,,,,,,,
※　解決事件を除く。,,,,,,,,,,,,,,,,,,,,,,,,,,,,,,,,,,,,,,
※　「知人、友人等」には元配偶者、交際相手（元を含む）を含む。,,,,,,,,,,,,,,,,,,,,,,,,,,,,,,,,,,,,,,
,,,,,,,,,,,,,,,,,,,,,,,,,,,,,,,,,,,,,,
図表：２－１－４－３（年齢層別不同意性交等検挙人員、人口10万人当たり年齢層別不同意性交等検挙人員）,,,,,,,,,,,,,,,,,,,,,,,,,,,,,,,,,,,,,,
,,年次,H28,H29,H30,R元,R2,R3,R4,R5,R6,R7,,,,,,,,,,,,,,,,,,,,,,,,,,
区分,,,,,,,,,,,,,,,,,,,,,,,,,,,,,,,,,,,,,,
検挙人員（人）,,,875,910,1088,1178,1177,1251,1339,1875,3086,3371,,,,,,,,,,,,,,,,,,,,,,,,,,
,14-19歳,,115,109,148,144,134,150,186,199,311,314,,,,,,,,,,,,,,,,,,,,,,,,,,
,,人口10万人当たり,1.6,1.5,2.1,2.1,2,2.3,2.8,3,4.8,4.8,,,,,,,,,,,,,,,,,,,,,,,,,,
,20-29歳,,288,315,333,386,352,392,428,559,1037,1211,,,,,,,,,,,,,,,,,,,,,,,,,,
,,人口10万人当たり,2.3,2.5,2.6,3,2.8,3.1,3.4,4.4,8.1,9.5,,,,,,,,,,,,,,,,,,,,,,,,,,
,30-39歳,,233,239,266,281,305,307,290,470,743,827,,,,,,,,,,,,,,,,,,,,,,,,,,
,,人口10万人当たり,1.5,1.6,1.8,1.9,2.1,2.2,2.1,3.5,5.6,6.2,,,,,,,,,,,,,,,,,,,,,,,,,,
,40-49歳,,146,148,203,222,225,239,251,337,585,560,,,,,,,,,,,,,,,,,,,,,,,,,,
,,人口10万人当たり,0.8,0.8,1.1,1.2,1.2,1.3,1.4,2,3.6,3.4,,,,,,,,,,,,,,,,,,,,,,,,,,
,50-59歳,,50,48,85,89,101,98,117,190,249,270,,,,,,,,,,,,,,,,,,,,,,,,,,
,,人口10万人当たり,0.3,0.3,0.5,0.5,0.6,0.6,0.7,1.1,1.4,1.5,,,,,,,,,,,,,,,,,,,,,,,,,,
,60歳以上,,43,51,53,56,60,65,67,120,161,189,,,,,,,,,,,,,,,,,,,,,,,,,,
,,人口10万人当たり,0.1,0.1,0.1,0.1,0.1,0.1,0.2,0.3,0.4,0.4,,,,,,,,,,,,,,,,,,,,,,,,,,
,,,,,,,,,,,,,,,,,,,,,,,,,,,,,,,,,,,,,,
図表：２－１－５－１（不同意わいせつ認知・検挙状況）,,,,,,,,,,,,,,,,,,,,,,,,,,,,,,,,,,,,,,
,年次,H28,H29,H30,R元,R2,R3,R4,R5,R6,R7,,,,,,,,,,,,,,,,,,,,,,,,,,,
区分,,,,,,,,,,,,,,,,,,,,,,,,,,,,,,,,,,,,,,
認知件数（件）,,6188,5809,5340,4900,4154,4283,4708,6096,6992,7193,,,,,,,,,,,,,,,,,,,,,,,,,,,
検挙件数（件）,,4207,4320,4288,3999,3766,3868,4062,4813,5857,6059,,,,,,,,,,,,,,,,,,,,,,,,,,,
検挙人員（人）,,2799,2837,2923,2926,2760,2903,3067,3804,4450,4732,,,,,,,,,,,,,,,,,,,,,,,,,,,
検挙率（％）,,68,74.4,80.3,81.6,90.7,90.3,86.3,79,83.8,84.2,,,,,,,,,,,,,,,,,,,,,,,,,,,
,,,,,,,,,,,,,,,,,,,,,,,,,,,,,,,,,,,,,,
図表：２－１－５－２（被疑者と被害者の関係別不同意わいせつ検挙件数）,,,,,,,,,,,,,,,,,,,,,,,,,,,,,,,,,,,,,,
,,年次,H28,H29,H30,R元,R2,R3,R4,R5,R6,R7,,,,,,,,,,,,,,,,,,,,,,,,,,
区分,,,,,,,,,,,,,,,,,,,,,,,,,,,,,,,,,,,,,,
検挙件数（件）,,,4087,4218,4232,3945,3716,3824,4018,4754,5775,5997,,,,,,,,,,,,,,,,,,,,,,,,,,
,面識なし,,2916,2934,2858,2501,2236,2218,2283,2645,3184,3183,,,,,,,,,,,,,,,,,,,,,,,,,,
,面識あり,,1171,1284,1374,1444,1480,1606,1735,2109,2591,2814,,,,,,,,,,,,,,,,,,,,,,,,,,
,,知人、友人等,445,476,479,541,425,507,567,698,817,977,,,,,,,,,,,,,,,,,,,,,,,,,,
,,職場関係者,262,318,369,298,362,358,415,547,673,715,,,,,,,,,,,,,,,,,,,,,,,,,,
,,親族,89,104,162,184,212,268,272,291,342,363,,,,,,,,,,,,,,,,,,,,,,,,,,
,,その他,375,386,364,421,481,473,481,573,759,759,,,,,,,,,,,,,,,,,,,,,,,,,,
※　解決事件を除く。,,,,,,,,,,,,,,,,,,,,,,,,,,,,,,,,,,,,,,
※　知人、友人等には元配偶者、交際相手（元を含む）が含まれている。,,,,,,,,,,,,,,,,,,,,,,,,,,,,,,,,,,,,,,
,,,,,,,,,,,,,,,,,,,,,,,,,,,,,,,,,,,,,,
図表：２－１－５－３（年齢層別不同意わいせつ検挙人員、人口10万人当たり年齢層別不同意わいせつ検挙人員）,,,,,,,,,,,,,,,,,,,,,,,,,,,,,,,,,,,,,,
,,年次,H28,H29,H30,R元,R2,R3,R4,R5,R6,R7,,,,,,,,,,,,,,,,,,,,,,,,,,
区分,,,,,,,,,,,,,,,,,,,,,,,,,,,,,,,,,,,,,,
検挙人員（人）,,,2799,2837,2923,2926,2760,2903,3067,3804,4450,4732,,,,,,,,,,,,,,,,,,,,,,,,,,
,14-19歳,,410,381,351,340,271,274,330,360,439,491,,,,,,,,,,,,,,,,,,,,,,,,,,
,,人口10万人当たり,5.7,5.4,5,4.9,4,4.1,5,5.5,6.7,7.5,,,,,,,,,,,,,,,,,,,,,,,,,,
,20-24歳,,363,347,328,333,294,350,306,403,480,548,,,,,,,,,,,,,,,,,,,,,,,,,,
,,人口10万人当たり,5.9,5.6,5.2,5.2,4.7,5.6,4.9,6.5,7.7,8.8,,,,,,,,,,,,,,,,,,,,,,,,,,
,25-29歳,,329,342,325,343,362,330,347,434,463,541,,,,,,,,,,,,,,,,,,,,,,,,,,
,,人口10万人当たり,5.1,5.4,5.2,5.4,5.7,5.2,5.4,6.7,7.1,8.3,,,,,,,,,,,,,,,,,,,,,,,,,,
,30-39歳,,619,667,690,675,618,633,701,822,921,911,,,,,,,,,,,,,,,,,,,,,,,,,,
,,人口10万人当たり,4,4.4,4.7,4.7,4.3,4.6,5.1,6.1,6.9,6.9,,,,,,,,,,,,,,,,,,,,,,,,,,
,40-49歳,,468,475,556,500,527,553,571,705,816,918,,,,,,,,,,,,,,,,,,,,,,,,,,
,,人口10万人当たり,2.5,2.5,3,2.7,2.9,3.1,3.3,4.2,5,5.6,,,,,,,,,,,,,,,,,,,,,,,,,,
,50-59歳,,280,295,297,299,311,297,370,484,624,619,,,,,,,,,,,,,,,,,,,,,,,,,,
,,人口10万人当たり,1.8,1.9,1.8,1.8,1.9,1.7,2.1,2.7,3.4,3.4,,,,,,,,,,,,,,,,,,,,,,,,,,
,60-69歳,,213,196,218,222,185,226,223,270,349,346,,,,,,,,,,,,,,,,,,,,,,,,,,
,,人口10万人当たり,1.2,1.1,1.3,1.4,1.2,1.5,1.5,1.8,2.4,2.3,,,,,,,,,,,,,,,,,,,,,,,,,,
,70歳以上,,117,134,158,214,192,240,219,326,358,358,,,,,,,,,,,,,,,,,,,,,,,,,,
,,人口10万人当たり,0.5,0.5,0.6,0.8,0.7,0.8,0.8,1.1,1.2,1.2,,,,,,,,,,,,,,,,,,,,,,,,,,
,,,,,,,,,,,,,,,,,,,,,,,,,,,,,,,,,,,,,,
図表：２－１－６－１（略取誘拐・人身売買認知・検挙状況）,,,,,,,,,,,,,,,,,,,,,,,,,,,,,,,,,,,,,,
,年次,H28,H29,H30,R元,R2,R3,R4,R5,R6,R7,,,,,,,,,,,,,,,,,,,,,,,,,,,
区分,,,,,,,,,,,,,,,,,,,,,,,,,,,,,,,,,,,,,,
認知件数(件）,,228,239,304,293,337,389,390,526,588,606,,,,,,,,,,,,,,,,,,,,,,,,,,,
,うち人身売買,0,0,0,0,0,0,0,0,0,0,,,,,,,,,,,,,,,,,,,,,,,,,,,
検挙件数(件）,,201,234,283,268,335,365,369,473,556,566,,,,,,,,,,,,,,,,,,,,,,,,,,,
,うち人身売買,0,0,0,0,0,0,0,0,0,0,,,,,,,,,,,,,,,,,,,,,,,,,,,
検挙人員(人）,,185,186,257,235,266,376,377,473,485,536,,,,,,,,,,,,,,,,,,,,,,,,,,,
,うち人身売買,0,0,0,0,0,0,0,0,0,3,,,,,,,,,,,,,,,,,,,,,,,,,,,
検挙率（％）,,88.2,97.9,93.1,91.5,99.4,93.8,94.6,89.9,94.6,93.4,,,,,,,,,,,,,,,,,,,,,,,,,,,
,うち人身売買,-,-,-,-,-,-,-,-,-,-,,,,,,,,,,,,,,,,,,,,,,,,,,,
,,,,,,,,,,,,,,,,,,,,,,,,,,,,,,,,,,,,,,
図表：２－１－６－２（未就学児童・小学生・中学生・高校生被害の略取誘拐・人身売買罪名別認知件数）,,,,,,,,,,,,,,,,,,,,,,,,,,,,,,,,,,,,,,
,年次,H28,H29,H30,R元,R2,R3,R4,R5,R6,R7,,,,,,,,,,,,,,,,,,,,,,,,,,,
区分,,,,,,,,,,,,,,,,,,,,,,,,,,,,,,,,,,,,,,
未就学児童被害認知件数,,32,21,36,29,31,28,38,77,89,71,,,,,,,,,,,,,,,,,,,,,,,,,,,
,未成年者略取誘拐,29,17,32,25,28,24,37,75,86,69,,,,,,,,,,,,,,,,,,,,,,,,,,,
,わいせつ目的略取誘拐,3,4,2,2,2,2,1,0,0,0,,,,,,,,,,,,,,,,,,,,,,,,,,,
,その他,0,0,2,2,1,2,0,2,3,2,,,,,,,,,,,,,,,,,,,,,,,,,,,
小学生被害認知件数,,67,50,65,77,66,66,69,106,101,96,,,,,,,,,,,,,,,,,,,,,,,,,,,
,未成年者略取誘拐,44,34,47,48,48,43,53,84,83,71,,,,,,,,,,,,,,,,,,,,,,,,,,,
,わいせつ目的略取誘拐,23,16,18,28,18,20,16,18,15,25,,,,,,,,,,,,,,,,,,,,,,,,,,,
,その他,0,0,0,1,0,3,0,4,3,0,,,,,,,,,,,,,,,,,,,,,,,,,,,
中学生被害認知件数,,35,40,79,64,91,107,109,164,183,195,,,,,,,,,,,,,,,,,,,,,,,,,,,
,未成年者略取誘拐,28,29,64,49,61,74,78,131,128,155,,,,,,,,,,,,,,,,,,,,,,,,,,,
,わいせつ目的略取誘拐,7,11,15,15,30,33,30,33,53,39,,,,,,,,,,,,,,,,,,,,,,,,,,,
,その他,0,0,0,0,0,0,1,0,2,1,,,,,,,,,,,,,,,,,,,,,,,,,,,
高校生被害認知件数,,35,42,59,65,79,84,90,101,121,146,,,,,,,,,,,,,,,,,,,,,,,,,,,
,未成年者略取誘拐,20,26,48,47,61,66,69,76,95,121,,,,,,,,,,,,,,,,,,,,,,,,,,,
,わいせつ目的略取誘拐,13,16,10,16,18,16,21,23,22,20,,,,,,,,,,,,,,,,,,,,,,,,,,,
,その他,2,0,1,2,0,2,0,2,4,5,,,,,,,,,,,,,,,,,,,,,,,,,,,
,,,,,,,,,,,,,,,,,,,,,,,,,,,,,,,,,,,,,,
図表２－１－６－３（未就学児童・小学生・中学生・高校生被害の未成年者略取誘拐・わいせつ目的略取誘拐の被疑者と被害者の関係別検挙件数）,,,,,,,,,,,,,,,,,,,,,,,,,,,,,,,,,,,,,,
,,,年次,H28,H29,H30,R元,R2,R3,R4,R5,R6,R7,,,,,,,,,,,,,,,,,,,,,,,,,
区分,,,,,,,,,,,,,,,,,,,,,,,,,,,,,,,,,,,,,,
未成年者略取誘拐検挙件数,未就学児童,,,24,19,25,20,29,20,34,57,79,53,,,,,,,,,,,,,,,,,,,,,,,,,
,,面識あり,,19,17,21,18,25,16,31,55,78,53,,,,,,,,,,,,,,,,,,,,,,,,,
,,,うち親族,16,16,18,17,22,14,29,53,77,50,,,,,,,,,,,,,,,,,,,,,,,,,
,,面識なし,,5,2,4,2,4,4,3,2,1,0,,,,,,,,,,,,,,,,,,,,,,,,,
,小学生,,,36,29,39,39,46,34,47,68,68,66,,,,,,,,,,,,,,,,,,,,,,,,,
,,面識あり,,18,12,21,25,25,21,30,46,49,46,,,,,,,,,,,,,,,,,,,,,,,,,
,,,うち親族,11,7,14,13,14,10,12,30,33,36,,,,,,,,,,,,,,,,,,,,,,,,,
,,面識なし,,18,17,18,14,21,13,17,22,19,20,,,,,,,,,,,,,,,,,,,,,,,,,
,中学生,,,27,27,56,42,63,69,73,113,117,146,,,,,,,,,,,,,,,,,,,,,,,,,
,,面識あり,,10,15,35,23,28,42,40,68,74,90,,,,,,,,,,,,,,,,,,,,,,,,,
,,,うち親族,1,2,1,0,1,2,0,4,7,3,,,,,,,,,,,,,,,,,,,,,,,,,
,,面識なし,,17,12,21,19,35,27,33,45,43,56,,,,,,,,,,,,,,,,,,,,,,,,,
,高校生,,,17,20,49,44,61,61,68,76,88,108,,,,,,,,,,,,,,,,,,,,,,,,,
,,面識あり,,10,14,33,30,36,39,56,46,60,76,,,,,,,,,,,,,,,,,,,,,,,,,
,,,うち親族,1,0,1,1,2,0,4,1,1,4,,,,,,,,,,,,,,,,,,,,,,,,,
,,面識なし,,7,6,16,14,25,22,12,30,28,32,,,,,,,,,,,,,,,,,,,,,,,,,
わいせつ目的略取誘拐検挙件数,未就学児童,,,3,4,2,2,1,2,1,0,0,0,,,,,,,,,,,,,,,,,,,,,,,,,
,,面識あり,,0,1,0,0,0,0,0,0,0,0,,,,,,,,,,,,,,,,,,,,,,,,,
,,,うち親族,0,0,0,0,0,0,0,0,0,0,,,,,,,,,,,,,,,,,,,,,,,,,
,,面識なし,,3,3,2,2,1,2,1,0,0,0,,,,,,,,,,,,,,,,,,,,,,,,,
,小学生,,,24,15,20,29,17,20,14,17,17,20,,,,,,,,,,,,,,,,,,,,,,,,,
,,面識あり,,3,4,5,5,6,5,4,5,8,7,,,,,,,,,,,,,,,,,,,,,,,,,
,,,うち親族,0,0,0,0,0,1,0,0,0,0,,,,,,,,,,,,,,,,,,,,,,,,,
,,面識なし,,21,11,15,24,11,15,10,12,9,13,,,,,,,,,,,,,,,,,,,,,,,,,
,中学生,,,6,11,12,15,28,35,27,34,51,38,,,,,,,,,,,,,,,,,,,,,,,,,
,,面識あり,,4,1,2,5,7,19,13,20,30,20,,,,,,,,,,,,,,,,,,,,,,,,,
,,,うち親族,0,0,0,0,0,0,0,0,0,0,,,,,,,,,,,,,,,,,,,,,,,,,
,,面識なし,,2,10,10,10,21,16,14,14,21,18,,,,,,,,,,,,,,,,,,,,,,,,,
,高校生,,,12,13,12,13,17,17,19,21,22,18,,,,,,,,,,,,,,,,,,,,,,,,,
,,面識あり,,0,4,5,3,5,4,7,5,8,3,,,,,,,,,,,,,,,,,,,,,,,,,
,,,うち親族,0,0,0,0,0,0,0,0,1,0,,,,,,,,,,,,,,,,,,,,,,,,,
,,面識なし,,12,9,7,10,12,13,12,16,14,15,,,,,,,,,,,,,,,,,,,,,,,,,
※　解決事件を除く。,,,,,,,,,,,,,,,,,,,,,,,,,,,,,,,,,,,,,,
,,,,,,,,,,,,,,,,,,,,,,,,,,,,,,,,,,,,,,
図表：２－２－０－１（重要窃盗犯認知・検挙状況）,,,,,,,,,,,,,,,,,,,,,,,,,,,,,,,,,,,,,,
,,,年次,H28,H29,H30,R元,R2,R3,R4,R5,R6,R7,,,,,,,,,,,,,,,,,,,,,,,,,
区分,,,,,,,,,,,,,,,,,,,,,,,,,,,,,,,,,,,,,,
重要窃盗犯,,,認知件数(件),95302,89753,76574,69645,51604,44076,44150,51984,51118,55688,,,,,,,,,,,,,,,,,,,,,,,,,
,,,検挙件数(件),52040,49627,45960,42722,36244,32177,25686,26704,28480,27812,,,,,,,,,,,,,,,,,,,,,,,,,
,,,検挙人員(人),9600,9337,8474,7793,7000,6294,6082,6703,6352,6531,,,,,,,,,,,,,,,,,,,,,,,,,
,,,検挙率(%),54.6,55.3,60,61.3,70.2,73,58.2,51.4,55.7,49.9,,,,,,,,,,,,,,,,,,,,,,,,,
,侵入窃盗,,認知件数,76477,73122,62745,57808,44093,37240,36588,44228,43036,47233,,,,,,,,,,,,,,,,,,,,,,,,,
,,,検挙件数,43780,41481,39237,37083,31836,28456,22139,23182,24885,24489,,,,,,,,,,,,,,,,,,,,,,,,,
,,,検挙人員,7326,7241,6561,6106,5671,5167,4896,5381,5154,5253,,,,,,,,,,,,,,,,,,,,,,,,,
,,,検挙率,57.2,56.7,62.5,64.1,72.2,76.4,60.5,52.4,57.8,51.8,,,,,,,,,,,,,,,,,,,,,,,,,
,,うち空き巣,認知件数,27113,25557,22141,19584,13906,11166,10593,11842,11048,11684,,,,,,,,,,,,,,,,,,,,,,,,,
,,,検挙件数,14870,13885,13039,10670,10329,7949,5867,5834,5346,5161,,,,,,,,,,,,,,,,,,,,,,,,,
,,,検挙人員,2069,1954,1769,1698,1555,1333,1224,1512,1316,1349,,,,,,,,,,,,,,,,,,,,,,,,,
,,,検挙率,54.8,54.3,58.9,54.5,74.3,71.2,55.4,49.3,48.4,44.2,,,,,,,,,,,,,,,,,,,,,,,,,
,,うち忍込み,認知件数,9903,9552,7484,7916,5937,5135,4215,4625,4122,4784,,,,,,,,,,,,,,,,,,,,,,,,,
,,,検挙件数,6374,6234,4847,5508,4024,4491,2817,2360,2432,2316,,,,,,,,,,,,,,,,,,,,,,,,,
,,,検挙人員,516,516,447,418,405,360,344,339,297,294,,,,,,,,,,,,,,,,,,,,,,,,,
,,,検挙率,64.4,65.3,64.8,69.6,67.8,87.5,66.8,51,59,48.4,,,,,,,,,,,,,,,,,,,,,,,,,
,,うち居空き,認知件数,2233,1918,1880,1436,1187,982,884,1002,830,684,,,,,,,,,,,,,,,,,,,,,,,,,
,,,検挙件数,1159,986,1224,845,698,715,531,574,511,374,,,,,,,,,,,,,,,,,,,,,,,,,
,,,検挙人員,264,259,256,204,224,201,179,174,175,176,,,,,,,,,,,,,,,,,,,,,,,,,
,,,検挙率,51.9,51.4,65.1,58.8,58.8,72.8,60.1,57.3,61.6,54.7,,,,,,,,,,,,,,,,,,,,,,,,,
,自動車盗,,認知件数,11655,10213,8628,7143,5210,5182,5734,5762,6080,6386,,,,,,,,,,,,,,,,,,,,,,,,,
,,,検挙件数,5713,5357,4248,3845,3006,2556,2612,2462,2683,2379,,,,,,,,,,,,,,,,,,,,,,,,,
,,,検挙人員,1100,1034,914,778,666,634,625,745,600,744,,,,,,,,,,,,,,,,,,,,,,,,,
,,,検挙率,49,52.5,49.2,53.8,57.7,49.3,45.6,42.7,44.1,37.3,,,,,,,,,,,,,,,,,,,,,,,,,
,ひったくり,,認知件数,3493,2894,1920,1553,877,544,716,551,567,479,,,,,,,,,,,,,,,,,,,,,,,,,
,,,検挙件数,1286,1860,1457,950,712,426,414,483,439,364,,,,,,,,,,,,,,,,,,,,,,,,,
,,,検挙人員,485,509,395,370,248,206,216,219,238,215,,,,,,,,,,,,,,,,,,,,,,,,,
,,,検挙率,36.8,64.3,75.9,61.2,81.2,78.3,57.8,87.7,77.4,76,,,,,,,,,,,,,,,,,,,,,,,,,
,すり,,認知件数,3677,3524,3281,3141,1424,1110,1112,1443,1435,1590,,,,,,,,,,,,,,,,,,,,,,,,,
,,,検挙件数,1261,929,1018,844,690,739,521,577,473,580,,,,,,,,,,,,,,,,,,,,,,,,,
,,,検挙人員,689,553,604,539,415,287,345,358,360,319,,,,,,,,,,,,,,,,,,,,,,,,,
,,,検挙率,34.3,26.4,31,26.9,48.5,66.6,46.9,40,33,36.5,,,,,,,,,,,,,,,,,,,,,,,,,
,,,,,,,,,,,,,,,,,,,,,,,,,,,,,,,,,,,,,,
図表：２－２－０－２（重要窃盗犯手口・本件・余罪・主たる被疑者を特定した警察活動（主たるもの）別検挙件数 R7),,,,,,,,,,,,,,,,,,,,,,,,,,,,,,,,,,,,,,
,警察活動,合計,本件事件,,,,,余罪事件,,,,,,手入力,,,,,,,,,,,,,,,,,,,,,,,,
区分,,,,防犯カメラ等の画像,職務質問,その他,該当なし,,防犯カメラ等の画像,取調べ,その他,該当なし,,,,,,,,,,,,,,,,,,,,,,,,,,
重要窃盗犯検挙件数（件）,,27016,6121,1948,407,3292,474,20895,759,18407,1706,23,,,,,,,,,,,,,,,,,,,,,,,,,,
,侵入窃盗,24057,4948,1561,249,2759,379,19109,630,16881,1577,21,,,,,,,,,,,,,,,,,,,,,,,,,,
,自動車盗,2064,668,167,124,331,46,1396,67,1223,105,1,,,,,,,,,,,,,,,,,,,,,,,,,,
,ひったくり,345,211,120,17,60,14,134,46,76,11,1,,,,,,,,,,,,,,,,,,,,,,,,,,
,すり,550,294,100,17,142,35,256,16,227,13,0,,,,,,,,,,,,,,,,,,,,,,,,,,
※　解決事件を除く。,,,,,,,,,,,,,,,,,,,,,,,,,,,,,,,,,,,,,,
,,,,,,,,,,,,,,,,,,,,,,,,,,,,,,,,,,,,,,
図表：２－２－１－１（住宅を発生場所とする侵入窃盗認知・検挙状況）,,,,,,,,,,,,,,,,,,,,,,,,,,,,,,,,,,,,,,
,年次,H28,H29,H30,R元,R2,R3,R4,R5,R6,R7,,,,,,,,,,,,,,,,,,,,,,,,,,,
区分,,,,,,,,,,,,,,,,,,,,,,,,,,,,,,,,,,,,,,
認知件数(件),,76477,73122,62745,57808,44093,37240,36588,44228,43036,47233,,,,,,,,,,,,,,,,,,,,,,,,,,,
,うち住宅発生,44204,41808,36663,33924,22299,18386,16524,18379,16962,18007,,,,,,,,,,,,,,,,,,,,,,,,,,,
検挙件数(件),,43780,41481,39237,37083,31836,28456,22139,23182,24885,24489,,,,,,,,,,,,,,,,,,,,,,,,,,,
,うち住宅発生,25072,23632,22303,20521,16689,14487,9846,9324,8834,8337,,,,,,,,,,,,,,,,,,,,,,,,,,,
検挙人員(人),,7326,7241,6561,6106,5671,5167,4896,5381,5154,5253,,,,,,,,,,,,,,,,,,,,,,,,,,,
検挙率（％）,,57.2,56.7,62.5,64.1,72.2,76.4,60.5,52.4,57.8,51.8,,,,,,,,,,,,,,,,,,,,,,,,,,,
,うち住宅発生,56.7,56.5,60.8,60.5,74.8,78.8,59.6,50.7,52.1,46.3,,,,,,,,,,,,,,,,,,,,,,,,,,,
※　「住宅」とは、一戸建住宅、中高層（４階建以上）住宅、その他の住宅をいう。以下同じ。　　本書では、中高層（４階建以上）住宅を「４階建以上共同住宅」、その他の住宅を「３階建以下共同住宅」　としている。,,,,,,,,,,,,,,,,,,,,,,,,,,,,,,,,,,,,,,
,,,,,,,,,,,,,,,,,,,,,,,,,,,,,,,,,,,,,,
図表：２－２－１－２（住宅を発生場所とする侵入窃盗の手口・住宅形態別認知件数）,,,,,,,,,,,,,,,,,,,,,,,,,,,,,,,,,,,,,,
,,年次,H28,H29,H30,R元,R2,R3,R4,R5,R6,R7,,,,,,,,,,,,,,,,,,,,,,,,,,
区分,,,,,,,,,,,,,,,,,,,,,,,,,,,,,,,,,,,,,,
住宅発生認知件数(件),,,44204,41808,36663,33924,22299,18386,16524,18379,16962,18007,,,,,,,,,,,,,,,,,,,,,,,,,,
,空き巣,,27058,25511,22103,19543,13865,11118,10553,11788,10968,11575,,,,,,,,,,,,,,,,,,,,,,,,,,
,,一戸建住宅,17576,16418,14452,13302,9297,7351,7064,7981,7588,8214,,,,,,,,,,,,,,,,,,,,,,,,,,
,,４階建以上共同住宅,2612,2427,1912,1737,1417,1226,1217,1288,1205,1266,,,,,,,,,,,,,,,,,,,,,,,,,,
,,３階建以下共同住宅,6870,6666,5739,4504,3151,2541,2272,2519,2175,2095,,,,,,,,,,,,,,,,,,,,,,,,,,
,忍込み,,9828,9470,7409,7852,5897,5094,4162,4557,4076,4621,,,,,,,,,,,,,,,,,,,,,,,,,,
,,一戸建住宅,8296,8179,6379,6888,5180,4541,3674,3976,3543,4224,,,,,,,,,,,,,,,,,,,,,,,,,,
,,４階建以上共同住宅,452,389,291,287,236,169,158,198,160,133,,,,,,,,,,,,,,,,,,,,,,,,,,
,,３階建以下共同住宅,1080,902,739,677,481,384,330,383,373,264,,,,,,,,,,,,,,,,,,,,,,,,,,
,居空き,,2204,1900,1859,1421,1177,971,878,995,821,675,,,,,,,,,,,,,,,,,,,,,,,,,,
,,一戸建住宅,1728,1485,1541,1113,928,734,684,790,641,537,,,,,,,,,,,,,,,,,,,,,,,,,,
,,４階建以上共同住宅,153,136,101,110,101,98,74,79,72,49,,,,,,,,,,,,,,,,,,,,,,,,,,
,,３階建以下共同住宅,323,279,217,198,148,139,120,126,108,89,,,,,,,,,,,,,,,,,,,,,,,,,,
,その他,,5114,4927,5292,5108,1360,1203,931,1039,1097,1136,,,,,,,,,,,,,,,,,,,,,,,,,,
,,一戸建住宅,3932,3865,4318,4071,911,925,649,743,703,769,,,,,,,,,,,,,,,,,,,,,,,,,,
,,４階建以上共同住宅,325,295,290,230,146,97,138,111,141,140,,,,,,,,,,,,,,,,,,,,,,,,,,
,,３階建以下共同住宅,857,767,684,807,303,181,144,185,253,227,,,,,,,,,,,,,,,,,,,,,,,,,,
※　「その他」とは、空き巣、忍込み及び居空き以外の倉庫荒し、その他の侵入窃盗の手口をいう。,,,,,,,,,,,,,,,,,,,,,,,,,,,,,,,,,,,,,,
,,,,,,,,,,,,,,,,,,,,,,,,,,,,,,,,,,,,,,
図表：２－２－１－３ 住宅形態、世帯構成等別住宅を発生場所とする 空き巣・忍込み・居空き認知件数、10万世帯当たり認知件数R7,,,,,,,,,,,,,,,,,,,,,,,,,,,,,,,,,,,,,,
,世帯構成等,単独世帯,,,,,夫婦のみ世帯,,,その他の世帯,合計,,,,,,,,,,,,,,,,,,,,,,,,,,,
,,,30歳未満,30-64歳,65歳以上,,,65歳未満,65歳以上,,,,,,,,,,,,,,,,,,,,,,,,,,,,,
区分,,,,,,うち75歳以上,,,,,,,,,,,,,,,,,,,,,,,,,,,,,,,,
空き巣認知件数(件),,5160,1042,2279,1839,1127,1821,834,987,4254,11235,,,,,,,,,,,,,,,,,,,,,,,,,,,
,一戸建住宅,3113,101,1347,1665,1042,1604,648,956,3233,7950,,,,,,,,,,,,,,,,,,,,,,,,,,,
,４階建以上共同住宅,739,335,324,80,45,101,83,18,390,1230,,,,,,,,,,,,,,,,,,,,,,,,,,,
,３階建以下共同住宅,1308,606,608,94,40,116,103,13,631,2055,,,,,,,,,,,,,,,,,,,,,,,,,,,
忍込み認知件数,,1505,103,346,1056,792,1076,240,836,2016,4597,,,,,,,,,,,,,,,,,,,,,,,,,,,
,一戸建住宅,1289,9,273,1007,770,1044,220,824,1873,4206,,,,,,,,,,,,,,,,,,,,,,,,,,,
,４階建以上共同住宅,81,33,26,22,5,10,5,5,40,131,,,,,,,,,,,,,,,,,,,,,,,,,,,
,３階建以下共同住宅,135,61,47,27,17,22,15,7,103,260,,,,,,,,,,,,,,,,,,,,,,,,,,,
居空き認知件数,,201,25,52,124,99,112,30,82,353,666,,,,,,,,,,,,,,,,,,,,,,,,,,,
,一戸建住宅,138,3,33,102,82,101,25,76,290,529,,,,,,,,,,,,,,,,,,,,,,,,,,,
,４階建以上共同住宅,19,2,6,11,10,5,2,3,25,49,,,,,,,,,,,,,,,,,,,,,,,,,,,
,３階建以下共同住宅,44,20,13,11,7,6,3,3,38,88,,,,,,,,,,,,,,,,,,,,,,,,,,,
※　住宅で発生し、主たる被害者の年齢が判明しているものに限る。,,,,,,,,,,,,,,,,,,,,,,,,,,,,,,,,,,,,,,
,,,,,,,,,,,,,,,,,,,,,,,,,,,,,,,,,,,,,,
,世帯構成等,単独世帯,,,,,夫婦のみ世帯,,,その他の世帯,合計,,,,,,,,,,,,,,,,,,,,,,,,,,,
,,,30歳未満,30-64歳,65歳以上,,,65歳未満※２,65歳以上※３,,,,,,,,,,,,,,,,,,,,,,,,,,,,,
区分,,,,,,うち75歳以上,,,,,,,,,,,,,,,,,,,,,,,,,,,,,,,,
10万世帯当たり(※１)空き巣認知件数(件),,27,31.8,27.8,24.1,25.4,16,17.2,15.1,16.9,20.2,,,,,,,,,,,,,,,,,,,,,,,,,,,
,一戸建住宅,51.7,244.6,84.3,38,37.1,22.7,29.7,19.5,19.9,27.1,,,,,,,,,,,,,,,,,,,,,,,,,,,
,４階建以上共同住宅,10.7,22.8,9.7,3.8,4.1,3.5,5.3,1.4,7.8,8.3,,,,,,,,,,,,,,,,,,,,,,,,,,,
,３階建以下共同住宅,21.2,34.4,18.6,8.1,7.5,8,9.3,3.7,16,17.8,,,,,,,,,,,,,,,,,,,,,,,,,,,
10万世帯当たり忍込み認知件数,,7.9,3.1,4.2,13.9,17.9,9.5,5,12.8,8,8.3,,,,,,,,,,,,,,,,,,,,,,,,,,,
,一戸建住宅,21.4,21.8,17.1,23,27.4,14.8,10.1,16.8,11.5,14.3,,,,,,,,,,,,,,,,,,,,,,,,,,,
,４階建以上共同住宅,1.2,2.2,0.8,1.1,0.5,0.4,0.3,0.4,0.8,0.9,,,,,,,,,,,,,,,,,,,,,,,,,,,
,３階建以下共同住宅,2.2,3.5,1.4,2.3,3.2,1.5,1.4,2,2.6,2.2,,,,,,,,,,,,,,,,,,,,,,,,,,,
10万世帯当たり居空き認知件数,,1.1,0.8,0.6,1.6,2.2,1,0.6,1.3,1.4,1.2,,,,,,,,,,,,,,,,,,,,,,,,,,,
,一戸建住宅,2.3,7.3,2.1,2.3,2.9,1.4,1.1,1.6,1.8,1.8,,,,,,,,,,,,,,,,,,,,,,,,,,,
,４階建以上共同住宅,0.3,0.1,0.2,0.5,0.9,0.2,0.1,0.2,0.5,0.3,,,,,,,,,,,,,,,,,,,,,,,,,,,
,３階建以下共同住宅,0.7,1.1,0.4,1,1.3,0.4,0.3,0.9,1,0.8,,,,,,,,,,,,,,,,,,,,,,,,,,,
※１　総務省住宅・土地統計調査（令和５年）による主世帯数を基に算出※２　主たる被害者の年齢が65歳未満の認知件数を、高齢夫婦（夫が65歳以上、妻が60歳以上の世帯をいう。以下同  　じ。）以外の10万世帯当たりとしたもの。※３　主たる被害者の年齢が65歳以上の認知件数を、高齢夫婦の10万世帯当たりとしたもの。,,,,,,,,,,,,,,,,,,,,,,,,,,,,,,,,,,,,,,
,,,,,,,,,,,,,,,,,,,,,,,,,,,,,,,,,,,,,,
図表：２－２－１－４（侵入手段別住宅を発生場所とする空き巣・忍込み・居空き認知件数）,,,,,,,,,,,,,,,,,,,,,,,,,,,,,,,,,,,,,,
,,,年次,H28,H29,H30,R元,R2,R3,R4,R5,R6,R7,,,,,,,,,,,,,,,,,,,,,,,,,
区分,,,,,,,,,,,,,,,,,,,,,,,,,,,,,,,,,,,,,,
空き巣,認知件数（件）,,,27058,25511,22103,19543,13865,11118,10553,11788,10968,11575,,,,,,,,,,,,,,,,,,,,,,,,,
,,無締り,,10183,9318,8343,7186,5689,4543,4145,4213,4286,3864,,,,,,,,,,,,,,,,,,,,,,,,,
,,ガラス破り,,11249,10851,9326,8047,5072,3652,3586,4358,3891,4665,,,,,,,,,,,,,,,,,,,,,,,,,
,,施錠開け,,1841,1845,1538,1461,1122,1345,1172,1224,1086,1163,,,,,,,,,,,,,,,,,,,,,,,,,
,,,合かぎ,1324,1334,1086,993,851,988,927,942,846,906,,,,,,,,,,,,,,,,,,,,,,,,,
,,,特殊開錠用具関係,117,119,57,104,57,32,32,38,29,19,,,,,,,,,,,,,,,,,,,,,,,,,
,,,その他の施錠開け,400,392,395,364,214,325,213,244,211,238,,,,,,,,,,,,,,,,,,,,,,,,,
,,ドア錠破り,,850,750,565,606,314,196,292,342,324,364,,,,,,,,,,,,,,,,,,,,,,,,,
,,戸外し,,146,118,108,84,88,41,34,57,70,87,,,,,,,,,,,,,,,,,,,,,,,,,
,,その他,,863,859,610,650,458,368,326,427,295,406,,,,,,,,,,,,,,,,,,,,,,,,,
,,不明,,1926,1770,1613,1509,1122,973,998,1167,1016,1026,,,,,,,,,,,,,,,,,,,,,,,,,
忍込み,認知件数,,,9828,9470,7409,7852,5897,5094,4162,4557,4076,4621,,,,,,,,,,,,,,,,,,,,,,,,,
,,無締り,,7043,6510,5270,5723,4198,3823,2911,2905,2568,2583,,,,,,,,,,,,,,,,,,,,,,,,,
,,ガラス破り,,1448,1665,1140,1089,711,556,650,1050,1037,1593,,,,,,,,,,,,,,,,,,,,,,,,,
,,施錠開け,,304,343,237,237,279,172,136,191,144,132,,,,,,,,,,,,,,,,,,,,,,,,,
,,,合かぎ,103,125,82,89,67,58,65,74,59,64,,,,,,,,,,,,,,,,,,,,,,,,,
,,,特殊開錠用具関係,41,26,23,17,34,25,12,19,6,5,,,,,,,,,,,,,,,,,,,,,,,,,
,,,その他の施錠開け,160,192,132,131,178,89,59,98,79,63,,,,,,,,,,,,,,,,,,,,,,,,,
,,ドア錠破り,,70,51,54,67,50,29,27,40,43,27,,,,,,,,,,,,,,,,,,,,,,,,,
,,戸外し,,72,53,51,66,47,27,38,29,38,49,,,,,,,,,,,,,,,,,,,,,,,,,
,,その他,,580,536,372,367,426,327,227,179,120,115,,,,,,,,,,,,,,,,,,,,,,,,,
,,不明,,311,312,285,303,186,160,173,163,126,122,,,,,,,,,,,,,,,,,,,,,,,,,
居空き,認知件数,,,2204,1900,1859,1421,1177,971,878,995,821,675,,,,,,,,,,,,,,,,,,,,,,,,,
,,無締り,,1770,1474,1486,1106,876,759,675,775,601,484,,,,,,,,,,,,,,,,,,,,,,,,,
,,ガラス破り,,197,224,183,139,113,88,88,88,78,89,,,,,,,,,,,,,,,,,,,,,,,,,
,,施錠開け,,62,30,35,31,33,16,21,22,45,25,,,,,,,,,,,,,,,,,,,,,,,,,
,,,合かぎ,48,20,26,18,29,15,14,19,26,13,,,,,,,,,,,,,,,,,,,,,,,,,
,,,特殊開錠用具関係,3,3,2,3,2,0,3,0,1,1,,,,,,,,,,,,,,,,,,,,,,,,,
,,,その他の施錠開け,11,7,7,10,2,1,4,3,18,11,,,,,,,,,,,,,,,,,,,,,,,,,
,,ドア錠破り,,12,13,10,8,6,8,7,10,5,2,,,,,,,,,,,,,,,,,,,,,,,,,
,,戸外し,,3,3,1,6,0,0,2,2,5,3,,,,,,,,,,,,,,,,,,,,,,,,,
,,その他,,68,50,45,54,68,44,22,41,23,17,,,,,,,,,,,,,,,,,,,,,,,,,
,,不明,,92,106,99,77,81,56,63,57,64,55,,,,,,,,,,,,,,,,,,,,,,,,,
※　「特殊開錠用具関係」とは、ピッキング及びサムターン回しをいう。,,,,,,,,,,,,,,,,,,,,,,,,,,,,,,,,,,,,,,
,,,,,,,,,,,,,,,,,,,,,,,,,,,,,,,,,,,,,,
図表：２－２－１－５（発生場所・侵入口・侵入手段別空き巣・忍込み・居空き認知件数　R７）,,,,,,,,,,,,,,,,,,,,,,,,,,,,,,,,,,,,,,
,,,,合計,,,,,,,,,,,,,,,,,,,,,,,,,,,,,,,,,,
,,,,,無締り,ガラス破り,施錠開け,,,,,ドア錠破り,戸外し,その他,不明,,,,,,,,,,,,,,,,,,,,,,,
,,,,,,,,ピッキング,サムターン回し,合い鍵,その他,,,,,,,,,,,,,,,,,,,,,,,,,,,
空き巣,一戸建住宅,認知件数,,8214,2542,4068,392,0,3,261,128,299,79,246,588,,,,,,,,,,,,,,,,,,,,,,,
,,,表出入口,1340,764,93,251,0,2,221,28,137,8,41,46,,,,,,,,,,,,,,,,,,,,,,,
,,,非常口,6,3,1,0,0,0,0,0,1,0,0,1,,,,,,,,,,,,,,,,,,,,,,,
,,,その他の出入口,921,395,269,65,0,0,35,30,98,5,73,16,,,,,,,,,,,,,,,,,,,,,,,
,,,窓,5006,1097,3577,68,0,1,0,67,59,62,118,25,,,,,,,,,,,,,,,,,,,,,,,
,,,その他　,224,72,128,3,0,0,0,3,4,4,7,6,,,,,,,,,,,,,,,,,,,,,,,
,,,不明,717,211,0,5,0,0,5,0,0,0,7,494,,,,,,,,,,,,,,,,,,,,,,,
,４階建以上共同住宅,認知件数,,1266,447,149,403,2,8,339,54,29,3,49,186,,,,,,,,,,,,,,,,,,,,,,,
,,,表出入口,822,303,1,395,2,8,337,48,28,0,36,59,,,,,,,,,,,,,,,,,,,,,,,
,,,非常口,0,0,0,0,0,0,0,0,0,0,0,0,,,,,,,,,,,,,,,,,,,,,,,
,,,その他の出入口,5,3,0,0,0,0,0,0,0,1,0,1,,,,,,,,,,,,,,,,,,,,,,,
,,,窓,290,128,142,4,0,0,0,4,0,2,10,4,,,,,,,,,,,,,,,,,,,,,,,
,,,その他　,16,4,6,3,0,0,1,2,1,0,1,1,,,,,,,,,,,,,,,,,,,,,,,
,,,不明,133,9,0,1,0,0,1,0,0,0,2,121,,,,,,,,,,,,,,,,,,,,,,,
,３階建以下共同住宅,認知件数,,2095,875,448,368,1,5,306,56,36,5,111,252,,,,,,,,,,,,,,,,,,,,,,,
,,,表出入口,1031,503,0,360,0,4,304,52,28,0,86,54,,,,,,,,,,,,,,,,,,,,,,,
,,,非常口,0,0,0,0,0,0,0,0,0,0,0,0,,,,,,,,,,,,,,,,,,,,,,,
,,,その他の出入口,32,17,8,2,0,0,1,1,3,0,1,1,,,,,,,,,,,,,,,,,,,,,,,
,,,窓,776,313,429,4,1,1,0,2,5,4,14,7,,,,,,,,,,,,,,,,,,,,,,,
,,,その他　,36,13,11,0,0,0,0,0,0,1,10,1,,,,,,,,,,,,,,,,,,,,,,,
,,,不明,220,29,0,2,0,0,1,1,0,0,0,189,,,,,,,,,,,,,,,,,,,,,,,
忍込み,一戸建住宅,認知件数,,4224,2268,1569,109,0,5,43,61,25,44,109,100,,,,,,,,,,,,,,,,,,,,,,,
,,,表出入口,631,528,29,43,0,1,37,5,10,2,5,14,,,,,,,,,,,,,,,,,,,,,,,
,,,非常口,7,2,4,1,0,0,0,1,0,0,0,0,,,,,,,,,,,,,,,,,,,,,,,
,,,その他の出入口,690,448,121,45,0,3,5,37,8,3,55,10,,,,,,,,,,,,,,,,,,,,,,,
,,,窓,2670,1172,1380,18,0,1,0,17,7,36,37,20,,,,,,,,,,,,,,,,,,,,,,,
,,,その他　,93,43,35,2,0,0,1,1,0,3,9,1,,,,,,,,,,,,,,,,,,,,,,,
,,,不明,133,75,0,0,0,0,0,0,0,0,3,55,,,,,,,,,,,,,,,,,,,,,,,
,４階建以上共同住宅,認知件数,,133,99,12,11,0,0,10,1,1,0,3,7,,,,,,,,,,,,,,,,,,,,,,,
,,,表出入口,94,76,0,11,0,0,10,1,1,0,2,4,,,,,,,,,,,,,,,,,,,,,,,
,,,非常口,0,0,0,0,0,0,0,0,0,0,0,0,,,,,,,,,,,,,,,,,,,,,,,
,,,その他の出入口,0,0,0,0,0,0,0,0,0,0,0,0,,,,,,,,,,,,,,,,,,,,,,,
,,,窓,35,22,12,0,0,0,0,0,0,0,1,0,,,,,,,,,,,,,,,,,,,,,,,
,,,その他　,1,1,0,0,0,0,0,0,0,0,0,0,,,,,,,,,,,,,,,,,,,,,,,
,,,不明,3,0,0,0,0,0,0,0,0,0,0,3,,,,,,,,,,,,,,,,,,,,,,,
,３階建以下共同住宅,認知件数,,264,216,12,12,0,0,11,1,1,5,3,15,,,,,,,,,,,,,,,,,,,,,,,
,,,表出入口,140,122,0,12,0,0,11,1,1,0,2,3,,,,,,,,,,,,,,,,,,,,,,,
,,,非常口,0,0,0,0,0,0,0,0,0,0,0,0,,,,,,,,,,,,,,,,,,,,,,,
,,,その他の出入口,16,14,1,0,0,0,0,0,0,1,0,0,,,,,,,,,,,,,,,,,,,,,,,
,,,窓,89,75,10,0,0,0,0,0,0,3,1,0,,,,,,,,,,,,,,,,,,,,,,,
,,,その他　,3,1,1,0,0,0,0,0,0,1,0,0,,,,,,,,,,,,,,,,,,,,,,,
,,,不明,16,4,0,0,0,0,0,0,0,0,0,12,,,,,,,,,,,,,,,,,,,,,,,
居空き,一戸建住宅,認知件数,,537,384,84,14,0,1,5,8,2,2,13,38,,,,,,,,,,,,,,,,,,,,,,,
,,,表出入口,243,219,1,8,0,0,5,3,1,0,10,4,,,,,,,,,,,,,,,,,,,,,,,
,,,非常口,0,0,0,0,0,0,0,0,0,0,0,0,,,,,,,,,,,,,,,,,,,,,,,
,,,その他の出入口,55,39,8,3,0,1,0,2,1,0,2,2,,,,,,,,,,,,,,,,,,,,,,,
,,,窓,179,100,73,3,0,0,0,3,0,2,0,1,,,,,,,,,,,,,,,,,,,,,,,
,,,その他　,11,8,2,0,0,0,0,0,0,0,1,0,,,,,,,,,,,,,,,,,,,,,,,
,,,不明,49,18,0,0,0,0,0,0,0,0,0,31,,,,,,,,,,,,,,,,,,,,,,,
,４階建以上共同住宅,認知件数,,49,29,2,9,0,0,7,2,0,0,1,8,,,,,,,,,,,,,,,,,,,,,,,
,,,表出入口,35,25,0,7,0,0,7,0,0,0,0,3,,,,,,,,,,,,,,,,,,,,,,,
,,,非常口,0,0,0,0,0,0,0,0,0,0,0,0,,,,,,,,,,,,,,,,,,,,,,,
,,,その他の出入口,1,1,0,0,0,0,0,0,0,0,0,0,,,,,,,,,,,,,,,,,,,,,,,
,,,窓,8,3,2,2,0,0,0,2,0,0,1,0,,,,,,,,,,,,,,,,,,,,,,,
,,,その他　,0,0,0,0,0,0,0,0,0,0,0,0,,,,,,,,,,,,,,,,,,,,,,,
,,,不明,5,0,0,0,0,0,0,0,0,0,0,5,,,,,,,,,,,,,,,,,,,,,,,
,３階建以下共同住宅,認知件数,,89,71,3,2,0,0,1,1,0,1,3,9,,,,,,,,,,,,,,,,,,,,,,,
,,,表出入口,53,47,0,1,0,0,1,0,0,0,2,3,,,,,,,,,,,,,,,,,,,,,,,
,,,非常口,0,0,0,0,0,0,0,0,0,0,0,0,,,,,,,,,,,,,,,,,,,,,,,
,,,その他の出入口,5,4,0,0,0,0,0,0,0,0,1,0,,,,,,,,,,,,,,,,,,,,,,,
,,,窓,23,18,3,1,0,0,0,1,0,1,0,0,,,,,,,,,,,,,,,,,,,,,,,
,,,その他　,1,1,0,0,0,0,0,0,0,0,0,0,,,,,,,,,,,,,,,,,,,,,,,
,,,不明,7,1,0,0,0,0,0,0,0,0,0,6,,,,,,,,,,,,,,,,,,,,,,,
,,,,,,,,,,,,,,,,,,,,,,,,,,,,,,,,,,,,,,
図表：２－２－１－６（年齢層別侵入窃盗検挙人員、人口10万人当たり年齢層別侵入窃盗検挙人員）,,,,,,,,,,,,,,,,,,,,,,,,,,,,,,,,,,,,,,
,,年次,H28,H29,H30,R元,R2,R3,R4,R5,R6,R7,,,,,,,,,,,,,,,,,,,,,,,,,,
区分,,,,,,,,,,,,,,,,,,,,,,,,,,,,,,,,,,,,,,
検挙人員（人）,,,7326,7241,6561,6106,5671,5167,4896,5381,5154,5253,,,,,,,,,,,,,,,,,,,,,,,,,,
,14-19歳,,987,993,682,595,493,373,349,387,378,515,,,,,,,,,,,,,,,,,,,,,,,,,,
,,人口10万人当たり,13.7,14,9.7,8.6,7.3,5.6,5.3,5.9,5.8,7.9,,,,,,,,,,,,,,,,,,,,,,,,,,
,20-29歳,,2148,2191,1971,1776,1695,1532,1438,1624,1581,1547,,,,,,,,,,,,,,,,,,,,,,,,,,
,,人口10万人当たり,17.1,17.4,15.6,14,13.3,12.1,11.3,12.8,12.4,12.1,,,,,,,,,,,,,,,,,,,,,,,,,,
,30-39歳,,1434,1375,1332,1239,1162,1073,1013,1152,1066,1069,,,,,,,,,,,,,,,,,,,,,,,,,,
,,人口10万人当たり,9.3,9.1,9,8.6,8.2,7.7,7.4,8.6,8,8.1,,,,,,,,,,,,,,,,,,,,,,,,,,
,40-49歳,,1184,1162,1054,1044,922,830,819,852,768,824,,,,,,,,,,,,,,,,,,,,,,,,,,
,,人口10万人当たり,6.2,6.1,5.6,5.6,5,4.6,4.7,5,4.7,5,,,,,,,,,,,,,,,,,,,,,,,,,,
,50-59歳,,735,749,715,679,612,638,568,631,688,607,,,,,,,,,,,,,,,,,,,,,,,,,,
,,人口10万人当たり,4.8,4.7,4.5,4.2,3.7,3.7,3.2,3.5,3.8,3.3,,,,,,,,,,,,,,,,,,,,,,,,,,
,60-69歳,,587,533,513,475,458,432,382,397,357,361,,,,,,,,,,,,,,,,,,,,,,,,,,
,,人口10万人当たり,3.2,3,3,2.9,2.9,2.8,2.6,2.7,2.4,2.4,,,,,,,,,,,,,,,,,,,,,,,,,,
,70歳以上,,251,238,294,298,329,289,327,338,316,330,,,,,,,,,,,,,,,,,,,,,,,,,,
,,人口10万人当たり,1,0.9,1.1,1.1,1.2,1,1.1,1.2,1.1,1.1,,,,,,,,,,,,,,,,,,,,,,,,,,
,,,,,,,,,,,,,,,,,,,,,,,,,,,,,,,,,,,,,,
図表：２－２－２－１（鍵の状態別自動車盗認知・検挙状況）,,,,,,,,,,,,,,,,,,,,,,,,,,,,,,,,,,,,,,
,,年次,H28,H29,H30,R元,R2,R3,R4,R5,R6,R7,,,,,,,,,,,,,,,,,,,,,,,,,,
区分,,,,,,,,,,,,,,,,,,,,,,,,,,,,,,,,,,,,,,
認知件数(件),,,11655,10213,8628,7143,5210,5182,5734,5762,6080,6386,,,,,,,,,,,,,,,,,,,,,,,,,,
,,自動車10万台当たり(※1),15.1,13.2,11.1,9.1,6.7,6.6,7.3,7.3,7.7,8.1,,,,,,,,,,,,,,,,,,,,,,,,,,
,キーあり(※2),,3125,2605,2192,1801,1307,1196,1443,1506,1510,1416,,,,,,,,,,,,,,,,,,,,,,,,,,
,キーなし,,8530,7608,6436,5342,3903,3986,4291,4256,4570,4970,,,,,,,,,,,,,,,,,,,,,,,,,,
検挙件数(件),,,5713,5357,4248,3845,3006,2556,2612,2462,2683,2379,,,,,,,,,,,,,,,,,,,,,,,,,,
,キーあり,,1601,1557,1237,1213,934,729,836,956,812,915,,,,,,,,,,,,,,,,,,,,,,,,,,
,キーなし,,4112,3800,3011,2632,2072,1827,1776,1506,1871,1464,,,,,,,,,,,,,,,,,,,,,,,,,,
検挙人員(人),,,1100,1034,914,778,666,634,625,745,600,744,,,,,,,,,,,,,,,,,,,,,,,,,,
,キーあり,,665,648,588,528,409,392,373,437,350,484,,,,,,,,,,,,,,,,,,,,,,,,,,
,キーなし,,435,386,326,250,257,242,252,308,250,260,,,,,,,,,,,,,,,,,,,,,,,,,,
検挙率（％）,,,49,52.5,49.2,53.8,57.7,49.3,45.6,42.7,44.1,37.3,,,,,,,,,,,,,,,,,,,,,,,,,,
,キーあり,,51.2,59.8,56.4,67.4,71.5,61,57.9,63.5,53.8,64.6,,,,,,,,,,,,,,,,,,,,,,,,,,
,キーなし,,48.2,49.9,46.8,49.3,53.1,45.8,41.4,35.4,40.9,29.5,,,,,,,,,,,,,,,,,,,,,,,,,,
※１,,　「自動車」とは、道路交通法（昭和35年法律第105号）に規定する自動車の種類のうち、自動二輪を除いたものを,,,,,,,,,,,,,,,,,,,,,,,,,,,,,,,,,,,,
,,いい、「自動車台数」とは、一般財団法人自動車検査登録情報協会による３月末の登録台数をいう。以下同じ。,,,,,,,,,,,,,,,,,,,,,,,,,,,,,,,,,,,,
※２　「キーあり」とは、エンジンキーがメインスイッチに差し込まれていたか、運転席又はその周辺に放置されていたも,,,,,,,,,,,,,,,,,,,,,,,,,,,,,,,,,,,,,,
 　　のをいい、「キーなし」とは、それ以外の場合をいう。以下同じ。,,,,,,,,,,,,,,,,,,,,,,,,,,,,,,,,,,,,,,
,,,,,,,,,,,,,,,,,,,,,,,,,,,,,,,,,,,,,,
図表：２－２－２－２（鍵の状態・発生場所別自動車盗認知件数）,,,,,,,,,,,,,,,,,,,,,,,,,,,,,,,,,,,,,,
,,年次,R2,R3,R4,R5,R6,R7,,,,,,,,,,,,,,,,,,,,,,,,,,,,,,
区分,,,,,,,,,,,,,,,,,,,,,,,,,,,,,,,,,,,,,,
キーあり認知件数(件),,,1307,1196,1443,1506,1510,1416,,,,,,,,,,,,,,,,,,,,,,,,,,,,,,
,駐車場,,257,200,237,289,253,243,,,,,,,,,,,,,,,,,,,,,,,,,,,,,,
,道路上,,135,108,117,142,154,136,,,,,,,,,,,,,,,,,,,,,,,,,,,,,,
,住宅,,332,260,289,383,406,380,,,,,,,,,,,,,,,,,,,,,,,,,,,,,,
,,一戸建住宅,241,178,178,249,254,216,,,,,,,,,,,,,,,,,,,,,,,,,,,,,,
,,４階建以上共同住宅,34,25,39,55,64,69,,,,,,,,,,,,,,,,,,,,,,,,,,,,,,
,,３階建以下共同住宅,57,57,72,79,88,95,,,,,,,,,,,,,,,,,,,,,,,,,,,,,,
,その他,,583,628,800,692,697,657,,,,,,,,,,,,,,,,,,,,,,,,,,,,,,
キーなし認知件数,,,3903,3986,4291,4256,4570,4970,,,,,,,,,,,,,,,,,,,,,,,,,,,,,,
,駐車場,,1341,1248,1321,1211,1390,1537,,,,,,,,,,,,,,,,,,,,,,,,,,,,,,
,道路上,,83,72,73,65,58,64,,,,,,,,,,,,,,,,,,,,,,,,,,,,,,
,住宅,,1583,1647,1940,1913,2203,2505,,,,,,,,,,,,,,,,,,,,,,,,,,,,,,
,,一戸建住宅,984,951,1107,1081,1080,1309,,,,,,,,,,,,,,,,,,,,,,,,,,,,,,
,,４階建以上共同住宅,254,288,336,376,533,522,,,,,,,,,,,,,,,,,,,,,,,,,,,,,,
,,３階建以下共同住宅,345,408,497,456,590,674,,,,,,,,,,,,,,,,,,,,,,,,,,,,,,
,その他,,896,1019,957,1067,919,864,,,,,,,,,,,,,,,,,,,,,,,,,,,,,,
※　発生場所は、令和２年より統計方法が一部変更となったため、同年からの表記とした。以下同じ。,,,,,,,,,,,,,,,,,,,,,,,,,,,,,,,,,,,,,,
,,,,,,,,,,,,,,,,,,,,,,,,,,,,,,,,,,,,,,
図表：２－２－２－３（鍵の状態別自動車盗被害品数）,,,,,,,,,,,,,,,,,,,,,,,,,,,,,,,,,,,,,,
,,年次,H28,H29,H30,R元,R2,R3,R4,R5,R6,R7,,,,,,,,,,,,,,,,,,,,,,,,,,
区分,,,,,,,,,,,,,,,,,,,,,,,,,,,,,,,,,,,,,,
キーあり,車両被害品数（品）,,2996,2510,2126,1761,1288,1167,1414,1461,1454,1352,,,,,,,,,,,,,,,,,,,,,,,,,,
,,乗用自動車,1680,1412,1187,987,721,651,883,883,822,823,,,,,,,,,,,,,,,,,,,,,,,,,,
,,貨物自動車,1111,932,759,632,431,375,437,453,482,406,,,,,,,,,,,,,,,,,,,,,,,,,,
,,特殊自動車,166,128,146,123,114,126,81,109,132,105,,,,,,,,,,,,,,,,,,,,,,,,,,
,,その他,39,38,34,19,22,15,13,16,18,18,,,,,,,,,,,,,,,,,,,,,,,,,,
キーなし,車両被害品数（品）,,7745,6926,5900,5044,3601,3697,3836,3760,3970,4187,,,,,,,,,,,,,,,,,,,,,,,,,,
,,乗用自動車,4513,4272,4077,3581,2778,2702,3077,2960,3345,3532,,,,,,,,,,,,,,,,,,,,,,,,,,
,,貨物自動車,2677,2193,1425,1032,527,599,566,603,450,440,,,,,,,,,,,,,,,,,,,,,,,,,,
,,特殊自動車,468,374,345,389,268,351,164,156,137,179,,,,,,,,,,,,,,,,,,,,,,,,,,
,,その他,87,87,53,42,28,45,29,41,38,36,,,,,,,,,,,,,,,,,,,,,,,,,,
※　被害品は現金を除いて３品まで登録可能であり、被害品数と認知件数は一致しない。以下同じ。,,,,,,,,,,,,,,,,,,,,,,,,,,,,,,,,,,,,,,
※　「その他」には、その他の自動車のほか、オートバイ及び自転車を含む。,,,,,,,,,,,,,,,,,,,,,,,,,,,,,,,,,,,,,,
,,,,,,,,,,,,,,,,,,,,,,,,,,,,,,,,,,,,,,
図表：２－２－２－４（被害額別自動車盗認知件数）,,,,,,,,,,,,,,,,,,,,,,,,,,,,,,,,,,,,,,
,年次,H28,H29,H30,R元,R2,R3,R4,R5,R6,R7,,,,,,,,,,,,,,,,,,,,,,,,,,,
区分,,,,,,,,,,,,,,,,,,,,,,,,,,,,,,,,,,,,,,
認知件数（件）,,11655,10213,8628,7143,5210,5182,5734,5762,6080,6386,,,,,,,,,,,,,,,,,,,,,,,,,,,
,200万円未満,7991,6841,5626,4242,2811,2648,2612,2497,2389,2452,,,,,,,,,,,,,,,,,,,,,,,,,,,
,200万円～300万円未満,1200,989,794,747,574,469,410,489,397,442,,,,,,,,,,,,,,,,,,,,,,,,,,,
,300万円以上,1477,1526,1535,1769,1477,1711,2181,2187,2600,2611,,,,,,,,,,,,,,,,,,,,,,,,,,,
,被害なし 又は被害額認定困難,987,857,673,385,348,354,531,589,694,881,,,,,,,,,,,,,,,,,,,,,,,,,,,
,,,,,,,,,,,,,,,,,,,,,,,,,,,,,,,,,,,,,,
図表：２－２－２－５（鍵の状態別自動車盗被害車両還付状況）,,,,,,,,,,,,,,,,,,,,,,,,,,,,,,,,,,,,,,
,年次,H28,H29,H30,R元,R2,R3,R4,R5,R6,R7,,,,,,,,,,,,,,,,,,,,,,,,,,,
区分,,,,,,,,,,,,,,,,,,,,,,,,,,,,,,,,,,,,,,
キーあり,認知件数(件),3125,2605,2192,1801,1307,1196,1443,1506,1510,1416,,,,,,,,,,,,,,,,,,,,,,,,,,,
,還付件数(件),1432,1325,1052,958,724,605,667,763,637,720,,,,,,,,,,,,,,,,,,,,,,,,,,,
,還付率(％),45.8,50.9,48,53.2,55.4,50.6,46.2,50.7,42.2,50.8,,,,,,,,,,,,,,,,,,,,,,,,,,,
キーなし,認知件数,8530,7608,6436,5342,3903,3986,4291,4256,4570,4970,,,,,,,,,,,,,,,,,,,,,,,,,,,
,還付件数,1852,1576,1385,883,757,744,756,689,629,708,,,,,,,,,,,,,,,,,,,,,,,,,,,
,還付率,21.7,20.7,21.5,16.5,19.4,18.7,17.6,16.2,13.8,14.2,,,,,,,,,,,,,,,,,,,,,,,,,,,
※　還付率は、還付年の認知件数を基に算出した。以下同じ。,,,,,,,,,,,,,,,,,,,,,,,,,,,,,,,,,,,,,,
,,,,,,,,,,,,,,,,,,,,,,,,,,,,,,,,,,,,,,
図表：２－２－２－６（年齢層別自動車盗検挙人員、人口10万人当たり年齢層別自動車盗検挙人員）,,,,,,,,,,,,,,,,,,,,,,,,,,,,,,,,,,,,,,
,,年次,H28,H29,H30,R元,R2,R3,R4,R5,R6,R7,,,,,,,,,,,,,,,,,,,,,,,,,,
区分,,,,,,,,,,,,,,,,,,,,,,,,,,,,,,,,,,,,,,
検挙人員（人）,,,1100,1034,914,778,666,634,625,745,600,744,,,,,,,,,,,,,,,,,,,,,,,,,,
,14-19歳,,264,196,179,102,96,70,64,85,56,118,,,,,,,,,,,,,,,,,,,,,,,,,,
,,人口10万人当たり,3.67278798,2.757068505,2.551674982,1.476121563,1.415720395,1.050735515,0.969550068,1.294942108,0.85850069,1.808983597,,,,,,,,,,,,,,,,,,,,,,,,,,
,20-29歳,,196,231,204,155,139,150,141,171,160,172,,,,,,,,,,,,,,,,,,,,,,,,,,
,,人口10万人当たり,1.6,1.8,1.6,1.2,1.1,1.2,1.1,1.3,1.3,1.3,,,,,,,,,,,,,,,,,,,,,,,,,,
,30-39歳,,222,195,162,153,125,122,113,138,118,110,,,,,,,,,,,,,,,,,,,,,,,,,,
,,人口10万人当たり,1.4,1.3,1.1,1.1,0.9,0.9,0.8,1,0.9,0.8,,,,,,,,,,,,,,,,,,,,,,,,,,
,40-49歳,,212,176,170,163,129,121,132,169,93,134,,,,,,,,,,,,,,,,,,,,,,,,,,
,,人口10万人当たり,1.1,0.9,0.9,0.9,0.7,0.7,0.8,1,0.6,0.8,,,,,,,,,,,,,,,,,,,,,,,,,,
,50-59歳,,123,135,117,112,94,99,100,90,91,96,,,,,,,,,,,,,,,,,,,,,,,,,,
,,人口10万人当たり,0.8,0.9,0.7,0.7,0.6,0.6,0.6,0.5,0.5,0.5,,,,,,,,,,,,,,,,,,,,,,,,,,
,60歳以上,,83,101,82,93,83,72,75,92,82,114,,,,,,,,,,,,,,,,,,,,,,,,,,
,,人口10万人当たり,0.2,0.2,0.2,0.2,0.2,0.2,0.2,0.2,0.2,0.3,,,,,,,,,,,,,,,,,,,,,,,,,,
,,,,,,,,,,,,,,,,,,,,,,,,,,,,,,,,,,,,,,
,図表：２－２－３－１（ひったくり認知・検挙状況）,,,,,,,,,,,,,,,,,,,,,,,,,,,,,,,,,,,,,
,,年次,H28,H29,H30,R元,R2,R3,R4,R5,R6,R7,,,,,,,,,,,,,,,,,,,,,,,,,,
,区分,,,,,,,,,,,,,,,,,,,,,,,,,,,,,,,,,,,,,
,認知件数(件),,3493,2894,1920,1553,877,544,716,551,567,479,,,,,,,,,,,,,,,,,,,,,,,,,,
,,うち未遂,321,246,211,127,73,53,73,67,63,55,,,,,,,,,,,,,,,,,,,,,,,,,,
,検挙件数(件),,1286,1860,1457,950,712,426,414,483,439,364,,,,,,,,,,,,,,,,,,,,,,,,,,
,検挙人員(人),,485,509,395,370,248,206,216,219,238,215,,,,,,,,,,,,,,,,,,,,,,,,,,
,検挙率（％）,,36.8,64.3,75.9,61.2,81.2,78.3,57.8,87.7,77.4,76,,,,,,,,,,,,,,,,,,,,,,,,,,
,,,,,,,,,,,,,,,,,,,,,,,,,,,,,,,,,,,,,,
図表：２－２－３－２（被害者の男女別ひったくり認知件数）,,,,,,,,,,,,,,,,,,,,,,,,,,,,,,,,,,,,,,
,年次,H28,H29,H30,R元,R2,R3,R4,R5,R6,R7,,,,,,,,,,,,,,,,,,,,,,,,,,,
区分,,,,,,,,,,,,,,,,,,,,,,,,,,,,,,,,,,,,,,
認知件数(件),,3491,2893,1918,1552,877,544,716,551,567,479,,,,,,,,,,,,,,,,,,,,,,,,,,,
,うち女性被害,2817,2322,1479,1159,674,412,483,373,379,294,,,,,,,,,,,,,,,,,,,,,,,,,,,
,構成率（％）,80.7,80.3,77.1,74.7,76.9,75.7,67.5,67.7,66.8,61.4,,,,,,,,,,,,,,,,,,,,,,,,,,,
※　認知件数は、被害者の性別が判明しているものに限る。,,,,,,,,,,,,,,,,,,,,,,,,,,,,,,,,,,,,,,
,,,,,,,,,,,,,,,,,,,,,,,,,,,,,,,,,,,,,,
図表：２－２－３－３（被害者の年齢層別ひったくり認知件数、人口10万人当たり被害者の年齢層別ひったくり認知件数）,,,,,,,,,,,,,,,,,,,,,,,,,,,,,,,,,,,,,,
,,年次,H28,H29,H30,R元,R2,R3,R4,R5,R6,R7,,,,,,,,,,,,,,,,,,,,,,,,,,
区分,,,,,,,,,,,,,,,,,,,,,,,,,,,,,,,,,,,,,,
認知件数（件）,,,3491,2893,1918,1552,877,544,716,551,567,479,,,,,,,,,,,,,,,,,,,,,,,,,,
,19歳以下,,201,178,126,75,50,34,35,30,35,43,,,,,,,,,,,,,,,,,,,,,,,,,,
,,人口10万人当たり,0.9,0.8,0.6,0.4,0.2,0.2,0.2,0.2,0.2,0.2,,,,,,,,,,,,,,,,,,,,,,,,,,
,20-29歳,,740,597,439,311,150,117,136,105,133,103,,,,,,,,,,,,,,,,,,,,,,,,,,
,,人口10万人当たり,5.9,4.7,3.5,2.4,1.2,0.9,1.1,0.8,1,0.8,,,,,,,,,,,,,,,,,,,,,,,,,,
,30-39歳,,408,339,222,184,114,62,65,73,85,63,,,,,,,,,,,,,,,,,,,,,,,,,,
,,人口10万人当たり,2.6,2.2,1.5,1.3,0.8,0.4,0.5,0.5,0.6,0.5,,,,,,,,,,,,,,,,,,,,,,,,,,
,40-49歳,,487,350,262,211,103,60,92,54,53,65,,,,,,,,,,,,,,,,,,,,,,,,,,
,,人口10万人当たり,2.6,1.8,1.4,1.1,0.6,0.3,0.5,0.3,0.3,0.4,,,,,,,,,,,,,,,,,,,,,,,,,,
,50-59歳,,426,341,226,219,109,67,104,55,64,44,,,,,,,,,,,,,,,,,,,,,,,,,,
,,人口10万人当たり,2.8,2.2,1.4,1.3,0.7,0.4,0.6,0.3,0.4,0.2,,,,,,,,,,,,,,,,,,,,,,,,,,
,60-69歳,,496,394,237,196,117,53,93,56,57,53,,,,,,,,,,,,,,,,,,,,,,,,,,
,,人口10万人当たり,2.7,2.2,1.4,1.2,0.7,0.3,0.6,0.4,0.4,0.4,,,,,,,,,,,,,,,,,,,,,,,,,,
,70-79歳,,464,434,270,219,143,94,111,96,76,64,,,,,,,,,,,,,,,,,,,,,,,,,,
,,人口10万人当たり,3.3,3,1.8,1.4,0.9,0.6,0.7,0.6,0.5,0.4,,,,,,,,,,,,,,,,,,,,,,,,,,
,80歳以上,,269,260,136,137,91,57,80,82,64,44,,,,,,,,,,,,,,,,,,,,,,,,,,
,,人口10万人当たり,2.6,2.4,1.2,1.2,0.8,0.5,0.6,0.7,0.5,0.3,,,,,,,,,,,,,,,,,,,,,,,,,,
,,,,,,,,,,,,,,,,,,,,,,,,,,,,,,,,,,,,,,
図表：２－２－３－４（被害者の年齢層・発生時間帯別ひったくり認知件数　R6）,,,,,,,,,,,,,,,,,,,,,,,,,,,,,,,,,,,,,,
,時間,0-2時,2-4時,4-6時,6-8時,8-10時,10-12時,12-14時,14-16時,16-18時,18-20時,20-22時,22-24時,合計,,,,,,,,,,,,,,,,,,,,,,,,
区分,,,,,,,,,,,,,,,,,,,,,,,,,,,,,,,,,,,,,,
認知件数(件),,55,35,26,24,22,32,20,36,35,59,62,60,466,,,,,,,,,,,,,,,,,,,,,,,,
,19歳以下,5,3,1,4,1,2,2,2,5,5,8,3,41,,,,,,,,,,,,,,,,,,,,,,,,
,20-29歳,22,13,11,4,5,0,0,5,4,11,10,16,101,,,,,,,,,,,,,,,,,,,,,,,,
,30-39歳,6,9,4,4,0,0,2,2,4,6,13,11,61,,,,,,,,,,,,,,,,,,,,,,,,
,40-49歳,13,6,2,2,4,3,1,2,4,10,6,10,63,,,,,,,,,,,,,,,,,,,,,,,,
,50-59歳,4,1,5,2,3,2,1,2,4,3,6,8,41,,,,,,,,,,,,,,,,,,,,,,,,
,60-69歳,2,2,3,3,0,5,3,7,1,8,12,6,52,,,,,,,,,,,,,,,,,,,,,,,,
,70-79歳,2,0,0,4,6,12,2,8,6,13,6,5,64,,,,,,,,,,,,,,,,,,,,,,,,
,80歳以上,1,1,0,1,3,8,9,8,7,3,1,1,43,,,,,,,,,,,,,,,,,,,,,,,,
※　認知件数は、被害者の年齢及び発生時間帯が判明しているものに限る。,,,,,,,,,,,,,,,,,,,,,,,,,,,,,,,,,,,,,,
,,,,,,,,,,,,,,,,,,,,,,,,,,,,,,,,,,,,,,
図表：２－２－３－５（逃走時の交通手段別ひったくり検挙件数）,,,,,,,,,,,,,,,,,,,,,,,,,,,,,,,,,,,,,,
,,年次,H28,H29,H30,R元,R2,R3,R4,R5,R6,R7,,,,,,,,,,,,,,,,,,,,,,,,,,
区分,,,,,,,,,,,,,,,,,,,,,,,,,,,,,,,,,,,,,,
逃走時の交通手段別検挙件数(件),,,1019,1589,1266,735,586,309,298,373,318,245,,,,,,,,,,,,,,,,,,,,,,,,,,
,うちオートバイ,,562,1132,888,412,356,146,140,219,157,123,,,,,,,,,,,,,,,,,,,,,,,,,,
,,盗難車,219,479,385,230,232,96,83,99,74,47,,,,,,,,,,,,,,,,,,,,,,,,,,
,,盗難車以外,343,653,503,182,124,50,57,120,83,76,,,,,,,,,,,,,,,,,,,,,,,,,,
,うち自転車,,277,288,266,232,157,100,120,95,101,85,,,,,,,,,,,,,,,,,,,,,,,,,,
,うち自動車,,176,166,110,86,73,57,33,54,47,29,,,,,,,,,,,,,,,,,,,,,,,,,,
,,盗難車,4,23,7,7,9,17,4,4,11,3,,,,,,,,,,,,,,,,,,,,,,,,,,
,,自己所有,83,86,66,44,49,24,20,28,21,15,,,,,,,,,,,,,,,,,,,,,,,,,,
,,その他,89,57,37,35,15,16,9,22,15,11,,,,,,,,,,,,,,,,,,,,,,,,,,
※　解決事件を除く。,,,,,,,,,,,,,,,,,,,,,,,,,,,,,,,,,,,,,,
,,,,,,,,,,,,,,,,,,,,,,,,,,,,,,,,,,,,,,
図表：２－２－３－６（年齢層別ひったくり検挙人員、人口10万人当たり年齢層別ひったくり検挙人員）,,,,,,,,,,,,,,,,,,,,,,,,,,,,,,,,,,,,,,
,,年次,H28,H29,H30,R元,R2,R3,R4,R5,R6,R7,,,,,,,,,,,,,,,,,,,,,,,,,,
区分,,,,,,,,,,,,,,,,,,,,,,,,,,,,,,,,,,,,,,
検挙人員（人）,,,485,509,395,370,248,206,216,219,238,215,,,,,,,,,,,,,,,,,,,,,,,,,,
,14-19歳,,162,176,135,100,83,51,66,85,97,85,,,,,,,,,,,,,,,,,,,,,,,,,,
,,人口10万人当たり,2.3,2.5,1.9,1.4,1.2,0.8,1,1.3,1.5,1.3,,,,,,,,,,,,,,,,,,,,,,,,,,
,20-24歳,,97,89,55,73,29,43,29,29,33,34,,,,,,,,,,,,,,,,,,,,,,,,,,
,,人口10万人当たり,1.6,1.4,0.9,1.1,0.5,0.7,0.5,0.5,0.5,0.5,,,,,,,,,,,,,,,,,,,,,,,,,,
,25-29歳,,46,41,29,36,24,28,13,23,30,14,,,,,,,,,,,,,,,,,,,,,,,,,,
,,人口10万人当たり,0.7,0.6,0.5,0.6,0.4,0.4,0.2,0.4,0.5,0.2,,,,,,,,,,,,,,,,,,,,,,,,,,
,30-39歳,,74,83,81,75,45,32,42,23,24,30,,,,,,,,,,,,,,,,,,,,,,,,,,
,,人口10万人当たり,0.5,0.6,0.5,0.5,0.3,0.2,0.3,0.2,0.2,0.2,,,,,,,,,,,,,,,,,,,,,,,,,,
,40-49歳,,53,67,50,43,34,20,28,20,21,18,,,,,,,,,,,,,,,,,,,,,,,,,,
,,人口10万人当たり,0.3,0.4,0.3,0.2,0.2,0.1,0.2,0.1,0.1,0.1,,,,,,,,,,,,,,,,,,,,,,,,,,
,50歳以上,,53,53,45,43,33,32,38,39,33,34,,,,,,,,,,,,,,,,,,,,,,,,,,
,,人口10万人当たり,0.1,0.1,0.1,0.1,0.1,0.1,0.1,0.1,0.1,0.1,,,,,,,,,,,,,,,,,,,,,,,,,,
,,,,,,,,,,,,,,,,,,,,,,,,,,,,,,,,,,,,,,
図表：２－２－４－１（すり認知・検挙状況）,,,,,,,,,,,,,,,,,,,,,,,,,,,,,,,,,,,,,,
,年次,H28,H29,H30,R元,R2,R3,R4,R5,R6,R7,,,,,,,,,,,,,,,,,,,,,,,,,,,
区分,,,,,,,,,,,,,,,,,,,,,,,,,,,,,,,,,,,,,,
認知件数（件）,,3677,3524,3281,3141,1424,1110,1112,1443,1435,1590,,,,,,,,,,,,,,,,,,,,,,,,,,,
検挙件数（件）,,1261,929,1018,844,690,739,521,577,473,580,,,,,,,,,,,,,,,,,,,,,,,,,,,
検挙人員（人）,,689,553,604,539,415,287,345,358,360,319,,,,,,,,,,,,,,,,,,,,,,,,,,,
検挙率（％）,,34.3,26.4,31,26.9,48.5,66.6,46.9,40,33,36.5,,,,,,,,,,,,,,,,,,,,,,,,,,,
,,,,,,,,,,,,,,,,,,,,,,,,,,,,,,,,,,,,,,
図表：２－２－４－２（被害者の男女・年齢層別すり認知件数、人口10万人当たり被害者の男女・年齢層別すり認知件数）,,,,,,,,,,,,,,,,,,,,,,,,,,,,,,,,,,,,,,
,,,年次,H28,H29,H30,R元,R2,R3,R4,R5,R6,R7,,,,,,,,,,,,,,,,,,,,,,,,,
区分,,,,,,,,,,,,,,,,,,,,,,,,,,,,,,,,,,,,,,
認知件数（件）,,,,3676,3518,3280,3140,1422,1110,1112,1443,1435,1590,,,,,,,,,,,,,,,,,,,,,,,,,
,男性被害,,,1512,1578,1465,1450,699,437,576,754,754,854,,,,,,,,,,,,,,,,,,,,,,,,,
,,19歳以下,,117,133,127,102,39,30,43,65,57,45,,,,,,,,,,,,,,,,,,,,,,,,,
,,,人口10万人当たり,1,1.2,1.2,0.9,0.4,0.3,0.4,0.6,0.6,0.5,,,,,,,,,,,,,,,,,,,,,,,,,
,,20-29歳,,476,521,451,504,247,155,184,209,218,209,,,,,,,,,,,,,,,,,,,,,,,,,
,,,人口10万人当たり,7.4,8.1,7,7.7,3.8,2.4,2.8,3.2,3.3,3.2,,,,,,,,,,,,,,,,,,,,,,,,,
,,30-39歳,,284,318,278,258,133,68,108,124,160,148,,,,,,,,,,,,,,,,,,,,,,,,,
,,,人口10万人当たり,3.6,4.2,3.7,3.5,1.8,1,1.5,1.8,2.4,2.2,,,,,,,,,,,,,,,,,,,,,,,,,
,,40-49歳,,251,244,248,210,106,66,79,125,110,139,,,,,,,,,,,,,,,,,,,,,,,,,
,,,人口10万人当たり,2.6,2.5,2.6,2.2,1.1,0.7,0.9,1.5,1.3,1.7,,,,,,,,,,,,,,,,,,,,,,,,,
,,50-59歳,,158,191,187,206,90,57,72,118,97,143,,,,,,,,,,,,,,,,,,,,,,,,,
,,,人口10万人当たり,2,2.4,2.3,2.5,1.1,0.7,0.8,1.3,1.1,1.6,,,,,,,,,,,,,,,,,,,,,,,,,
,,60-69歳,,117,100,98,94,41,34,54,66,71,89,,,,,,,,,,,,,,,,,,,,,,,,,
,,,人口10万人当たり,1.3,1.2,1.2,1.2,0.5,0.5,0.7,0.9,1,1.2,,,,,,,,,,,,,,,,,,,,,,,,,
,,70歳以上,,109,71,76,76,43,27,36,47,41,81,,,,,,,,,,,,,,,,,,,,,,,,,
,,,人口10万人当たり,1.1,0.7,0.7,0.7,0.4,0.2,0.3,0.4,0.3,0.7,,,,,,,,,,,,,,,,,,,,,,,,,
,女性被害,,,2164,1940,1815,1690,723,673,536,689,681,736,,,,,,,,,,,,,,,,,,,,,,,,,
,,19歳以下,,245,189,192,159,74,113,71,79,57,58,,,,,,,,,,,,,,,,,,,,,,,,,
,,,人口10万人当たり,2.3,1.8,1.8,1.5,0.7,1.1,0.7,0.8,0.6,0.6,,,,,,,,,,,,,,,,,,,,,,,,,
,,20-29歳,,834,696,661,668,253,252,195,245,224,206,,,,,,,,,,,,,,,,,,,,,,,,,
,,,人口10万人当たり,13.6,11.3,10.7,10.8,4.1,4.1,3.2,4,3.6,3.3,,,,,,,,,,,,,,,,,,,,,,,,,
,,30-39歳,,352,316,294,282,103,112,61,99,92,107,,,,,,,,,,,,,,,,,,,,,,,,,
,,,人口10万人当たり,4.6,4.3,4.1,4,1.5,1.6,0.9,1.5,1.4,1.7,,,,,,,,,,,,,,,,,,,,,,,,,
,,40-49歳,,236,226,223,194,76,68,59,71,81,90,,,,,,,,,,,,,,,,,,,,,,,,,
,,,人口10万人当たり,2.5,2.4,2.4,2.1,0.8,0.8,0.7,0.9,1,1.1,,,,,,,,,,,,,,,,,,,,,,,,,
,,50-59歳,,162,166,152,132,65,34,48,58,78,89,,,,,,,,,,,,,,,,,,,,,,,,,
,,,人口10万人当たり,2.1,2.1,1.9,1.6,0.8,0.4,0.6,0.7,0.9,1,,,,,,,,,,,,,,,,,,,,,,,,,
,,60-69歳,,162,156,122,104,59,26,22,42,55,73,,,,,,,,,,,,,,,,,,,,,,,,,
,,,人口10万人当たり,1.7,1.7,1.4,1.3,0.7,0.3,0.3,0.6,0.7,1,,,,,,,,,,,,,,,,,,,,,,,,,
,,70歳以上,,173,191,171,151,93,68,80,95,94,113,,,,,,,,,,,,,,,,,,,,,,,,,
,,,人口10万人当たり,1.2,1.3,1.1,1,0.6,0.4,0.5,0.6,0.6,0.7,,,,,,,,,,,,,,,,,,,,,,,,,
※　認知件数は、被害者の性別及び年齢が判明しているものに限る。,,,,,,,,,,,,,,,,,,,,,,,,,,,,,,,,,,,,,,
,,,,,,,,,,,,,,,,,,,,,,,,,,,,,,,,,,,,,,
図表：２－２－４－３（年齢層別すり検挙人員、人口10万人当たり年齢層別すり検挙人員）,,,,,,,,,,,,,,,,,,,,,,,,,,,,,,,,,,,,,,
,,年次,H28,H29,H30,R元,R2,R3,R4,R5,R6,R7,,,,,,,,,,,,,,,,,,,,,,,,,,
区分,,,,,,,,,,,,,,,,,,,,,,,,,,,,,,,,,,,,,,
検挙人員（人）,,,689,553,604,539,415,287,345,358,360,319,,,,,,,,,,,,,,,,,,,,,,,,,,
,14-19歳,,90,51,62,52,32,20,36,54,36,34,,,,,,,,,,,,,,,,,,,,,,,,,,
,,人口10万人当たり,1.3,0.7,0.9,0.8,0.5,0.3,0.5,0.8,0.6,0.5,,,,,,,,,,,,,,,,,,,,,,,,,,
,20-29歳,,179,146,154,152,110,79,86,89,90,69,,,,,,,,,,,,,,,,,,,,,,,,,,
,,人口10万人当たり,1.4,1.2,1.2,1.2,0.9,0.6,0.7,0.7,0.7,0.5,,,,,,,,,,,,,,,,,,,,,,,,,,
,30-39歳,,114,88,105,84,73,39,49,50,66,58,,,,,,,,,,,,,,,,,,,,,,,,,,
,,人口10万人当たり,0.7,0.6,0.7,0.6,0.5,0.3,0.4,0.4,0.5,0.4,,,,,,,,,,,,,,,,,,,,,,,,,,
,40-49歳,,108,82,94,93,74,33,51,53,50,53,,,,,,,,,,,,,,,,,,,,,,,,,,
,,人口10万人当たり,0.6,0.4,0.5,0.5,0.4,0.2,0.3,0.3,0.3,0.3,,,,,,,,,,,,,,,,,,,,,,,,,,
,50-59歳,,68,65,72,61,49,43,56,50,47,33,,,,,,,,,,,,,,,,,,,,,,,,,,
,,人口10万人当たり,0.4,0.4,0.4,0.4,0.3,0.3,0.3,0.3,0.3,0.2,,,,,,,,,,,,,,,,,,,,,,,,,,
,60-69歳,,73,67,66,56,34,36,25,25,34,33,,,,,,,,,,,,,,,,,,,,,,,,,,
,,人口10万人当たり,0.4,0.4,0.4,0.3,0.2,0.2,0.2,0.2,0.2,0.2,,,,,,,,,,,,,,,,,,,,,,,,,,
,70歳以上,,57,54,51,41,43,37,42,37,37,39,,,,,,,,,,,,,,,,,,,,,,,,,,
,,人口10万人当たり,0.2,0.2,0.2,0.2,0.2,0.1,0.1,0.1,0.1,0.1,,,,,,,,,,,,,,,,,,,,,,,,,,
,,,,,,,,,,,,,,,,,,,,,,,,,,,,,,,,,,,,,,
図表：２－３－１－１（暴行認知・検挙状況）,,,,,,,,,,,,,,,,,,,,,,,,,,,,,,,,,,,,,,
,年次,H28,H29,H30,R元,R2,R3,R4,R5,R6,R7,,,,,,,,,,,,,,,,,,,,,,,,,,,
区分,,,,,,,,,,,,,,,,,,,,,,,,,,,,,,,,,,,,,,
認知件数(件),,31813,31013,31362,30276,27637,26436,27849,30196,29250,31137,,,,,,,,,,,,,,,,,,,,,,,,,,,
検挙件数(件),,25428,25372,26212,25556,24315,23257,23313,24869,24302,24971,,,,,,,,,,,,,,,,,,,,,,,,,,,
検挙人員(人),,25736,25696,26622,26377,24883,23993,23964,25305,24584,25019,,,,,,,,,,,,,,,,,,,,,,,,,,,
検挙率（％）,,79.9,81.8,83.6,84.4,88,88,83.7,82.4,83.1,80.2,,,,,,,,,,,,,,,,,,,,,,,,,,,
,,,,,,,,,,,,,,,,,,,,,,,,,,,,,,,,,,,,,,
図表：２－３－１－２（被疑者と被害者の関係別暴行検挙件数）,,,,,,,,,,,,,,,,,,,,,,,,,,,,,,,,,,,,,,
,,,年次,H28,H29,H30,R元,R2,R3,R4,R5,R6,R7,,,,,,,,,,,,,,,,,,,,,,,,,
区分,,,,,,,,,,,,,,,,,,,,,,,,,,,,,,,,,,,,,,
検挙件数（件）,,,,25319,25273,26137,25491,24243,23200,23237,24760,24212,24823,,,,,,,,,,,,,,,,,,,,,,,,,
,面識なし,,,12408,11973,11573,10755,9727,8675,9116,9955,9696,10192,,,,,,,,,,,,,,,,,,,,,,,,,
,面識あり,,,12911,13300,14564,14736,14516,14525,14121,14805,14516,14631,,,,,,,,,,,,,,,,,,,,,,,,,
,,親族,,6147,6441,7410,7829,6849,7097,6914,7041,6701,6778,,,,,,,,,,,,,,,,,,,,,,,,,
,,,うち配偶者,4032,4225,4830,4987,3865,3997,3811,3890,3572,3497,,,,,,,,,,,,,,,,,,,,,,,,,
,,,うち親,747,792,851,901,931,965,995,943,923,971,,,,,,,,,,,,,,,,,,,,,,,,,
,,,うち子,666,668,941,1175,1258,1367,1339,1400,1500,1445,,,,,,,,,,,,,,,,,,,,,,,,,
,,元配偶者,,-,-,-,-,224,240,237,209,259,250,,,,,,,,,,,,,,,,,,,,,,,,,
,,交際相手,,-,-,-,-,2547,2510,2386,2558,2532,2530,,,,,,,,,,,,,,,,,,,,,,,,,
,,知人、友人,,3761,3821,3933,3824,1977,1812,1804,1872,2031,2077,,,,,,,,,,,,,,,,,,,,,,,,,
,,職場関係者,,1215,1250,1392,1355,1295,1280,1282,1505,1532,1476,,,,,,,,,,,,,,,,,,,,,,,,,
,,その他,,1788,1788,1829,1728,1624,1586,1498,1620,1461,1520,,,,,,,,,,,,,,,,,,,,,,,,,
※　解決事件を除く。,,,,,,,,,,,,,,,,,,,,,,,,,,,,,,,,,,,,,,
,,,,,,,,,,,,,,,,,,,,,,,,,,,,,,,,,,,,,,
図表：２－３－１－３（年齢層別暴行検挙人員、人口10万人当たり年齢層別暴行検挙人員）,,,,,,,,,,,,,,,,,,,,,,,,,,,,,,,,,,,,,,
,,年次,H28,H29,H30,R元,R2,R3,R4,R5,R6,R7,,,,,,,,,,,,,,,,,,,,,,,,,,
区分,,,,,,,,,,,,,,,,,,,,,,,,,,,,,,,,,,,,,,
検挙人員（人）,,,25736,25696,26622,26377,24883,23993,23964,25305,24584,25019,,,,,,,,,,,,,,,,,,,,,,,,,,
,14-19歳,,1113,986,1011,909,765,749,802,883,1066,1100,,,,,,,,,,,,,,,,,,,,,,,,,,
,,人口10万人当たり,15.5,13.9,14.4,13.2,11.3,11.2,12.1,13.5,16.3,16.9,,,,,,,,,,,,,,,,,,,,,,,,,,
,20-29歳,,4027,4354,4535,4657,4391,4286,4117,4348,4215,4209,,,,,,,,,,,,,,,,,,,,,,,,,,
,,人口10万人当たり,32,34.6,35.9,36.6,34.6,33.9,32.5,34.2,33,32.9,,,,,,,,,,,,,,,,,,,,,,,,,,
,30-39歳,,5241,4987,5210,5146,4725,4389,4400,4525,4263,4275,,,,,,,,,,,,,,,,,,,,,,,,,,
,,人口10万人当たり,34,33.1,35.3,35.5,33.2,31.6,32.2,33.7,32.1,32.2,,,,,,,,,,,,,,,,,,,,,,,,,,
,40-49歳,,6029,5967,6191,5953,5493,5191,5166,5268,4978,4963,,,,,,,,,,,,,,,,,,,,,,,,,,
,,人口10万人当たり,31.7,31.5,32.9,31.9,29.9,29,29.7,31.2,30.4,30.3,,,,,,,,,,,,,,,,,,,,,,,,,,
,50-59歳,,3730,3850,3941,4052,3911,3940,4052,4461,4429,4640,,,,,,,,,,,,,,,,,,,,,,,,,,
,,人口10万人当たり,24.1,24.4,24.5,24.8,23.5,23.1,23.1,24.9,24.2,25.4,,,,,,,,,,,,,,,,,,,,,,,,,,
,60-69歳,,3429,3214,3173,2963,2720,2495,2507,2629,2516,2693,,,,,,,,,,,,,,,,,,,,,,,,,,
,,人口10万人当たり,18.6,18.1,18.7,18.3,17.3,16.3,16.7,17.7,17,18.1,,,,,,,,,,,,,,,,,,,,,,,,,,
,70歳以上,,2167,2338,2561,2697,2878,2943,2920,3191,3117,3139,,,,,,,,,,,,,,,,,,,,,,,,,,
,,人口10万人当たり,8.9,9.3,9.8,10,10.4,10.4,10.2,11,10.8,10.8,,,,,,,,,,,,,,,,,,,,,,,,,,
,,,,,,,,,,,,,,,,,,,,,,,,,,,,,,,,,,,,,,
図表：２－３－２－１（傷害認知・検挙状況）,,,,,,,,,,,,,,,,,,,,,,,,,,,,,,,,,,,,,,
,年次,H28,H29,H30,R元,R2,R3,R4,R5,R6,R7,,,,,,,,,,,,,,,,,,,,,,,,,,,
区分,,,,,,,,,,,,,,,,,,,,,,,,,,,,,,,,,,,,,,
認知件数(件),,24365,23286,22523,21188,18963,18145,19514,22169,22292,23460,,,,,,,,,,,,,,,,,,,,,,,,,,,
検挙件数(件),,19599,19051,18747,17987,16890,15585,15845,17954,18374,18844,,,,,,,,,,,,,,,,,,,,,,,,,,,
検挙人員(人),,21966,20979,20774,20105,18826,17525,17532,19902,20248,21047,,,,,,,,,,,,,,,,,,,,,,,,,,,
検挙率(％),,80.4,81.8,83.2,84.9,89.1,85.9,81.2,81,82.4,80.3,,,,,,,,,,,,,,,,,,,,,,,,,,,
,,,,,,,,,,,,,,,,,,,,,,,,,,,,,,,,,,,,,,
図表：２－３－２－２（被疑者と被害者の関係別傷害検挙件数）,,,,,,,,,,,,,,,,,,,,,,,,,,,,,,,,,,,,,,
,,,年次,H28,H29,H30,R元,R2,R3,R4,R5,R6,R7,,,,,,,,,,,,,,,,,,,,,,,,,
区分,,,,,,,,,,,,,,,,,,,,,,,,,,,,,,,,,,,,,,
検挙件数（件）,,,,19427,18919,18601,17915,16802,15503,15747,17849,18277,18716,,,,,,,,,,,,,,,,,,,,,,,,,
,面識なし,,,6577,6221,5886,5496,4904,4248,4555,5254,5444,5524,,,,,,,,,,,,,,,,,,,,,,,,,
,面識あり,,,12850,12698,12715,12419,11898,11255,11192,12595,12833,13192,,,,,,,,,,,,,,,,,,,,,,,,,
,,親族,,4517,4614,4733,4993,4200,3978,3928,4235,4382,4436,,,,,,,,,,,,,,,,,,,,,,,,,
,,,うち配偶者,2659,2682,2684,2639,1866,1742,1733,1787,1788,1885,,,,,,,,,,,,,,,,,,,,,,,,,
,,,うち親,688,729,770,811,766,724,762,814,763,798,,,,,,,,,,,,,,,,,,,,,,,,,
,,,うち子,565,580,708,1013,974,969,905,1063,1234,1150,,,,,,,,,,,,,,,,,,,,,,,,,
,,元配偶者,,-,-,-,-,179,132,164,168,189,194,,,,,,,,,,,,,,,,,,,,,,,,,
,,交際相手,,-,-,-,-,2005,1885,1951,2150,2051,2250,,,,,,,,,,,,,,,,,,,,,,,,,
,,知人、友人,,4860,4712,4536,4170,2710,2464,2391,2828,2954,3132,,,,,,,,,,,,,,,,,,,,,,,,,
,,職場関係者,,1831,1833,1933,1844,1582,1599,1625,1851,1943,1872,,,,,,,,,,,,,,,,,,,,,,,,,
,,その他,,1642,1539,1513,1412,1222,1197,1133,1363,1314,1308,,,,,,,,,,,,,,,,,,,,,,,,,
※　解決事件を除く。,,,,,,,,,,,,,,,,,,,,,,,,,,,,,,,,,,,,,,
,,,,,,,,,,,,,,,,,,,,,,,,,,,,,,,,,,,,,,
図表：２－３－２－３（年齢層別傷害検挙人員、人口10万人当たり年齢層別傷害検挙人員）,,,,,,,,,,,,,,,,,,,,,,,,,,,,,,,,,,,,,,
,,年次,H28,H29,H30,R元,R2,R3,R4,R5,R6,R7,,,,,,,,,,,,,,,,,,,,,,,,,,
区分,,,,,,,,,,,,,,,,,,,,,,,,,,,,,,,,,,,,,,
検挙人員（人）,,,21966,20979,20774,20105,18826,17525,17532,19902,20248,21047,,,,,,,,,,,,,,,,,,,,,,,,,,
,14-19歳,,2531,2184,2129,2075,1789,1657,1573,2084,2333,2630,,,,,,,,,,,,,,,,,,,,,,,,,,
,,人口10万人当たり,35.2,30.7,30.3,30,26.4,24.9,23.8,31.7,35.8,40.3,,,,,,,,,,,,,,,,,,,,,,,,,,
,20-29歳,,4443,4335,4453,4169,3976,3650,3692,3936,4100,4368,,,,,,,,,,,,,,,,,,,,,,,,,,
,,人口10万人当たり,35.3,34.4,35.2,32.8,31.3,28.9,29.1,31,32.1,34.2,,,,,,,,,,,,,,,,,,,,,,,,,,
,30-39歳,,4862,4586,4575,4309,3958,3522,3558,3904,4051,3914,,,,,,,,,,,,,,,,,,,,,,,,,,
,,人口10万人当たり,31.5,30.4,31,29.8,27.8,25.3,26.1,29.1,30.5,29.5,,,,,,,,,,,,,,,,,,,,,,,,,,
,40-49歳,,4880,4760,4598,4439,4094,3785,3632,4167,3886,3927,,,,,,,,,,,,,,,,,,,,,,,,,,
,,人口10万人当たり,25.7,25.1,24.4,23.8,22.3,21.1,20.9,24.7,23.7,24,,,,,,,,,,,,,,,,,,,,,,,,,,
,50-59歳,,2534,2469,2536,2617,2500,2517,2695,3080,3186,3349,,,,,,,,,,,,,,,,,,,,,,,,,,
,,人口10万人当たり,16.4,15.7,15.8,16,15,14.7,15.4,17.2,17.4,18.3,,,,,,,,,,,,,,,,,,,,,,,,,,
,60-69歳,,1796,1680,1455,1413,1339,1195,1181,1410,1387,1543,,,,,,,,,,,,,,,,,,,,,,,,,,
,,人口10万人当たり,9.7,9.5,8.6,8.7,8.5,7.8,7.9,9.5,9.3,10.4,,,,,,,,,,,,,,,,,,,,,,,,,,
,70歳以上,,920,965,1028,1083,1170,1199,1201,1321,1305,1316,,,,,,,,,,,,,,,,,,,,,,,,,,
,,人口10万人当たり,3.8,3.8,3.9,4,4.2,4.2,4.2,4.6,4.5,4.5,,,,,,,,,,,,,,,,,,,,,,,,,,
,,,,,,,,,,,,,,,,,,,,,,,,,,,,,,,,,,,,,,
図表：２－３－３－ア－１（施錠状態別車上ねらい認知・検挙状況）,,,,,,,,,,,,,,,,,,,,,,,,,,,,,,,,,,,,,,
,,年次,H28,H29,H30,R元,R2,R3,R4,R5,R6,R7,,,,,,,,,,,,,,,,,,,,,,,,,,
区分,,,,,,,,,,,,,,,,,,,,,,,,,,,,,,,,,,,,,,
認知件数(件),,,59974,54768,44969,37425,27978,23282,23289,24934,22934,22639,,,,,,,,,,,,,,,,,,,,,,,,,,
,施錠した※,,29460,26994,20631,15574,9956,8283,8097,7621,6656,5956,,,,,,,,,,,,,,,,,,,,,,,,,,
,施錠せず,,30514,27774,24338,21851,18022,14999,15192,17313,16278,16683,,,,,,,,,,,,,,,,,,,,,,,,,,
検挙件数(件),,,11650,13466,10953,10951,10300,8274,7741,7105,7214,6021,,,,,,,,,,,,,,,,,,,,,,,,,,
,施錠した,,5660,7187,5300,5617,4833,3135,3316,2276,2601,1820,,,,,,,,,,,,,,,,,,,,,,,,,,
,施錠せず,,5990,6279,5653,5334,5467,5139,4425,4829,4613,4201,,,,,,,,,,,,,,,,,,,,,,,,,,
検挙人員(人),,,1464,1575,1556,1416,1300,1171,1138,1248,1287,1277,,,,,,,,,,,,,,,,,,,,,,,,,,
,施錠した,,276,283,243,213,166,168,144,161,166,166,,,,,,,,,,,,,,,,,,,,,,,,,,
,施錠せず,,1188,1292,1313,1203,1134,1003,994,1087,1121,1111,,,,,,,,,,,,,,,,,,,,,,,,,,
検挙率（％）,,,19.4,24.6,24.4,29.3,36.8,35.5,33.2,28.5,31.5,26.6,,,,,,,,,,,,,,,,,,,,,,,,,,
,施錠した,,19.2,26.6,25.7,36.1,48.5,37.8,41,29.9,39.1,30.6,,,,,,,,,,,,,,,,,,,,,,,,,,
,施錠せず,,19.6,22.6,23.2,24.4,30.3,34.3,29.1,27.9,28.3,25.2,,,,,,,,,,,,,,,,,,,,,,,,,,
※　「施錠した」とは、当該自動車、オートバイ又は自転車を施錠していたにもかかわらず盗まれたものをいい、,,,,,,,,,,,,,,,,,,,,,,,,,,,,,,,,,,,,,,
,,「施錠せず」とは、無施錠で盗まれたものをいう。以下同じ。,,,,,,,,,,,,,,,,,,,,,,,,,,,,,,,,,,,,
,,,,,,,,,,,,,,,,,,,,,,,,,,,,,,,,,,,,,,
図表：２－３－３－ア－２（施錠状態・発生場所別車上ねらい認知件数）,,,,,,,,,,,,,,,,,,,,,,,,,,,,,,,,,,,,,,
年次,,,R2,R3,R4,R5,R6,R7,,,,,,,,,,,,,,,,,,,,,,,,,,,,,,
区分,,,,,,,,,,,,,,,,,,,,,,,,,,,,,,,,,,,,,,
施錠した認知件数(件),,,9956,8283,8097,7621,6656,5956,,,,,,,,,,,,,,,,,,,,,,,,,,,,,,
,駐車(輪)場,,3336,2839,2684,2085,1622,1737,,,,,,,,,,,,,,,,,,,,,,,,,,,,,,
,道路上,,791,515,399,356,312,332,,,,,,,,,,,,,,,,,,,,,,,,,,,,,,
,住宅,,3976,3403,3671,3886,3372,2589,,,,,,,,,,,,,,,,,,,,,,,,,,,,,,
,,一戸建住宅,1878,1434,1266,1501,1309,987,,,,,,,,,,,,,,,,,,,,,,,,,,,,,,
,,４階建以上共同住宅,548,495,554,502,429,353,,,,,,,,,,,,,,,,,,,,,,,,,,,,,,
,,３階建以下共同住宅,1550,1474,1851,1883,1634,1249,,,,,,,,,,,,,,,,,,,,,,,,,,,,,,
,その他,,1853,1526,1343,1294,1350,1298,,,,,,,,,,,,,,,,,,,,,,,,,,,,,,
施錠せず認知件数,,,18022,14999,15192,17313,16278,16683,,,,,,,,,,,,,,,,,,,,,,,,,,,,,,
,駐車(輪)場,,2675,2047,1853,1962,1959,2076,,,,,,,,,,,,,,,,,,,,,,,,,,,,,,
,道路上,,3932,3145,3224,3566,3000,3048,,,,,,,,,,,,,,,,,,,,,,,,,,,,,,
,住宅,,5276,4247,4434,5118,4881,4851,,,,,,,,,,,,,,,,,,,,,,,,,,,,,,
,,一戸建住宅,3663,2750,2762,3327,3086,2993,,,,,,,,,,,,,,,,,,,,,,,,,,,,,,
,,４階建以上共同住宅,695,658,696,766,817,817,,,,,,,,,,,,,,,,,,,,,,,,,,,,,,
,,３階建以下共同住宅,918,839,976,1025,978,1041,,,,,,,,,,,,,,,,,,,,,,,,,,,,,,
,その他,,6139,5560,5681,6667,6438,6708,,,,,,,,,,,,,,,,,,,,,,,,,,,,,,
,,,,,,,,,,,,,,,,,,,,,,,,,,,,,,,,,,,,,,
図表：２－３－３－ア－３（施錠状態別車上ねらい主な被害品数）,,,,,,,,,,,,,,,,,,,,,,,,,,,,,,,,,,,,,,
,,,年次,H28,H29,H30,R元,R2,R3,R4,R5,R6,R7,,,,,,,,,,,,,,,,,,,,,,,,,
区分,,,,,,,,,,,,,,,,,,,,,,,,,,,,,,,,,,,,,,
被害品数（品）,,,,108430,99969,81496,66695,49967,41325,40013,42174,38527,38131,,,,,,,,,,,,,,,,,,,,,,,,,
,施錠した,,,47674,45117,34568,25442,16515,13488,12647,11575,10720,9603,,,,,,,,,,,,,,,,,,,,,,,,,
,,うちバッグ・財布類,,11363,11420,8616,6291,4170,3533,2971,2918,2847,2440,,,,,,,,,,,,,,,,,,,,,,,,,
,,うちカード・有価証券,,7850,8137,6501,5463,3418,2657,2649,2416,2378,2206,,,,,,,,,,,,,,,,,,,,,,,,,
,,うち機械類,,8195,6300,4999,3645,2039,1625,1635,1427,1272,1161,,,,,,,,,,,,,,,,,,,,,,,,,
,,,携帯電話,1030,813,535,398,238,191,146,141,127,121,,,,,,,,,,,,,,,,,,,,,,,,,
,,,建設機械,2350,1787,1758,1289,684,442,521,502,328,278,,,,,,,,,,,,,,,,,,,,,,,,,
,,,その他,4815,3700,2706,1958,1117,992,968,784,817,762,,,,,,,,,,,,,,,,,,,,,,,,,
,,うち運転免許証,,3392,3606,3050,2528,1635,1238,1114,1070,1004,929,,,,,,,,,,,,,,,,,,,,,,,,,
,,うち車両用部品,,2015,1605,950,640,499,372,579,302,225,209,,,,,,,,,,,,,,,,,,,,,,,,,
,,,カーナビ,1093,722,366,209,157,67,169,46,24,21,,,,,,,,,,,,,,,,,,,,,,,,,
,,,ナンバープレート,66,64,36,38,16,26,30,12,17,12,,,,,,,,,,,,,,,,,,,,,,,,,
,,,その他,856,819,548,393,326,279,380,244,184,176,,,,,,,,,,,,,,,,,,,,,,,,,
,施錠せず,,,60756,54852,46928,41253,33452,27837,27366,30599,27807,28528,,,,,,,,,,,,,,,,,,,,,,,,,
,,うちバッグ・財布類,,15300,13705,11582,10213,8458,7108,6762,7554,6799,6895,,,,,,,,,,,,,,,,,,,,,,,,,
,,うちカード・有価証券,,13280,12368,10960,9697,7583,6147,5886,6464,5975,5927,,,,,,,,,,,,,,,,,,,,,,,,,
,,うち機械類,,6121,5306,4456,3755,2962,2590,2656,2739,2566,2823,,,,,,,,,,,,,,,,,,,,,,,,,
,,,携帯電話,2531,2183,1868,1466,1178,1087,986,1123,957,1037,,,,,,,,,,,,,,,,,,,,,,,,,
,,,建設機械,672,712,622,601,401,394,396,349,321,414,,,,,,,,,,,,,,,,,,,,,,,,,
,,,その他,2918,2411,1966,1688,1383,1109,1274,1267,1288,1372,,,,,,,,,,,,,,,,,,,,,,,,,
,,うち運転免許証,,6770,6178,5512,4529,3700,2969,2827,3172,2659,2634,,,,,,,,,,,,,,,,,,,,,,,,,
,,うち車両用部品,,750,657,539,531,394,304,340,453,452,477,,,,,,,,,,,,,,,,,,,,,,,,,
,,,カーナビ,166,150,84,73,39,26,17,18,15,10,,,,,,,,,,,,,,,,,,,,,,,,,
,,,ナンバープレート,35,28,24,20,23,10,20,15,16,21,,,,,,,,,,,,,,,,,,,,,,,,,
,,,その他,549,479,431,438,332,268,303,420,421,446,,,,,,,,,,,,,,,,,,,,,,,,,
,,,,,,,,,,,,,,,,,,,,,,,,,,,,,,,,,,,,,,
図表：２－３－３－ア－４（年齢層別車上ねらい検挙人員、人口10万人当たり年齢層別車上ねらい検挙人員）,,,,,,,,,,,,,,,,,,,,,,,,,,,,,,,,,,,,,,
,,年次,H28,H29,H30,R元,R2,R3,R4,R5,R6,R7,,,,,,,,,,,,,,,,,,,,,,,,,,
区分,,,,,,,,,,,,,,,,,,,,,,,,,,,,,,,,,,,,,,
検挙人員（人）,,,1464,1575,1556,1416,1300,1171,1138,1248,1287,1277,,,,,,,,,,,,,,,,,,,,,,,,,,
,14-19歳,,200,193,163,137,118,85,88,135,160,165,,,,,,,,,,,,,,,,,,,,,,,,,,
,,人口10万人当たり,2.8,2.7,2.3,2,1.7,1.3,1.3,2.1,2.5,2.5,,,,,,,,,,,,,,,,,,,,,,,,,,
,20-29歳,,263,279,258,236,214,171,169,186,181,177,,,,,,,,,,,,,,,,,,,,,,,,,,
,,人口10万人当たり,2.1,2.2,2,1.9,1.7,1.4,1.3,1.5,1.4,1.4,,,,,,,,,,,,,,,,,,,,,,,,,,
,30-39歳,,245,233,252,224,177,167,147,160,174,174,,,,,,,,,,,,,,,,,,,,,,,,,,
,,人口10万人当たり,1.6,1.5,1.7,1.5,1.2,1.2,1.1,1.2,1.3,1.3,,,,,,,,,,,,,,,,,,,,,,,,,,
,40-49歳,,280,298,320,261,230,233,234,202,202,187,,,,,,,,,,,,,,,,,,,,,,,,,,
,,人口10万人当たり,1.5,1.6,1.7,1.4,1.3,1.3,1.3,1.2,1.2,1.1,,,,,,,,,,,,,,,,,,,,,,,,,,
,50-59歳,,172,222,213,207,218,204,189,215,264,247,,,,,,,,,,,,,,,,,,,,,,,,,,
,,人口10万人当たり,1.1,1.4,1.3,1.3,1.3,1.2,1.1,1.2,1.4,1.4,,,,,,,,,,,,,,,,,,,,,,,,,,
,60-69歳,,198,212,199,187,186,145,156,172,152,162,,,,,,,,,,,,,,,,,,,,,,,,,,
,,人口10万人当たり,1.1,1.2,1.2,1.2,1.2,1,1,1.2,1,1.1,,,,,,,,,,,,,,,,,,,,,,,,,,
,70歳以上,,106,138,151,164,157,166,155,178,154,165,,,,,,,,,,,,,,,,,,,,,,,,,,
,,人口10万人当たり,0.4,0.5,0.6,0.6,0.6,0.6,0.5,0.6,0.5,0.6,,,,,,,,,,,,,,,,,,,,,,,,,,
,,,,,,,,,,,,,,,,,,,,,,,,,,,,,,,,,,,,,,
図表：２－３－３－イ－１（部品ねらい認知・検挙状況）,,,,,,,,,,,,,,,,,,,,,,,,,,,,,,,,,,,,,,
,年次,H28,H29,H30,R元,R2,R3,R4,R5,R6,R7,,,,,,,,,,,,,,,,,,,,,,,,,,,
区分,,,,,,,,,,,,,,,,,,,,,,,,,,,,,,,,,,,,,,
認知件数(件),,28403,27353,20966,16585,13453,13047,13301,14310,14724,15216,,,,,,,,,,,,,,,,,,,,,,,,,,,
検挙件数(件),,3738,3311,3831,2647,2212,1639,1693,2299,2333,2194,,,,,,,,,,,,,,,,,,,,,,,,,,,
検挙人員(人),,706,625,512,497,497,434,417,449,409,428,,,,,,,,,,,,,,,,,,,,,,,,,,,
検挙率（％）,,13.2,12.1,18.3,16,16.4,12.6,12.7,16.1,15.8,14.4,,,,,,,,,,,,,,,,,,,,,,,,,,,
,,,,,,,,,,,,,,,,,,,,,,,,,,,,,,,,,,,,,,
図表：２－３－３－イ－2（発生場所別部品ねらい認知件数）,,,,,,,,,,,,,,,,,,,,,,,,,,,,,,,,,,,,,,
,,年次,R2,R3,R4,R5,R6,R7,,,,,,,,,,,,,,,,,,,,,,,,,,,,,,
区分,,,,,,,,,,,,,,,,,,,,,,,,,,,,,,,,,,,,,,
認知件数（件）,,,13453,13047,13301,14310,14724,15216,,,,,,,,,,,,,,,,,,,,,,,,,,,,,,
,駐車(輪)場,,4444,4017,4046,3781,3745,3588,,,,,,,,,,,,,,,,,,,,,,,,,,,,,,
,道路上,,626,532,499,517,502,476,,,,,,,,,,,,,,,,,,,,,,,,,,,,,,
,住宅,,5524,5684,5850,6715,7037,7678,,,,,,,,,,,,,,,,,,,,,,,,,,,,,,
,,一戸建住宅,1587,1447,1592,1852,2097,2382,,,,,,,,,,,,,,,,,,,,,,,,,,,,,,
,,４階建以上共同住宅,2305,2547,2471,2916,2958,3193,,,,,,,,,,,,,,,,,,,,,,,,,,,,,,
,,３階建以下共同住宅,1632,1690,1787,1947,1982,2103,,,,,,,,,,,,,,,,,,,,,,,,,,,,,,
,その他,,2859,2814,2906,3297,3440,3474,,,,,,,,,,,,,,,,,,,,,,,,,,,,,,
,,,,,,,,,,,,,,,,,,,,,,,,,,,,,,,,,,,,,,
図表：２－３－３－イ－３（部品ねらい被害品数）,,,,,,,,,,,,,,,,,,,,,,,,,,,,,,,,,,,,,,
,,年次,H28,H29,H30,R元,R2,R3,R4,R5,R6,R7,,,,,,,,,,,,,,,,,,,,,,,,,,
区分,,,,,,,,,,,,,,,,,,,,,,,,,,,,,,,,,,,,,,
被害品数（品）,,,29258,28132,21570,17030,13943,13547,13767,14925,15486,15793,,,,,,,,,,,,,,,,,,,,,,,,,,
,車両用部品,,27716,26844,20502,16169,13237,12793,12959,14071,14411,14648,,,,,,,,,,,,,,,,,,,,,,,,,,
,,ナンバープレート,12629,12289,9709,8267,6608,5833,6231,6311,6355,6043,,,,,,,,,,,,,,,,,,,,,,,,,,
,,カーナビ,833,771,236,177,103,76,133,53,34,31,,,,,,,,,,,,,,,,,,,,,,,,,,
,,タイヤ・ホイール,2372,2578,1715,1476,1084,847,758,1018,1173,1885,,,,,,,,,,,,,,,,,,,,,,,,,,
,,その他,11882,11206,8842,6249,5442,6037,5837,6689,6849,6689,,,,,,,,,,,,,,,,,,,,,,,,,,
,その他,,1542,1288,1089,861,706,754,808,854,1075,1145,,,,,,,,,,,,,,,,,,,,,,,,,,
,,,,,,,,,,,,,,,,,,,,,,,,,,,,,,,,,,,,,,
図表：２－３－３－イ－４（年齢層別部品ねらい検挙人員、人口10万人当たり年齢層別部品ねらい検挙人員）,,,,,,,,,,,,,,,,,,,,,,,,,,,,,,,,,,,,,,
,,年次,H28,H29,H30,R元,R2,R3,R4,R5,R6,R7,,,,,,,,,,,,,,,,,,,,,,,,,,
区分,,,,,,,,,,,,,,,,,,,,,,,,,,,,,,,,,,,,,,
検挙人員（人）,,,706,625,512,497,497,434,417,449,409,428,,,,,,,,,,,,,,,,,,,,,,,,,,
,14-19歳,,404,284,252,256,251,201,179,211,208,208,,,,,,,,,,,,,,,,,,,,,,,,,,
,,人口10万人当たり,5.6,4,3.6,3.7,3.7,3,2.7,3.2,3.2,3.2,,,,,,,,,,,,,,,,,,,,,,,,,,
,20-29歳,,89,98,75,69,66,47,45,73,48,42,,,,,,,,,,,,,,,,,,,,,,,,,,
,,人口10万人当たり,0.7,0.8,0.6,0.5,0.5,0.4,0.4,0.6,0.4,0.3,,,,,,,,,,,,,,,,,,,,,,,,,,
,30-39歳,,48,64,24,29,24,27,31,27,20,22,,,,,,,,,,,,,,,,,,,,,,,,,,
,,人口10万人当たり,0.3,0.4,0.2,0.2,0.2,0.2,0.2,0.2,0.2,0.2,,,,,,,,,,,,,,,,,,,,,,,,,,
,40-49歳,,49,58,48,30,43,53,54,31,27,34,,,,,,,,,,,,,,,,,,,,,,,,,,
,,人口10万人当たり,0.3,0.3,0.3,0.2,0.2,0.3,0.3,0.2,0.2,0.2,,,,,,,,,,,,,,,,,,,,,,,,,,
,50-59歳,,42,47,32,43,34,37,44,42,38,52,,,,,,,,,,,,,,,,,,,,,,,,,,
,,人口10万人当たり,0.3,0.3,0.2,0.3,0.2,0.2,0.3,0.2,0.2,0.3,,,,,,,,,,,,,,,,,,,,,,,,,,
,60-69歳,,39,35,37,34,36,21,21,23,31,28,,,,,,,,,,,,,,,,,,,,,,,,,,
,,人口10万人当たり,0.2,0.2,0.2,0.2,0.2,0.1,0.1,0.2,0.2,0.2,,,,,,,,,,,,,,,,,,,,,,,,,,
,70歳以上,,35,39,44,36,43,48,43,42,37,42,,,,,,,,,,,,,,,,,,,,,,,,,,
,,人口10万人当たり,0.1,0.2,0.2,0.1,0.2,0.2,0.1,0.1,0.1,0.1,,,,,,,,,,,,,,,,,,,,,,,,,,
,,,,,,,,,,,,,,,,,,,,,,,,,,,,,,,,,,,,,,
図表：２－３－３－ウ－１（万引き認知・検挙状況）,,,,,,,,,,,,,,,,,,,,,,,,,,,,,,,,,,,,,,
,年次,H28,H29,H30,R元,R2,R3,R4,R5,R6,R7,,,,,,,,,,,,,,,,,,,,,,,,,,,
区分,,,,,,,,,,,,,,,,,,,,,,,,,,,,,,,,,,,,,,
認知件数(件),,112702,108009,99692,93812,87280,86237,83598,93168,98292,105135,,,,,,,,,,,,,,,,,,,,,,,,,,,
検挙件数(件),,78131,75257,71330,65814,62609,63493,58283,62675,66983,72339,,,,,,,,,,,,,,,,,,,,,,,,,,,
検挙人員(人),,69879,66154,61061,55337,51622,50369,45826,49399,51588,55192,,,,,,,,,,,,,,,,,,,,,,,,,,,
検挙率（％）,,69.3,69.7,71.6,70.2,71.7,73.6,69.7,67.3,68.1,68.8,,,,,,,,,,,,,,,,,,,,,,,,,,,
,,,,,,,,,,,,,,,,,,,,,,,,,,,,,,,,,,,,,,
図表：２－３－３－ウ－２（万引き被害品数）,,,,,,,,,,,,,,,,,,,,,,,,,,,,,,,,,,,,,,
,年次,H28,H29,H30,R元,R2,R3,R4,R5,R6,R7,,,,,,,,,,,,,,,,,,,,,,,,,,,
区分,,,,,,,,,,,,,,,,,,,,,,,,,,,,,,,,,,,,,,
被害品数(品),,125860,120782,111225,104861,99972,99147,95976,105914,110831,117755,,,,,,,,,,,,,,,,,,,,,,,,,,,
,食料品,52375,50025,46853,44375,42144,42653,40349,44943,47271,53186,,,,,,,,,,,,,,,,,,,,,,,,,,,
,その他,73485,70757,64372,60486,57828,56494,55627,60971,63560,64569,,,,,,,,,,,,,,,,,,,,,,,,,,,
,,,,,,,,,,,,,,,,,,,,,,,,,,,,,,,,,,,,,,
図表：２－３－３－ウ－３（検挙した事件に係る被疑者の年齢層別万引き被害品数）,,,,,,,,,,,,,,,,,,,,,,,,,,,,,,,,,,,,,,
,,年次,H28,H29,H30,R元,R2,R3,R4,R5,R6,R7,,,,,,,,,,,,,,,,,,,,,,,,,,
区分,,,,,,,,,,,,,,,,,,,,,,,,,,,,,,,,,,,,,,
被害品数(品),,,87068,84112,79398,73278,70361,72001,65957,70113,74092,80104,,,,,,,,,,,,,,,,,,,,,,,,,,
,,うち衣料品,6500,6189,6119,5477,5123,5076,4679,5078,5976,5978,,,,,,,,,,,,,,,,,,,,,,,,,,
,,うち食料品,46696,45100,42147,39391,37045,37007,34138,37149,39101,42688,,,,,,,,,,,,,,,,,,,,,,,,,,
,,うち化粧品,5543,5977,5911,5551,5082,5624,4879,5010,5138,5748,,,,,,,,,,,,,,,,,,,,,,,,,,
,14-19歳,,9291,8130,7285,5960,4921,4247,4215,5609,6390,7837,,,,,,,,,,,,,,,,,,,,,,,,,,
,,うち衣料品,845,804,799,598,436,381,374,535,692,882,,,,,,,,,,,,,,,,,,,,,,,,,,
,,うち食料品,3167,2708,2547,2058,1807,1582,1644,2299,2706,3293,,,,,,,,,,,,,,,,,,,,,,,,,,
,,うち化粧品,870,835,794,614,510,600,474,622,649,807,,,,,,,,,,,,,,,,,,,,,,,,,,
,20-29歳,,9606,10098,9793,9377,8430,9303,8657,8420,8709,10252,,,,,,,,,,,,,,,,,,,,,,,,,,
,,うち衣料品,854,812,823,766,696,633,760,745,829,851,,,,,,,,,,,,,,,,,,,,,,,,,,
,,うち食料品,3372,3476,3236,3254,2766,3083,2920,3031,3267,3910,,,,,,,,,,,,,,,,,,,,,,,,,,
,,うち化粧品,1335,1708,1782,1746,1633,1638,1412,1209,1120,1429,,,,,,,,,,,,,,,,,,,,,,,,,,
,30-39歳,,9779,8699,8941,8003,8071,8504,7571,7547,8443,9241,,,,,,,,,,,,,,,,,,,,,,,,,,
,,うち衣料品,997,854,842,744,793,738,612,694,849,790,,,,,,,,,,,,,,,,,,,,,,,,,,
,,うち食料品,4001,3582,3391,3082,3164,3014,2832,2839,3135,3487,,,,,,,,,,,,,,,,,,,,,,,,,,
,,うち化粧品,767,835,903,955,772,964,936,899,888,1039,,,,,,,,,,,,,,,,,,,,,,,,,,
,40-49歳,,11392,11617,10934,9806,9836,10507,8846,9373,9702,9875,,,,,,,,,,,,,,,,,,,,,,,,,,
,,うち衣料品,1055,1055,1083,899,817,857,760,758,877,888,,,,,,,,,,,,,,,,,,,,,,,,,,
,,うち食料品,5559,5528,5057,4672,4479,4608,3889,4201,4250,4592,,,,,,,,,,,,,,,,,,,,,,,,,,
,,うち化粧品,717,785,773,674,667,900,672,703,840,697,,,,,,,,,,,,,,,,,,,,,,,,,,
,50-59歳,,10702,10379,9849,9740,9640,10028,9525,10320,10793,11849,,,,,,,,,,,,,,,,,,,,,,,,,,
,,うち衣料品,888,829,811,775,737,812,744,843,929,974,,,,,,,,,,,,,,,,,,,,,,,,,,
,,うち食料品,5908,5780,5473,5502,5239,5302,4761,5400,5715,6475,,,,,,,,,,,,,,,,,,,,,,,,,,
,,うち化粧品,499,480,535,497,503,491,506,538,569,656,,,,,,,,,,,,,,,,,,,,,,,,,,
,60-69歳,,13630,12979,11248,10135,9368,9235,8200,8854,9519,10004,,,,,,,,,,,,,,,,,,,,,,,,,,
,,うち衣料品,872,878,774,709,685,707,534,586,664,691,,,,,,,,,,,,,,,,,,,,,,,,,,
,,うち食料品,8705,8266,7206,6374,5713,5654,4971,5483,5869,6244,,,,,,,,,,,,,,,,,,,,,,,,,,
,,うち化粧品,543,516,407,374,362,370,282,342,392,419,,,,,,,,,,,,,,,,,,,,,,,,,,
,70-79歳,,14486,14102,13372,12755,12574,12638,11583,12046,12431,12728,,,,,,,,,,,,,,,,,,,,,,,,,,
,,うち衣料品,669,646,657,687,656,648,616,608,845,638,,,,,,,,,,,,,,,,,,,,,,,,,,
,,うち食料品,10077,9839,9323,8904,8512,8401,7816,8193,8331,8684,,,,,,,,,,,,,,,,,,,,,,,,,,
,,うち化粧品,531,545,481,462,417,421,383,435,439,430,,,,,,,,,,,,,,,,,,,,,,,,,,
,80歳以上,,8182,8108,7976,7502,7521,7539,7360,7944,8105,8318,,,,,,,,,,,,,,,,,,,,,,,,,,
,,うち衣料品,320,311,330,299,303,300,279,309,291,264,,,,,,,,,,,,,,,,,,,,,,,,,,
,,うち食料品,5907,5921,5914,5545,5365,5363,5305,5703,5828,6003,,,,,,,,,,,,,,,,,,,,,,,,,,
,,うち化粧品,281,273,236,229,218,240,214,262,241,271,,,,,,,,,,,,,,,,,,,,,,,,,,
※　解決事件を除く。,,,,,,,,,,,,,,,,,,,,,,,,,,,,,,,,,,,,,,
,,,,,,,,,,,,,,,,,,,,,,,,,,,,,,,,,,,,,,
図表：２－３－３－ウ－４（年齢層別万引き検挙人員、人口10万人当たり年齢層別万引き検挙人員）,,,,,,,,,,,,,,,,,,,,,,,,,,,,,,,,,,,,,,
,,年次,H28,H29,H30,R元,R2,R3,R4,R5,R6,R7,,,,,,,,,,,,,,,,,,,,,,,,,,
区分,,,,,,,,,,,,,,,,,,,,,,,,,,,,,,,,,,,,,,
検挙人員（人）,,,69879,66154,61061,55337,51622,50369,45826,49399,51588,55192,,,,,,,,,,,,,,,,,,,,,,,,,,
,14-19歳,,8549,7552,6449,5148,4164,3479,3399,4541,5051,6213,,,,,,,,,,,,,,,,,,,,,,,,,,
,,人口10万人当たり,118.9,106.2,91.9,74.5,61.4,52.2,51.5,69.2,77.4,95.2,,,,,,,,,,,,,,,,,,,,,,,,,,
,20-29歳,,6410,6157,5827,5162,4723,4704,4197,4562,5007,5504,,,,,,,,,,,,,,,,,,,,,,,,,,
,,人口10万人当たり,50.9,48.9,46.1,40.6,37.2,37.2,33.1,35.9,39.2,43.1,,,,,,,,,,,,,,,,,,,,,,,,,,
,30-39歳,,6581,5995,5674,5022,4764,4431,3983,4240,4545,4718,,,,,,,,,,,,,,,,,,,,,,,,,,
,,人口10万人当たり,42.7,39.8,38.4,34.7,33.5,31.9,29.2,31.6,34.3,35.6,,,,,,,,,,,,,,,,,,,,,,,,,,
,40-49歳,,8390,8031,7533,6826,6465,6410,5387,5569,5728,5975,,,,,,,,,,,,,,,,,,,,,,,,,,
,,人口10万人当たり,44.1,42.4,40,36.6,35.2,35.8,30.9,33,35,36.5,,,,,,,,,,,,,,,,,,,,,,,,,,
,50-59歳,,8182,7883,7344,7343,6912,6972,6460,6964,7299,7933,,,,,,,,,,,,,,,,,,,,,,,,,,
,,人口10万人当たり,52.9,50,45.7,44.9,41.4,40.8,36.9,38.8,39.9,43.4,,,,,,,,,,,,,,,,,,,,,,,,,,
,60-69歳,,11548,10736,9373,8135,7310,7127,6335,6642,6973,7404,,,,,,,,,,,,,,,,,,,,,,,,,,
,,人口10万人当たり,62.7,60.6,55.3,50.1,46.6,46.7,42.3,44.8,47,49.9,,,,,,,,,,,,,,,,,,,,,,,,,,
,70-79歳,,12848,12474,11711,11010,10723,10664,9640,10022,9924,10277,,,,,,,,,,,,,,,,,,,,,,,,,,
,,人口10万人当たり,92.3,86.3,77.4,69.4,66,65.1,58.9,61.5,61.7,63.9,,,,,,,,,,,,,,,,,,,,,,,,,,
,80歳以上,,7371,7326,7150,6691,6561,6582,6425,6859,7061,7168,,,,,,,,,,,,,,,,,,,,,,,,,,
,,人口10万人当たり,71.1,68.4,65,59.8,56.9,55,52.1,54.4,54.8,55.6,,,,,,,,,,,,,,,,,,,,,,,,,,
,,,,,,,,,,,,,,,,,,,,,,,,,,,,,,,,,,,,,,
図表：２－３－３－ウ－５（男女・前歴の有無別20歳以上万引き検挙人員）,,,,,,,,,,,,,,,,,,,,,,,,,,,,,,,,,,,,,,
,,,年次,H28,H29,H30,R元,R2,R3,R4,R5,R6,R7,,,,,,,,,,,,,,,,,,,,,,,,,
区分,,,,,,,,,,,,,,,,,,,,,,,,,,,,,,,,,,,,,,
検挙人員（人）,,,,61358,58634,54643,50230,47491,46927,42472,44896,46589,49023,,,,,,,,,,,,,,,,,,,,,,,,,
,男性,,,34680,33408,31199,29078,27569,26895,24337,25933,27123,28784,,,,,,,,,,,,,,,,,,,,,,,,,
,,前歴なし,,13502,12803,11681,10735,10166,9833,8920,9769,10218,11028,,,,,,,,,,,,,,,,,,,,,,,,,
,,前歴あり,,21178,20605,19518,18343,17403,17062,15417,16164,16905,17756,,,,,,,,,,,,,,,,,,,,,,,,,
,,,同一罪種の前歴あり,17588,17025,16298,15361,14646,14409,12970,13539,14123,14867,,,,,,,,,,,,,,,,,,,,,,,,,
,,,同一罪種の前歴なし,3590,3580,3220,2982,2757,2653,2447,2625,2782,2889,,,,,,,,,,,,,,,,,,,,,,,,,
,女性,,,26678,25226,23444,21152,19922,20032,18135,18963,19466,20239,,,,,,,,,,,,,,,,,,,,,,,,,
,,前歴なし,,13627,12634,11444,10209,9529,9441,8743,9360,9700,10527,,,,,,,,,,,,,,,,,,,,,,,,,
,,前歴あり,,13051,12592,12000,10943,10393,10591,9392,9603,9766,9712,,,,,,,,,,,,,,,,,,,,,,,,,
,,,同一罪種の前歴あり,12343,11896,11384,10344,9843,10023,8882,9067,9204,9126,,,,,,,,,,,,,,,,,,,,,,,,,
,,,同一罪種の前歴なし,708,696,616,599,550,568,510,536,562,586,,,,,,,,,,,,,,,,,,,,,,,,,
※　検挙時の年齢が20歳以上の検挙人員に限る。,,,,,,,,,,,,,,,,,,,,,,,,,,,,,,,,,,,,,,
,,,,,,,,,,,,,,,,,,,,,,,,,,,,,,,,,,,,,,
図表：２－３－３－エ－１（鍵の状態別オートバイ盗認知・検挙状況）,,,,,,,,,,,,,,,,,,,,,,,,,,,,,,,,,,,,,,
,年次,H28,H29,H30,R元,R2,R3,R4,R5,R6,R7,,,,,,,,,,,,,,,,,,,,,,,,,,,
区分,,,,,,,,,,,,,,,,,,,,,,,,,,,,,,,,,,,,,,
認知件数(件),,24304,20184,15292,11255,9018,7569,7913,9946,11641,14552,,,,,,,,,,,,,,,,,,,,,,,,,,,
,キーあり,6737,5604,4175,3261,2455,2085,2635,3586,4377,5159,,,,,,,,,,,,,,,,,,,,,,,,,,,
,キーなし,17567,14580,11117,7994,6563,5484,5278,6360,7264,9393,,,,,,,,,,,,,,,,,,,,,,,,,,,
検挙件数(件),,3690,3017,2652,2422,1489,1289,1458,1717,2127,2970,,,,,,,,,,,,,,,,,,,,,,,,,,,
,キーあり,1507,1143,1003,733,750,579,641,868,1151,1310,,,,,,,,,,,,,,,,,,,,,,,,,,,
,キーなし,2183,1874,1649,1689,739,710,817,849,976,1660,,,,,,,,,,,,,,,,,,,,,,,,,,,
検挙人員(人),,2246,1531,1203,841,888,727,720,971,1269,1456,,,,,,,,,,,,,,,,,,,,,,,,,,,
,キーあり,1221,885,709,486,594,441,448,648,856,954,,,,,,,,,,,,,,,,,,,,,,,,,,,
,キーなし,1025,646,494,355,294,286,272,323,413,502,,,,,,,,,,,,,,,,,,,,,,,,,,,
検挙率（％）,,15.2,14.9,17.3,21.5,16.5,17,18.4,17.3,18.3,20.4,,,,,,,,,,,,,,,,,,,,,,,,,,,
,キーあり,22.4,20.4,24,22.5,30.5,27.8,24.3,24.2,26.3,25.4,,,,,,,,,,,,,,,,,,,,,,,,,,,
,キーなし,12.4,12.9,14.8,21.1,11.3,12.9,15.5,13.3,13.4,17.7,,,,,,,,,,,,,,,,,,,,,,,,,,,
,,,,,,,,,,,,,,,,,,,,,,,,,,,,,,,,,,,,,,
図表：２－３－３－エ－２（鍵の状態・発生場所別オートバイ盗認知件数）,,,,,,,,,,,,,,,,,,,,,,,,,,,,,,,,,,,,,,
,,年次,R2,R3,R4,R5,R6,R7,,,,,,,,,,,,,,,,,,,,,,,,,,,,,,
区分,,,,,,,,,,,,,,,,,,,,,,,,,,,,,,,,,,,,,,
キーあり認知件数(件),,,2455,2085,2635,3586,4377,5159,,,,,,,,,,,,,,,,,,,,,,,,,,,,,,
,駐車(輪)場,,438,349,378,545,574,738,,,,,,,,,,,,,,,,,,,,,,,,,,,,,,
,道路上,,294,259,382,547,539,683,,,,,,,,,,,,,,,,,,,,,,,,,,,,,,
,住宅,,1024,870,998,1328,1661,1868,,,,,,,,,,,,,,,,,,,,,,,,,,,,,,
,,一戸建住宅,412,318,386,484,621,714,,,,,,,,,,,,,,,,,,,,,,,,,,,,,,
,,４階建以上共同住宅,307,258,332,390,495,611,,,,,,,,,,,,,,,,,,,,,,,,,,,,,,
,,３階建以下共同住宅,305,294,280,454,545,543,,,,,,,,,,,,,,,,,,,,,,,,,,,,,,
,その他,,699,607,877,1166,1603,1870,,,,,,,,,,,,,,,,,,,,,,,,,,,,,,
キーなし認知件数,,,6563,5484,5278,6360,7264,9393,,,,,,,,,,,,,,,,,,,,,,,,,,,,,,
,駐車(輪)場,,1136,757,621,714,923,1340,,,,,,,,,,,,,,,,,,,,,,,,,,,,,,
,道路上,,505,418,409,403,467,560,,,,,,,,,,,,,,,,,,,,,,,,,,,,,,
,住宅,,4277,3748,3628,4439,4908,6197,,,,,,,,,,,,,,,,,,,,,,,,,,,,,,
,,一戸建住宅,959,829,852,1103,1070,1359,,,,,,,,,,,,,,,,,,,,,,,,,,,,,,
,,４階建以上共同住宅,1784,1602,1495,1708,2217,2842,,,,,,,,,,,,,,,,,,,,,,,,,,,,,,
,,３階建以下共同住宅,1534,1317,1281,1628,1621,1996,,,,,,,,,,,,,,,,,,,,,,,,,,,,,,
,その他,,645,561,620,804,966,1296,,,,,,,,,,,,,,,,,,,,,,,,,,,,,,
,,,,,,,,,,,,,,,,,,,,,,,,,,,,,,,,,,,,,,
図表：２－３－３－エ－３（排気量別オートバイ千台当たりオートバイ盗被害品数）,,,,,,,,,,,,,,,,,,,,,,,,,,,,,,,,,,,,,,
,年次,H28,H29,H30,R元,R2,R3,R4,R5,R6,R7,,,,,,,,,,,,,,,,,,,,,,,,,,,
区分,,,,,,,,,,,,,,,,,,,,,,,,,,,,,,,,,,,,,,
50cc超被害品数,,7542,7169,6000,4206,3708,3290,3297,4077,4695,5925,,,,,,,,,,,,,,,,,,,,,,,,,,,
,千台当たり※,1.4,1.3,1.1,0.8,0.7,0.6,0.6,0.7,0.8,1,,,,,,,,,,,,,,,,,,,,,,,,,,,
50cc以下被害品数,,16461,12740,9129,6933,5207,4210,4518,5757,6609,8176,,,,,,,,,,,,,,,,,,,,,,,,,,,
,千台当たり,2.8,2.3,1.7,1.4,1.1,0.9,1,1.3,1.6,2,,,,,,,,,,,,,,,,,,,,,,,,,,,
※　｢千台当たり｣の指数は、一般社団法人全国軽自動車協会連合会資料による各年３月末現在の軽二輪車及び,,,,,,,,,,,,,,,,,,,,,,,,,,,,,,,,,,,,,,
　小型二輪車の保有台数並びに総務省市町村税課税状況等の調による各年賦課期日現在の50cc以下、50cc超～,,,,,,,,,,,,,,,,,,,,,,,,,,,,,,,,,,,,,,
　90cc及び90cc超の原動機付自転車台数を基に算出,,,,,,,,,,,,,,,,,,,,,,,,,,,,,,,,,,,,,,
※　50cc以下被害品数に特定小型原動機付自転車（電動キックボード等）は含まない。,,,,,,,,,,,,,,,,,,,,,,,,,,,,,,,,,,,,,,
,,,,,,,,,,,,,,,,,,,,,,,,,,,,,,,,,,,,,,
図表：２－３－３－エ－４（鍵の状態別オートバイ盗被害車両還付状況）,,,,,,,,,,,,,,,,,,,,,,,,,,,,,,,,,,,,,,
,年次,H28,H29,H30,R元,R2,R3,R4,R5,R6,R7,,,,,,,,,,,,,,,,,,,,,,,,,,,
区分,,,,,,,,,,,,,,,,,,,,,,,,,,,,,,,,,,,,,,
キーあり,認知件数(件),6737,5604,4175,3261,2455,2085,2635,3586,4377,5159,,,,,,,,,,,,,,,,,,,,,,,,,,,
,還付件数(件),4144,3180,2478,1882,1649,1241,1341,1904,2240,2638,,,,,,,,,,,,,,,,,,,,,,,,,,,
,還付率(％),61.5,56.7,59.4,57.7,67.2,59.5,50.9,53.1,51.2,51.1,,,,,,,,,,,,,,,,,,,,,,,,,,,
キーなし,認知件数,17567,14580,11117,7994,6563,5484,5278,6360,7264,9393,,,,,,,,,,,,,,,,,,,,,,,,,,,
,還付件数,7120,5314,3695,3198,2209,1713,1687,2000,2496,3821,,,,,,,,,,,,,,,,,,,,,,,,,,,
,還付率(％),40.5,36.4,33.2,40,33.7,31.2,32,31.4,34.4,40.7,,,,,,,,,,,,,,,,,,,,,,,,,,,
,,,,,,,,,,,,,,,,,,,,,,,,,,,,,,,,,,,,,,
図表：２－３－３－エ－５（鍵の状態・年齢層別オートバイ盗検挙人員、人口10万人当たり鍵の状態・年齢層別オートバイ盗検挙人員）,,,,,,,,,,,,,,,,,,,,,,,,,,,,,,,,,,,,,,
,,,,年次,H28,H29,H30,R元,R2,R3,R4,R5,R6,R7,,,,,,,,,,,,,,,,,,,,,,,,
区分,,,,,,,,,,,,,,,,,,,,,,,,,,,,,,,,,,,,,,
検挙人員（人）,,,,,2246,1531,1203,841,888,727,720,971,1269,1456,,,,,,,,,,,,,,,,,,,,,,,,
,キーあり,,,,1221,885,709,486,594,441,448,648,856,954,,,,,,,,,,,,,,,,,,,,,,,,
,,14-19歳,,,1144,812,648,445,540,397,408,585,808,894,,,,,,,,,,,,,,,,,,,,,,,,
,,,,人口10万人当たり,15.9,11.4,9.2,6.4,8,6,6.2,8.9,12.4,13.7,,,,,,,,,,,,,,,,,,,,,,,,
,,,14歳,,257,157,97,56,83,76,79,129,161,197,,,,,,,,,,,,,,,,,,,,,,,,
,,,,人口10万人当たり,22.2,13.9,8.7,5.2,7.7,7,7.3,12.1,15.1,18.5,,,,,,,,,,,,,,,,,,,,,,,,
,,,15歳,,354,268,233,120,175,106,118,162,243,245,,,,,,,,,,,,,,,,,,,,,,,,
,,,,人口10万人当たり,30.1,23.1,20.7,10.8,16.2,9.9,10.9,14.9,22.7,22.9,,,,,,,,,,,,,,,,,,,,,,,,
,,,16歳,,315,209,195,155,155,108,104,176,230,257,,,,,,,,,,,,,,,,,,,,,,,,
,,,,人口10万人当たり,26.3,17.7,16.7,13.7,13.8,10,9.7,16.2,21.1,23.6,,,,,,,,,,,,,,,,,,,,,,,,
,,,17歳,,130,130,77,68,83,71,77,81,122,132,,,,,,,,,,,,,,,,,,,,,,,,
,,,,人口10万人当たり,10.8,10.9,6.5,5.8,7.3,6.3,7.1,7.5,11.2,12.2,,,,,,,,,,,,,,,,,,,,,,,,
,,,18歳,,65,31,35,36,30,24,22,26,38,48,,,,,,,,,,,,,,,,,,,,,,,,
,,,,人口10万人当たり,5.3,2.6,2.9,3,2.6,2.1,2,2.4,3.5,4.4,,,,,,,,,,,,,,,,,,,,,,,,
,,,19歳,,23,17,11,10,14,12,8,11,14,15,,,,,,,,,,,,,,,,,,,,,,,,
,,,,人口10万人当たり,1.9,1.4,0.9,0.8,1.2,1,0.7,1,1.2,1.3,,,,,,,,,,,,,,,,,,,,,,,,
,,20-29歳,,,53,37,36,21,23,21,17,35,28,24,,,,,,,,,,,,,,,,,,,,,,,,
,,,,人口10万人当たり,0.4,0.3,0.3,0.2,0.2,0.2,0.1,0.3,0.2,0.2,,,,,,,,,,,,,,,,,,,,,,,,
,,30歳以上,,,24,36,25,20,31,23,23,28,20,36,,,,,,,,,,,,,,,,,,,,,,,,
,,,,人口10万人当たり,0,0,0,0,0,0,0,0,0,0,,,,,,,,,,,,,,,,,,,,,,,,
,キーなし,,,,1025,646,494,355,294,286,272,323,413,502,,,,,,,,,,,,,,,,,,,,,,,,
,,14-19歳,,,916,573,420,287,242,234,220,271,362,456,,,,,,,,,,,,,,,,,,,,,,,,
,,,,人口10万人当たり,12.7,8.1,6,4.2,3.6,3.5,3.3,4.1,5.5,7,,,,,,,,,,,,,,,,,,,,,,,,
,,,14歳,,204,102,67,41,33,30,43,39,64,110,,,,,,,,,,,,,,,,,,,,,,,,
,,,,人口10万人当たり,17.6,9.1,6,3.8,3.1,2.8,3.9,3.6,6,10.3,,,,,,,,,,,,,,,,,,,,,,,,
,,,15歳,,284,157,132,63,61,73,66,72,113,114,,,,,,,,,,,,,,,,,,,,,,,,
,,,,人口10万人当たり,24.1,13.5,11.7,5.6,5.7,6.8,6.1,6.6,10.6,10.6,,,,,,,,,,,,,,,,,,,,,,,,
,,,16歳,,229,177,118,102,65,72,51,77,109,127,,,,,,,,,,,,,,,,,,,,,,,,
,,,,人口10万人当たり,19.1,15,10.1,9,5.8,6.7,4.7,7.1,10,11.6,,,,,,,,,,,,,,,,,,,,,,,,
,,,17歳,,124,82,57,55,47,37,27,46,39,63,,,,,,,,,,,,,,,,,,,,,,,,
,,,,人口10万人当たり,10.3,6.9,4.8,4.7,4.2,3.3,2.5,4.3,3.6,5.8,,,,,,,,,,,,,,,,,,,,,,,,
,,,18歳,,50,37,31,23,21,13,20,26,31,31,,,,,,,,,,,,,,,,,,,,,,,,
,,,,人口10万人当たり,4.1,3.1,2.6,1.9,1.8,1.1,1.8,2.4,2.8,2.8,,,,,,,,,,,,,,,,,,,,,,,,
,,,19歳,,25,18,15,3,15,9,13,11,6,11,,,,,,,,,,,,,,,,,,,,,,,,
,,,,人口10万人当たり,2,1.5,1.2,0.2,1.2,0.8,1.1,1,0.5,1,,,,,,,,,,,,,,,,,,,,,,,,
,,20-29歳,,,63,47,44,37,16,20,28,21,23,18,,,,,,,,,,,,,,,,,,,,,,,,
,,,,人口10万人当たり,0.5,0.4,0.3,0.3,0.1,0.2,0.2,0.2,0.2,0.1,,,,,,,,,,,,,,,,,,,,,,,,
,,30歳以上,,,46,26,30,31,36,32,24,31,28,28,,,,,,,,,,,,,,,,,,,,,,,,
,,,,人口10万人当たり,0,0,0,0,0,0,0,0,0,0,,,,,,,,,,,,,,,,,,,,,,,,
,,,,,,,,,,,,,,,,,,,,,,,,,,,,,,,,,,,,,,
図表：２－３－３－エ－６（鍵の状態・学職別14-19歳オートバイ盗検挙人員）,,,,,,,,,,,,,,,,,,,,,,,,,,,,,,,,,,,,,,
,,年次,H28,H29,H30,R元,R2,R3,R4,R5,R6,R7,,,,,,,,,,,,,,,,,,,,,,,,,,
区分,,,,,,,,,,,,,,,,,,,,,,,,,,,,,,,,,,,,,,
14-19歳検挙人員(人),,,2060,1385,1068,732,782,631,628,856,1170,1350,,,,,,,,,,,,,,,,,,,,,,,,,,
,キーあり,,1144,812,648,445,540,397,408,585,808,894,,,,,,,,,,,,,,,,,,,,,,,,,,
,,中学生,403,267,210,102,153,117,111,170,237,310,,,,,,,,,,,,,,,,,,,,,,,,,,
,,高校生,457,327,287,219,240,174,213,299,389,392,,,,,,,,,,,,,,,,,,,,,,,,,,
,,その他,284,218,151,124,147,106,84,116,182,192,,,,,,,,,,,,,,,,,,,,,,,,,,
,キーなし,,916,573,420,287,242,234,220,271,362,456,,,,,,,,,,,,,,,,,,,,,,,,,,
,,中学生,343,172,106,67,51,54,76,63,105,145,,,,,,,,,,,,,,,,,,,,,,,,,,
,,高校生,312,222,165,110,106,103,85,119,161,181,,,,,,,,,,,,,,,,,,,,,,,,,,
,,その他,261,179,149,110,85,77,59,89,96,130,,,,,,,,,,,,,,,,,,,,,,,,,,
,,,,,,,,,,,,,,,,,,,,,,,,,,,,,,,,,,,,,,
図表：２－３－３－オ－１（施錠状態別自転車盗認知・検挙状況）,,,,,,,,,,,,,,,,,,,,,,,,,,,,,,,,,,,,,,
,年次,H28,H29,H30,R元,R2,R3,R4,R5,R6,R7,,,,,,,,,,,,,,,,,,,,,,,,,,,
区分,,,,,,,,,,,,,,,,,,,,,,,,,,,,,,,,,,,,,,
認知件数(件),,236215,205381,183879,168703,120797,106585,128883,164180,174020,172654,,,,,,,,,,,,,,,,,,,,,,,,,,,
,施錠した,103423,85259,72763,65609,46971,40857,46770,56608,58699,56890,,,,,,,,,,,,,,,,,,,,,,,,,,,
,施錠せず,132792,120122,111116,103094,73826,65728,82113,107572,115321,115764,,,,,,,,,,,,,,,,,,,,,,,,,,,
検挙件数(件),,13587,13191,11677,11004,9559,8508,8936,10989,11679,11365,,,,,,,,,,,,,,,,,,,,,,,,,,,
,施錠した,4784,4998,3981,3856,3249,3208,3269,3852,4122,3846,,,,,,,,,,,,,,,,,,,,,,,,,,,
,施錠せず,8803,8193,7696,7148,6310,5300,5667,7137,7557,7519,,,,,,,,,,,,,,,,,,,,,,,,,,,
検挙人員(人),,8602,7831,7214,6407,5428,4243,4515,5416,5632,5470,,,,,,,,,,,,,,,,,,,,,,,,,,,
,施錠した,1584,1483,1154,1002,867,662,662,781,810,746,,,,,,,,,,,,,,,,,,,,,,,,,,,
,施錠せず,7018,6348,6060,5405,4561,3581,3853,4635,4822,4724,,,,,,,,,,,,,,,,,,,,,,,,,,,
検挙率（％）,,5.8,6.4,6.4,6.5,7.9,8,6.9,6.7,6.7,6.6,,,,,,,,,,,,,,,,,,,,,,,,,,,
,施錠した,4.6,5.9,5.5,5.9,6.9,7.9,7,6.8,7,6.8,,,,,,,,,,,,,,,,,,,,,,,,,,,
,施錠せず,6.6,6.8,6.9,6.9,8.5,8.1,6.9,6.6,6.6,6.5,,,,,,,,,,,,,,,,,,,,,,,,,,,
,,,,,,,,,,,,,,,,,,,,,,,,,,,,,,,,,,,,,,
図表：２－３－３－オ－２（施錠状態・発生場所別自転車盗認知件数）,,,,,,,,,,,,,,,,,,,,,,,,,,,,,,,,,,,,,,
,,年次,R2,R3,R4,R5,R6,R7,,,,,,,,,,,,,,,,,,,,,,,,,,,,,,
区分,,,,,,,,,,,,,,,,,,,,,,,,,,,,,,,,,,,,,,
施錠した認知件数(件),,,46971,40857,46770,56608,58699,56890,,,,,,,,,,,,,,,,,,,,,,,,,,,,,,
,駐車(輪)場,,10086,7720,8614,10615,10546,11443,,,,,,,,,,,,,,,,,,,,,,,,,,,,,,
,道路上,,7541,6013,6601,7368,7212,6634,,,,,,,,,,,,,,,,,,,,,,,,,,,,,,
,住宅　,,19467,17658,19412,23807,25126,22794,,,,,,,,,,,,,,,,,,,,,,,,,,,,,,
,,一戸建住宅,2366,1924,2258,2621,2659,2324,,,,,,,,,,,,,,,,,,,,,,,,,,,,,,
,,４階建以上共同住宅,10411,9734,10565,12580,13324,12455,,,,,,,,,,,,,,,,,,,,,,,,,,,,,,
,,３階建以下共同住宅,6690,6000,6589,8606,9143,8015,,,,,,,,,,,,,,,,,,,,,,,,,,,,,,
,商業施設,,2672,2529,3187,3668,3692,3822,,,,,,,,,,,,,,,,,,,,,,,,,,,,,,
,学校・幼稚園,,517,413,598,797,821,764,,,,,,,,,,,,,,,,,,,,,,,,,,,,,,
,駅,,2393,2585,3769,4827,5644,5711,,,,,,,,,,,,,,,,,,,,,,,,,,,,,,
,その他,,4295,3939,4589,5526,5658,5722,,,,,,,,,,,,,,,,,,,,,,,,,,,,,,
施錠せず認知件数,,,73826,65728,82113,107572,115321,115764,,,,,,,,,,,,,,,,,,,,,,,,,,,,,,
,駐車(輪)場,,13309,10820,13202,17249,18200,19442,,,,,,,,,,,,,,,,,,,,,,,,,,,,,,
,道路上,,9195,7389,9188,11080,10774,9978,,,,,,,,,,,,,,,,,,,,,,,,,,,,,,
,住宅　,,29606,26647,31329,39967,41790,40040,,,,,,,,,,,,,,,,,,,,,,,,,,,,,,
,,一戸建住宅,8749,7107,7842,9372,9808,9278,,,,,,,,,,,,,,,,,,,,,,,,,,,,,,
,,４階建以上共同住宅,11084,10544,12922,16500,17452,16763,,,,,,,,,,,,,,,,,,,,,,,,,,,,,,
,,３階建以下共同住宅,9773,8996,10565,14095,14530,13999,,,,,,,,,,,,,,,,,,,,,,,,,,,,,,
,商業施設,,6099,5630,7770,10552,11637,12318,,,,,,,,,,,,,,,,,,,,,,,,,,,,,,
,学校・幼稚園,,1383,1374,1936,2930,3087,3071,,,,,,,,,,,,,,,,,,,,,,,,,,,,,,
,駅,,5298,5908,8337,11763,14135,14896,,,,,,,,,,,,,,,,,,,,,,,,,,,,,,
,その他,,8936,7960,10351,14031,15698,16019,,,,,,,,,,,,,,,,,,,,,,,,,,,,,,
,,,,,,,,,,,,,,,,,,,,,,,,,,,,,,,,,,,,,,
図表：２－３－３－オ－３（施錠状態別自転車盗被害車両還付状況）,,,,,,,,,,,,,,,,,,,,,,,,,,,,,,,,,,,,,,
,年次,H28,H29,H30,R元,R2,R3,R4,R5,R6,R7,,,,,,,,,,,,,,,,,,,,,,,,,,,
区分,,,,,,,,,,,,,,,,,,,,,,,,,,,,,,,,,,,,,,
施錠した,認知件数(件),103423,85259,72763,65609,46971,40857,46770,56608,58699,56890,,,,,,,,,,,,,,,,,,,,,,,,,,,
,還付件数(件),44540,41285,34339,31280,25011,20855,21254,24441,25277,25489,,,,,,,,,,,,,,,,,,,,,,,,,,,
,還付率(％),43.1,48.4,47.2,47.7,53.2,51,45.4,43.2,43.1,44.8,,,,,,,,,,,,,,,,,,,,,,,,,,,
施錠せず,認知件数,132792,120122,111116,103094,73826,65728,82113,107572,115321,115764,,,,,,,,,,,,,,,,,,,,,,,,,,,
,還付件数,72754,67283,61241,56998,45834,38711,43027,55786,60017,62197,,,,,,,,,,,,,,,,,,,,,,,,,,,
,還付率(％),54.8,56,55.1,55.3,62.1,58.9,52.4,51.9,52,53.7,,,,,,,,,,,,,,,,,,,,,,,,,,,
,,,,,,,,,,,,,,,,,,,,,,,,,,,,,,,,,,,,,,
図表：２－３－３－オ－４（施錠状態・年齢層別自転車盗検挙人員、人口10万人当たり施錠状態・年齢層別自転車盗検挙人員）,,,,,,,,,,,,,,,,,,,,,,,,,,,,,,,,,,,,,,
,,,年次,H28,H29,H30,R元,R2,R3,R4,R5,R6,R7,,,,,,,,,,,,,,,,,,,,,,,,,
区分,,,,,,,,,,,,,,,,,,,,,,,,,,,,,,,,,,,,,,
検挙人員（人）,,,,8602,7831,7214,6407,5428,4243,4515,5416,5632,5470,,,,,,,,,,,,,,,,,,,,,,,,,
,施錠した,,,1584,1483,1154,1002,867,662,662,781,810,746,,,,,,,,,,,,,,,,,,,,,,,,,
,,14-19歳,,673,689,484,402,361,272,258,358,354,376,,,,,,,,,,,,,,,,,,,,,,,,,
,,,人口10万人当たり,9.4,9.7,6.9,5.8,5.3,4.1,3.9,5.5,5.4,5.8,,,,,,,,,,,,,,,,,,,,,,,,,
,,20-24歳,,218,214,127,163,135,95,81,73,103,89,,,,,,,,,,,,,,,,,,,,,,,,,
,,,人口10万人当たり,3.5,3.4,2,2.6,2.1,1.5,1.3,1.2,1.6,1.4,,,,,,,,,,,,,,,,,,,,,,,,,
,,25-29歳,,135,101,79,67,57,44,61,52,60,39,,,,,,,,,,,,,,,,,,,,,,,,,
,,,人口10万人当たり,2.1,1.6,1.3,1.1,0.9,0.7,1,0.8,0.9,0.6,,,,,,,,,,,,,,,,,,,,,,,,,
,,30-39歳,,145,125,99,86,59,60,48,81,68,48,,,,,,,,,,,,,,,,,,,,,,,,,
,,,人口10万人当たり,0.9,0.8,0.7,0.6,0.4,0.4,0.4,0.6,0.5,0.4,,,,,,,,,,,,,,,,,,,,,,,,,
,,40-49歳,,112,110,101,75,68,43,38,51,56,43,,,,,,,,,,,,,,,,,,,,,,,,,
,,,人口10万人当たり,0.6,0.6,0.5,0.4,0.4,0.2,0.2,0.3,0.3,0.3,,,,,,,,,,,,,,,,,,,,,,,,,
,,50-59歳,,92,76,85,56,54,42,59,62,56,48,,,,,,,,,,,,,,,,,,,,,,,,,
,,,人口10万人当たり,0.6,0.5,0.5,0.3,0.3,0.2,0.3,0.3,0.3,0.3,,,,,,,,,,,,,,,,,,,,,,,,,
,,60-69歳,,98,93,90,66,62,41,43,46,37,39,,,,,,,,,,,,,,,,,,,,,,,,,
,,,人口10万人当たり,0.5,0.5,0.5,0.4,0.4,0.3,0.3,0.3,0.2,0.3,,,,,,,,,,,,,,,,,,,,,,,,,
,,70歳以上,,111,75,89,87,71,65,74,58,76,64,,,,,,,,,,,,,,,,,,,,,,,,,
,,,人口10万人当たり,0.5,0.3,0.3,0.3,0.3,0.2,0.3,0.2,0.3,0.2,,,,,,,,,,,,,,,,,,,,,,,,,
,施錠せず,,,7018,6348,6060,5405,4561,3581,3853,4635,4822,4724,,,,,,,,,,,,,,,,,,,,,,,,,
,,14-19歳,,2689,2377,2139,1872,1569,1276,1435,2018,2277,2253,,,,,,,,,,,,,,,,,,,,,,,,,
,,,人口10万人当たり,37.4,33.4,30.5,27.1,23.1,19.2,21.7,30.7,34.9,34.5,,,,,,,,,,,,,,,,,,,,,,,,,
,,20-24歳,,1505,1271,1277,1121,875,641,671,761,743,734,,,,,,,,,,,,,,,,,,,,,,,,,
,,,人口10万人当たり,24.4,20.4,20.2,17.6,13.8,10.2,10.7,12.2,11.9,11.7,,,,,,,,,,,,,,,,,,,,,,,,,
,,25-29歳,,606,567,533,476,433,280,310,355,329,292,,,,,,,,,,,,,,,,,,,,,,,,,
,,,人口10万人当たり,9.4,8.9,8.4,7.5,6.8,4.4,4.8,5.5,5,4.5,,,,,,,,,,,,,,,,,,,,,,,,,
,,30-39歳,,719,667,637,535,436,355,382,393,383,347,,,,,,,,,,,,,,,,,,,,,,,,,
,,,人口10万人当たり,4.7,4.4,4.3,3.7,3.1,2.6,2.8,2.9,2.9,2.6,,,,,,,,,,,,,,,,,,,,,,,,,
,,40-49歳,,460,486,429,438,361,286,275,328,285,298,,,,,,,,,,,,,,,,,,,,,,,,,
,,,人口10万人当たり,2.4,2.6,2.3,2.4,2,1.6,1.6,1.9,1.7,1.8,,,,,,,,,,,,,,,,,,,,,,,,,
,,50-59歳,,327,320,303,301,308,232,235,261,298,264,,,,,,,,,,,,,,,,,,,,,,,,,
,,,人口10万人当たり,2.1,2,1.9,1.8,1.8,1.4,1.3,1.5,1.6,1.4,,,,,,,,,,,,,,,,,,,,,,,,,
,,60-69歳,,375,346,371,281,267,211,224,208,216,226,,,,,,,,,,,,,,,,,,,,,,,,,
,,,人口10万人当たり,2,2,2.2,1.7,1.7,1.4,1.5,1.4,1.5,1.5,,,,,,,,,,,,,,,,,,,,,,,,,
,,70歳以上,,337,314,371,381,312,300,321,311,291,310,,,,,,,,,,,,,,,,,,,,,,,,,
,,,人口10万人当たり,1.4,1.2,1.4,1.4,1.1,1.1,1.1,1.1,1,1.1,,,,,,,,,,,,,,,,,,,,,,,,,
,,,,,,,,,,,,,,,,,,,,,,,,,,,,,,,,,,,,,,
図表：２－３－３－オ－５（施錠状態・年齢別14-19歳自転車盗検挙人員、人口10万人当たり施錠状態・年齢別14-19歳自転車盗検挙人員）,,,,,,,,,,,,,,,,,,,,,,,,,,,,,,,,,,,,,,
,,,年次,H28,H29,H30,R元,R2,R3,R4,R5,R6,R7,,,,,,,,,,,,,,,,,,,,,,,,,
区分,,,,,,,,,,,,,,,,,,,,,,,,,,,,,,,,,,,,,,
14-19歳検挙人員（人）,,,,3362,3066,2623,2274,1930,1548,1693,2376,2631,2629,,,,,,,,,,,,,,,,,,,,,,,,,
,施錠した,,,673,689,484,402,361,272,258,358,354,376,,,,,,,,,,,,,,,,,,,,,,,,,
,,,人口10万人当たり,9.4,9.7,6.9,5.8,5.3,4.1,3.9,5.5,5.4,5.8,,,,,,,,,,,,,,,,,,,,,,,,,
,,14歳,,132,144,62,58,45,35,36,52,61,51,,,,,,,,,,,,,,,,,,,,,,,,,
,,,人口10万人当たり,11.4,12.8,5.6,5.4,4.2,3.2,3.3,4.9,5.7,4.8,,,,,,,,,,,,,,,,,,,,,,,,,
,,15歳,,175,157,87,90,71,45,51,78,59,87,,,,,,,,,,,,,,,,,,,,,,,,,
,,,人口10万人当たり,14.9,13.5,7.7,8.1,6.6,4.2,4.7,7.2,5.5,8.1,,,,,,,,,,,,,,,,,,,,,,,,,
,,16歳,,150,158,129,86,97,77,69,95,88,96,,,,,,,,,,,,,,,,,,,,,,,,,
,,,人口10万人当たり,12.5,13.4,11.1,7.6,8.7,7.2,6.4,8.8,8.1,8.8,,,,,,,,,,,,,,,,,,,,,,,,,
,,17歳,,91,109,83,64,62,48,45,61,77,76,,,,,,,,,,,,,,,,,,,,,,,,,
,,,人口10万人当たり,7.6,9.1,7,5.5,5.5,4.3,4.2,5.7,7.1,7,,,,,,,,,,,,,,,,,,,,,,,,,
,,18歳,,66,64,62,49,42,38,34,35,39,42,,,,,,,,,,,,,,,,,,,,,,,,,
,,,人口10万人当たり,5.4,5.3,5.1,4.1,3.6,3.4,3,3.2,3.6,3.9,,,,,,,,,,,,,,,,,,,,,,,,,
,,19歳,,59,57,61,55,44,29,23,37,30,24,,,,,,,,,,,,,,,,,,,,,,,,,
,,,人口10万人当たり,4.8,4.6,5,4.5,3.6,2.5,2,3.2,2.7,2.1,,,,,,,,,,,,,,,,,,,,,,,,,
,施錠せず,,,2689,2377,2139,1872,1569,1276,1435,2018,2277,2253,,,,,,,,,,,,,,,,,,,,,,,,,
,,,人口10万人当たり,37.4,33.4,30.5,27.1,23.1,19.2,21.7,30.7,34.9,34.5,,,,,,,,,,,,,,,,,,,,,,,,,
,,14歳,,427,351,246,192,152,170,184,308,279,335,,,,,,,,,,,,,,,,,,,,,,,,,
,,,人口10万人当たり,36.8,31.2,22.1,17.9,14.2,15.7,16.9,28.8,26.2,31.4,,,,,,,,,,,,,,,,,,,,,,,,,
,,15歳,,500,485,407,339,269,217,315,376,487,438,,,,,,,,,,,,,,,,,,,,,,,,,
,,,人口10万人当たり,42.5,41.7,36.1,30.4,25,20.2,29.1,34.5,45.5,40.9,,,,,,,,,,,,,,,,,,,,,,,,,
,,16歳,,548,486,475,452,380,314,356,489,606,586,,,,,,,,,,,,,,,,,,,,,,,,,
,,,人口10万人当たり,45.7,41.3,40.8,40.1,33.9,29.2,33.1,45.1,55.5,53.7,,,,,,,,,,,,,,,,,,,,,,,,,
,,17歳,,425,384,342,350,326,270,262,346,412,398,,,,,,,,,,,,,,,,,,,,,,,,,
,,,人口10万人当たり,35.4,32.1,29,30,28.8,24.1,24.3,32.2,38,36.7,,,,,,,,,,,,,,,,,,,,,,,,,
,,18歳,,390,349,316,251,230,148,171,276,262,271,,,,,,,,,,,,,,,,,,,,,,,,,
,,,人口10万人当たり,31.8,28.9,26.2,21,19.6,13.1,15.2,25.3,24.1,24.9,,,,,,,,,,,,,,,,,,,,,,,,,
,,19歳,,399,322,353,288,212,157,147,223,231,225,,,,,,,,,,,,,,,,,,,,,,,,,
,,,人口10万人当たり,32.4,25.9,28.8,23.4,17.5,13.3,12.8,19.3,20.6,20.1,,,,,,,,,,,,,,,,,,,,,,,,,
,,,,,,,,,,,,,,,,,,,,,,,,,,,,,,,,,,,,,,
図表：２－３－３－オ－６（施錠状態・学職別14-19歳自転車盗検挙人員）,,,,,,,,,,,,,,,,,,,,,,,,,,,,,,,,,,,,,,
,,年次,H28,H29,H30,R元,R2,R3,R4,R5,R6,R7,,,,,,,,,,,,,,,,,,,,,,,,,,
区分,,,,,,,,,,,,,,,,,,,,,,,,,,,,,,,,,,,,,,
14-19歳検挙人員(人),,,3362,3066,2623,2274,1930,1548,1693,2376,2631,2629,,,,,,,,,,,,,,,,,,,,,,,,,,
,施錠した,,673,689,484,402,361,272,258,358,354,376,,,,,,,,,,,,,,,,,,,,,,,,,,
,,中学生,219,210,101,90,77,52,50,80,80,82,,,,,,,,,,,,,,,,,,,,,,,,,,
,,高校生,282,290,221,193,181,147,141,181,178,205,,,,,,,,,,,,,,,,,,,,,,,,,,
,,その他,172,189,162,119,103,73,67,97,96,89,,,,,,,,,,,,,,,,,,,,,,,,,,
,施錠せず,,2689,2377,2139,1872,1569,1276,1435,2018,2277,2253,,,,,,,,,,,,,,,,,,,,,,,,,,
,,中学生,629,524,377,293,251,247,273,434,425,473,,,,,,,,,,,,,,,,,,,,,,,,,,
,,高校生,1160,1067,996,943,806,647,775,1001,1215,1152,,,,,,,,,,,,,,,,,,,,,,,,,,
,,その他,900,786,766,636,512,382,387,583,637,628,,,,,,,,,,,,,,,,,,,,,,,,,,
,,,,,,,,,,,,,,,,,,,,,,,,,,,,,,,,,,,,,,
図表：２－３－３－カ－１（金属類被害に係る窃盗認知・検挙状況）,,,,,,,,,,,,,,,,,,,,,,,,,,,,,,,,,,,,,,
,年次,R2,R3,R4,R5,R6,R7,,,,,,,,,,,,,,,,,,,,,,,,,,,,,,,
区分,,,,,,,,,,,,,,,,,,,,,,,,,,,,,,,,,,,,,,
認知件数(件),,5478,7534,10368,16276,20701,15712,,,,,,,,,,,,,,,,,,,,,,,,,,,,,,,
検挙件数(件),,1032,1904,3338,3226,5588,7258,,,,,,,,,,,,,,,,,,,,,,,,,,,,,,,
検挙率（％）,,18.8,25.3,32.2,19.8,26.99386503,46.19399185,,,,,,,,,,,,,,,,,,,,,,,,,,,,,,,
※　「金属類被害に係る窃盗」とは、被害品が金属類（銅板、銅線、溝蓋,,,,,,,,,,,,,,,,,,,,,,,,,,,,,,,,,,,,,,
　　・マンホール等）に係る窃盗をいう。,,,,,,,,,,,,,,,,,,,,,,,,,,,,,,,,,,,,,,
※　金属類被害に係る窃盗は令和２年から統計を開始,,,,,,,,,,,,,,,,,,,,,,,,,,,,,,,,,,,,,,
,,,,,,,,,,,,,,,,,,,,,,,,,,,,,,,,,,,,,,
図表：２－３－３－カ－2（発生場所別金属類被害に係る窃盗認知件数）,,,,,,,,,,,,,,,,,,,,,,,,,,,,,,,,,,,,,,
,,年次,R2,R3,R4,R5,R6,R7,,,,,,,,,,,,,,,,,,,,,,,,,,,,,,
区分,,,,,,,,,,,,,,,,,,,,,,,,,,,,,,,,,,,,,,
認知件数（件）,,,5478,7534,10368,16276,20701,15712,,,,,,,,,,,,,,,,,,,,,,,,,,,,,,
,田畑,田畑,207,332,407,470,617,707,,,,,,,,,,,,,,,,,,,,,,,,,,,,,,
,道路上,道路上,559,1007,1736,2204,2586,1869,,,,,,,,,,,,,,,,,,,,,,,,,,,,,,
,資材置場,資材置場,520,966,1307,1389,1406,1173,,,,,,,,,,,,,,,,,,,,,,,,,,,,,,
,工事現場,,1390,1549,2227,3199,2978,2544,,,,,,,,,,,,,,,,,,,,,,,,,,,,,,
,工場,工場,-,-,-,-,512,663,,,,,,,,,,,,,,,,,,,,,,,,,,,,,,
,太陽光発電施設,太陽光発電施設,-,-,-,-,6961,3609,,,,,,,,,,,,,,,,,,,,,,,,,,,,,,
,その他,その他,2802,3680,4691,9014,5641,5147,,,,,,,,,,,,,,,,,,,,,,,,,,,,,,
※,「工場」及び「太陽光発電施設」は令和６年から統計を開始,,,,,,,,,,,,,,,,,,,,,,,,,,,,,,,,,,,,,
,,,,,,,,,,,,,,,,,,,,,,,,,,,,,,,,,,,,,,
図表：２－３－４－０－１（詐欺認知・検挙状況）,,,,,,,,,,,,,,,,,,,,,,,,,,,,,,,,,,,,,,
,年次,H28,H29,H30,R元,R2,R3,R4,R5,R6,R7,,,,,,,,,,,,,,,,,,,,,,,,,,,
区分,,,,,,,,,,,,,,,,,,,,,,,,,,,,,,,,,,,,,,
認知件数（件）,,40990,42571,38513,32207,30468,33353,37928,46011,57324,72532,,,,,,,,,,,,,,,,,,,,,,,,,,,
,うち売り付け,8625,8494,7537,5730,6090,4356,6310,8969,9036,11272,,,,,,,,,,,,,,,,,,,,,,,,,,,
,うち無銭,4824,4275,4302,3923,3452,2751,3165,3883,4102,4639,,,,,,,,,,,,,,,,,,,,,,,,,,,
検挙件数（件）,,18582,17410,16486,15902,15270,16527,16084,16667,16175,17448,,,,,,,,,,,,,,,,,,,,,,,,,,,
,うち売り付け,1216,1207,1101,1070,1146,907,936,1034,1152,1121,,,,,,,,,,,,,,,,,,,,,,,,,,,
,うち無銭,3074,2626,2670,2528,2352,1870,1937,2144,2128,2301,,,,,,,,,,,,,,,,,,,,,,,,,,,
検挙人員（人）,,10360,9928,9959,8843,8326,10400,10507,9761,9025,9486,,,,,,,,,,,,,,,,,,,,,,,,,,,
,うち売り付け,405,414,383,358,430,357,398,491,607,662,,,,,,,,,,,,,,,,,,,,,,,,,,,
,うち無銭,2518,2220,2190,1988,1832,1552,1541,1680,1659,1782,,,,,,,,,,,,,,,,,,,,,,,,,,,
検挙率（％）,,45.33300805,40.89638486,42.80632514,49.37435961,50.11815675,49.55176446,42.40666526,36.22394645,28.21680274,24.05558926,,,,,,,,,,,,,,,,,,,,,,,,,,,
,うち売り付け,14.09855072,14.21003061,14.60793419,18.67364747,18.81773399,20.82185491,14.83359746,11.52859851,12.74900398,9.944996451,,,,,,,,,,,,,,,,,,,,,,,,,,,
,うち無銭,63.72305141,61.42690058,62.06415621,64.44047923,68.13441483,67.97528172,61.20063191,55.21503992,51.87713311,49.60120716,,,,,,,,,,,,,,,,,,,,,,,,,,,
※　「売り付け」とは、商品の売却等を装い、前金又は内金名目で金品をだまし取るもの、広告や工事をしてやると称し,,,,,,,,,,,,,,,,,,,,,,,,,,,,,,,,,,,,,,
　 て、その代金又は手付金をだまし取るもの、品質等を偽って売り付け、担保に供するなどにより金品をだまし取るもの、消防署員,,,,,,,,,,,,,,,,,,,,,,,,,,,,,,,,,,,,,,
　 を装って消火器を売り付けるもの等、売り付けを口実として金品をだまし取る手口をいう。,,,,,,,,,,,,,,,,,,,,,,,,,,,,,,,,,,,,,,
,,,,,,,,,,,,,,,,,,,,,,,,,,,,,,,,,,,,,,
図表：２－３－４－ア－１（年齢層別無銭検挙人員、人口10万人当たり年齢層別無銭検挙人員）,,,,,,,,,,,,,,,,,,,,,,,,,,,,,,,,,,,,,,
,,年次,H28,H29,H30,R元,R2,R3,R4,R5,R6,R7,,,,,,,,,,,,,,,,,,,,,,,,,,
区分,,,,,,,,,,,,,,,,,,,,,,,,,,,,,,,,,,,,,,
検挙人員（人）,,,2518,2220,2190,1988,1832,1552,1541,1680,1659,1782,,,,,,,,,,,,,,,,,,,,,,,,,,
,14-19歳,,162,151,146,122,105,93,85,125,100,114,,,,,,,,,,,,,,,,,,,,,,,,,,
,,人口10万人当たり,2.3,2.1,2.1,1.8,1.5,1.4,1.3,1.9,1.5,1.7,,,,,,,,,,,,,,,,,,,,,,,,,,
,20-29歳,,529,471,425,427,379,335,302,354,361,382,,,,,,,,,,,,,,,,,,,,,,,,,,
,,人口10万人当たり,4.2,3.7,3.4,3.4,3,2.6,2.4,2.8,2.8,3,,,,,,,,,,,,,,,,,,,,,,,,,,
,30-39歳,,409,355,322,303,282,253,254,219,263,278,,,,,,,,,,,,,,,,,,,,,,,,,,
,,人口10万人当たり,2.7,2.4,2.2,2.1,2,1.8,1.9,1.6,2,2.1,,,,,,,,,,,,,,,,,,,,,,,,,,
,40-49歳,,442,372,397,354,304,251,253,267,279,264,,,,,,,,,,,,,,,,,,,,,,,,,,
,,人口10万人当たり,2.3,2,2.1,1.9,1.7,1.4,1.5,1.6,1.7,1.6,,,,,,,,,,,,,,,,,,,,,,,,,,
,50-59歳,,448,358,397,352,326,272,282,319,280,326,,,,,,,,,,,,,,,,,,,,,,,,,,
,,人口10万人当たり,2.9,2.3,2.5,2.2,2,1.6,1.6,1.8,1.5,1.8,,,,,,,,,,,,,,,,,,,,,,,,,,
,60-69歳,,347,346,337,268,278,211,220,245,211,237,,,,,,,,,,,,,,,,,,,,,,,,,,
,,人口10万人当たり,1.9,2,2,1.7,1.8,1.4,1.5,1.7,1.4,1.6,,,,,,,,,,,,,,,,,,,,,,,,,,
,70歳以上,,181,167,166,162,158,137,145,151,165,181,,,,,,,,,,,,,,,,,,,,,,,,,,
,,人口10万人当たり,0.7,0.7,0.6,0.6,0.6,0.5,0.5,0.5,0.6,0.6,,,,,,,,,,,,,,,,,,,,,,,,,,
,,,,,,,,,,,,,,,,,,,,,,,,,,,,,,,,,,,,,,
図表：２－３－５－１（偽造認知・検挙状況）,,,,,,,,,,,,,,,,,,,,,,,,,,,,,,,,,,,,,,
,年次,H28,H29,H30,R元,R2,R3,R4,R5,R6,R7,,,,,,,,,,,,,,,,,,,,,,,,,,,
区分,,,,,,,,,,,,,,,,,,,,,,,,,,,,,,,,,,,,,,
認知件数（件）,,3176,2903,2526,2323,2090,1893,1790,1903,2096,2194,,,,,,,,,,,,,,,,,,,,,,,,,,,
,通貨偽造,527,448,546,328,217,311,251,227,298,312,,,,,,,,,,,,,,,,,,,,,,,,,,,
,文書偽造,1821,1695,1447,1488,1431,1337,1447,1556,1700,1731,,,,,,,,,,,,,,,,,,,,,,,,,,,
,支払用カード偽造,683,609,420,202,155,25,1,17,11,4,,,,,,,,,,,,,,,,,,,,,,,,,,,
,有価証券偽造,61,85,67,259,235,165,57,53,39,109,,,,,,,,,,,,,,,,,,,,,,,,,,,
,印章偽造,84,66,46,46,52,55,34,50,48,38,,,,,,,,,,,,,,,,,,,,,,,,,,,
検挙件数（件）,,2467,2296,1927,2049,1558,1428,1516,1407,1585,1565,,,,,,,,,,,,,,,,,,,,,,,,,,,
,通貨偽造,113,88,122,167,72,58,184,47,61,98,,,,,,,,,,,,,,,,,,,,,,,,,,,
,文書偽造,1633,1519,1308,1374,1242,1165,1245,1297,1439,1388,,,,,,,,,,,,,,,,,,,,,,,,,,,
,支払用カード偽造,608,579,405,286,91,61,0,4,16,3,,,,,,,,,,,,,,,,,,,,,,,,,,,
,有価証券偽造,35,47,47,176,108,89,56,24,25,37,,,,,,,,,,,,,,,,,,,,,,,,,,,
,印章偽造,78,63,45,46,45,55,31,35,44,39,,,,,,,,,,,,,,,,,,,,,,,,,,,
検挙人員（人）,,1379,1262,1157,1088,1023,991,929,885,995,1010,,,,,,,,,,,,,,,,,,,,,,,,,,,
,通貨偽造,35,38,43,49,33,44,33,31,36,45,,,,,,,,,,,,,,,,,,,,,,,,,,,
,文書偽造,1261,1066,996,955,921,896,861,818,911,930,,,,,,,,,,,,,,,,,,,,,,,,,,,
,支払用カード偽造,49,99,73,26,14,3,0,2,2,0,,,,,,,,,,,,,,,,,,,,,,,,,,,
,有価証券偽造,14,25,30,42,37,26,17,17,19,16,,,,,,,,,,,,,,,,,,,,,,,,,,,
,印章偽造,20,34,15,16,18,22,18,17,27,19,,,,,,,,,,,,,,,,,,,,,,,,,,,
検挙率（％）,,77.7,79.1,76.3,88.2,74.5,75.4,84.7,73.9,75.6,71.3,,,,,,,,,,,,,,,,,,,,,,,,,,,
,通貨偽造,21.4,19.6,22.3,50.9,33.2,18.6,73.3,20.7,20.5,31.4,,,,,,,,,,,,,,,,,,,,,,,,,,,
,文書偽造,89.7,89.6,90.4,92.3,86.8,87.1,86,83.4,84.6,80.2,,,,,,,,,,,,,,,,,,,,,,,,,,,
,支払用カード偽造,89,95.1,96.4,141.6,58.7,244,0,23.5,145.5,75,,,,,,,,,,,,,,,,,,,,,,,,,,,
,有価証券偽造,57.4,55.3,70.1,68,46,53.9,98.2,45.3,64.1,33.9,,,,,,,,,,,,,,,,,,,,,,,,,,,
,印章偽造,92.9,95.5,97.8,100,86.5,100,91.2,70,91.7,102.6,,,,,,,,,,,,,,,,,,,,,,,,,,,
,,,,,,,,,,,,,,,,,,,,,,,,,,,,,,,,,,,,,,
図表：２－３－５－２　偽造通貨の発見枚数,,,,,,,,,,,,,,,,,,,,,,,,,,,,,,,,,,,,,,
,,,,,,,,,,,,,,,,,,,,,,,,,,,,,,,,,,,,,,
       年次区分,,,H28,H29,H30,R元,R2,R3,R4,R5,R6,R7,,,,,,,,,,,,,,,,,,,,,,,,,,
,,,,,,,,,,,,,,,,,,,,,,,,,,,,,,,,,,,,,,
合計（枚）,,,3405,1369,2233,3193,3817,3255,1773,1012,2952,1767,,,,,,,,,,,,,,,,,,,,,,,,,,
,紙幣合計,,2730,839,1698,2887,2693,2110,948,681,2723,1408,,,,,,,,,,,,,,,,,,,,,,,,,,
,,一万円券,2637,713,1523,2836,2643,2075,906,583,2445,1345,,,,,,,,,,,,,,,,,,,,,,,,,,
,,五千円券,24,28,29,14,3,11,20,20,158,23,,,,,,,,,,,,,,,,,,,,,,,,,,
,,二千円券,2,0,0,3,2,0,0,0,3,0,,,,,,,,,,,,,,,,,,,,,,,,,,
,,千円券,67,98,146,34,45,24,22,78,117,40,,,,,,,,,,,,,,,,,,,,,,,,,,
,五百円貨幣,,675,530,535,306,1124,1145,825,331,229,359,,,,,,,,,,,,,,,,,,,,,,,,,,
,,※　実務統計による。,,,,,,,,,,,,,,,,,,,,,,,,,,,,,,,,,,,,
,,,,,,,,,,,,,,,,,,,,,,,,,,,,,,,,,,,,,,
図表：２－３－６－１　手口別特殊詐欺認知件数,,,,,,,,,,,,,,,,,,,,,,,,,,,,,,,,,,,,,,
,,,,,,,,,,,,,,,,,,,,,,,,,,,,,,,,,,,,,,
　　　　　　　　　　　　　　　　　　　年次区分,,,,,H28,H29,H30,R元,R２,R３,R４,R５,R６,R７,,,,,,,,,,,,,,,,,,,,,,,,
特殊詐欺認知件数,,,,,14154,18212,17844,16851,13550,14498,17570,19038,21043,27832,,,,,,,,,,,,,,,,,,,,,,,,
,,,うち既遂,,13253,17239,16943,16057,12956,13960,16964,18566,20520,27179,,,,,,,,,,,,,,,,,,,,,,,,
,オレオレ詐欺,,,,5753,8496,9145,6725,2272,3085,4287,3955,6752,14489,,,,,,,,,,,,,,,,,,,,,,,,
,,,うち既遂,,5112,7716,8397,6119,2072,2811,3970,3714,6472,14158,,,,,,,,,,,,,,,,,,,,,,,,
,預貯金詐欺,,,,-,-,-,-,4135,2431,2363,2754,2276,1707,,,,,,,,,,,,,,,,,,,,,,,,
,,,うち既遂,,-,-,-,-,3884,2262,2203,2661,2193,1645,,,,,,,,,,,,,,,,,,,,,,,,
,架空料金請求詐欺,,,,3742,5753,4844,3533,2010,2117,2922,5198,5716,5706,,,,,,,,,,,,,,,,,,,,,,,,
,,,うち既遂,,3541,5590,4706,3419,1966,2101,2885,5137,5600,5479,,,,,,,,,,,,,,,,,,,,,,,,
,還付金詐欺,,,,3682,3129,1904,2375,1804,4004,4679,4185,4070,3179,,,,,,,,,,,,,,,,,,,,,,,,
,,,うち既遂,,3650,3107,1903,2358,1791,3986,4664,4170,4067,3178,,,,,,,,,,,,,,,,,,,,,,,,
,融資保証金詐欺,,,,428,548,421,348,295,156,142,188,338,379,,,,,,,,,,,,,,,,,,,,,,,,
,,,うち既遂,,426,548,420,348,295,156,141,188,337,379,,,,,,,,,,,,,,,,,,,,,,,,
,金融商品詐欺,,,,346,104,46,27,58,30,31,411,78,206,,,,,,,,,,,,,,,,,,,,,,,,
,,,うち既遂,,326,97,43,26,51,29,31,410,78,205,,,,,,,,,,,,,,,,,,,,,,,,
,ギャンブル詐欺,,,,117,113,65,48,98,62,50,19,21,33,,,,,,,,,,,,,,,,,,,,,,,,
,,,うち既遂,,117,113,65,48,98,62,50,19,21,33,,,,,,,,,,,,,,,,,,,,,,,,
,交際あっせん詐欺,,,,26,21,44,8,22,7,8,9,86,482,,,,,,,,,,,,,,,,,,,,,,,,
,,,うち既遂,,26,21,44,8,22,7,8,9,86,482,,,,,,,,,,,,,,,,,,,,,,,,
,その他の特殊詐欺,,,,60,48,27,10,6,4,14,102,321,408,,,,,,,,,,,,,,,,,,,,,,,,
,,,うち既遂,,55,47,26,9,6,4,14,102,320,405,,,,,,,,,,,,,,,,,,,,,,,,
,キャッシュカード詐欺盗,,,,-,-,1348,3777,2850,2602,3074,2217,1385,1243,,,,,,,,,,,,,,,,,,,,,,,,
,,,うち既遂,,-,-,1339,3722,2771,2542,2998,2156,1346,1215,,,,,,,,,,,,,,,,,,,,,,,,
,,,,,,,,,,,,,,,,,,,,,,,,,,,,,,,,,,,,,,
※,「特殊詐欺」とは、被害者に電話をかけるなどして対面することなく信頼させ、指定した預貯金口座への振込その他の方法により、不特定多数の者から現金等をだまし取る犯罪（現金等を脅し取る恐喝及びキャッシュカード等を窃取する窃盗を含む。）の総称をいう。なお、令和８年から、ＳＮＳ型投資詐欺及びＳＮＳ型ロマンス詐欺を特殊詐欺の一手口として位置付け、これら全体を特殊詐欺として呼称しているが、本資料では令和７年以前の統計数値を用いていることから、特殊詐欺とＳＮＳ型投資・ロマンス詐欺を区別して呼称することとする。,,,,,,,,,,,,,,,,,,,,,,,,,,,,,,,,,,,,,
※,「オレオレ詐欺」とは、親族、警察官、弁護士等を装い、親族が起こした事件・事故に対する示談金等を名目に金銭等をだまし取る（脅し取る）ものをいう。,,,,,,,,,,,,,,,,,,,,,,,,,,,,,,,,,,,,,
※,「預貯金詐欺」とは、親族、警察官、銀行協会職員等を装い、あなたの口座が犯罪に利用されており、キャッシュカードの交換手続が必要であるなどの名目で、キャッシュカード、クレジットカード、預貯金通帳等をだまし取る（脅し取る）ものをいう。従来オレオレ詐欺に包含されていた犯行形態を令和２年から新たな手口として分類した。,,,,,,,,,,,,,,,,,,,,,,,,,,,,,,,,,,,,,
※,「架空料金請求詐欺」とは、未払いの料金があるなど架空の事実を口実とし金銭等をだまし取る（脅し取る）ものをいう。,,,,,,,,,,,,,,,,,,,,,,,,,,,,,,,,,,,,,
※,「還付金詐欺」とは、税金還付等に必要な手続を装って被害者にＡＴＭ等を操作させ、口座間送金により財産上の不法の利益を得る電子計算機使用詐欺事件又は詐欺事件をいう。,,,,,,,,,,,,,,,,,,,,,,,,,,,,,,,,,,,,,
※,「融資保証金詐欺」とは、実際には融資しないにもかかわらず、融資を申し込んできた者に対し、保証金等の名目で金銭等をだまし取る（脅し取る）ものをいう。,,,,,,,,,,,,,,,,,,,,,,,,,,,,,,,,,,,,,
※,「金融商品詐欺」とは、架空又は価値の乏しい未公開株、社債等の有価証券、外国通貨、高価な物品等に関する虚偽の情報を提供し、購入すれば利益が得られるものと誤信させ、その購入名目等で金銭等をだまし取る（脅し取る）ものをいう。,,,,,,,,,,,,,,,,,,,,,,,,,,,,,,,,,,,,,
※,「ギャンブル詐欺」とは、不特定多数の者が購入する雑誌に「パチンコ打ち子募集」等と掲載したり、不特定多数の者に対して同内容のメールを送信する等し、これに応じて会員登録等を申し込んできた被害者に対して会員登録料や情報料等の名目で金銭等をだまし取る（脅し取る）ものをいう。,,,,,,,,,,,,,,,,,,,,,,,,,,,,,,,,,,,,,
※,「交際あっせん詐欺」とは、不特定多数の者が購入する雑誌に「女性紹介」等と掲載したり、不特定多数の者に対して「女性紹介」等と記載したメールを送信するなどし、これに応じて女性の紹介等を求めてきた被害者に対して会員登録料金や保証金等の名目で金銭等をだまし取る（脅し取る）ものをいう。,,,,,,,,,,,,,,,,,,,,,,,,,,,,,,,,,,,,,
※,「その他の特殊詐欺」とは、オレオレ詐欺、預貯金詐欺、架空料金請求詐欺、還付金詐欺、融資保証金詐欺、金融商品詐欺、ギャンブル詐欺、交際あっせん詐欺及びキャッシュカード詐欺盗に該当しない特殊詐欺をいう。,,,,,,,,,,,,,,,,,,,,,,,,,,,,,,,,,,,,,
※,「キャッシュカード詐欺盗」とは、警察官や銀行協会、大手百貨店等の職員等を装って被害者に電話をかけ、「キャッシュカードが不正に利用されている」等の名目により、キャッシュカード等を準備させた上で、隙を見るなどし、同キャッシュカード等を窃取するものをいう。平成30年から新たな手口として分類した。,,,,,,,,,,,,,,,,,,,,,,,,,,,,,,,,,,,,,
,,,,,,,,,,,,,,,,,,,,,,,,,,,,,,,,,,,,,,
図表：２－３－６－２　手口別特殊詐欺被害額,,,,,,,,,,,,,,,,,,,,,,,,,,,,,,,,,,,,,,
,,,,,,,,,,,,,,,,,,,,,,,,,,,,,,,,,,,,,,
　　　　　　　　　　年次　区分,,,,,H28,H29,H30,R元,R２,R３,R４,R５,R６,R７,,,,,,,,,,,,,,,,,,,,,,,,
特殊詐欺被害額,,,,,40765652881,39474870491,38286761222,31582937585,28523359039,28199462547,37081354580,45256436710,71877275370,1.42E+11,,,,,,,,,,,,,,,,,,,,,,,,
,オレオレ詐欺,,,,16714510670,20793790944,18890604199,11764634718,6792410000,9060728729,12933603000,13348134110,45842900700,1.14E+11,,,,,,,,,,,,,,,,,,,,,,,,
,預貯金詐欺,,,,-,-,-,-,5819412799,3058074459,2889621574,3846364500,2551871450,2168850540,,,,,,,,,,,,,,,,,,,,,,,,
,架空料金請求詐欺,,,,15826116417,12766147720,13839782508,9859159587,7975541000,6807621000,10177798000,14038598000,13384799000,13169817051,,,,,,,,,,,,,,,,,,,,,,,,
,還付金詐欺,,,,4260232000,3585432000,2251116000,3010364000,2491514000,4518427000,5367626000,5131511000,6369672000,6188528000,,,,,,,,,,,,,,,,,,,,,,,,
,融資保証金詐欺,,,,702548000,659769000,620574000,537886000,393375000,269303000,223817000,240853000,241905000,372070000,,,,,,,,,,,,,,,,,,,,,,,,
,金融商品詐欺,,,,2472135990,724654066,265154900,193353030,416257000,265497000,444093000,5188782000,631337000,2212617000,,,,,,,,,,,,,,,,,,,,,,,,
,ギャンブル詐欺,,,,463470819,451436730,239818916,268520402,293619000,210964000,300490000,50393000,111633000,138551000,,,,,,,,,,,,,,,,,,,,,,,,
,交際あっせん詐欺,,,,133044460,140433432,121334168,25035000,67209000,57611000,17359000,18291000,322559000,1970109000,,,,,,,,,,,,,,,,,,,,,,,,
,その他の特殊詐欺,,,,193594525,353206599,165908323,14958930,10237000,2734000,40694000,411806000,598109000,839562000,,,,,,,,,,,,,,,,,,,,,,,,
,キャッシュカード詐欺盗,,,,-,-,1892468208,5909025918,4263784240,3948502359,4686253006,2981704100,1822489220,1435519747,,,,,,,,,,,,,,,,,,,,,,,,
※　被害額には、詐取又は窃取されたキャッシュカードを使用して、ＡＴＭから引き出された額（実務統計による集計値）を含む。,,,,,,,,,,,,,,,,,,,,,,,,,,,,,,,,,,,,,,
※　キャッシュカード詐欺盗の被害額は、平成30年から集計,,,,,,,,,,,,,,,,,,,,,,,,,,,,,,,,,,,,,,
※　預貯金詐欺の被害額は、令和２年から集計,,,,,,,,,,,,,,,,,,,,,,,,,,,,,,,,,,,,,,
,,,,,,,,,,,,,,,,,,,,,,,,,,,,,,,,,,,,,,
図表：２－３－６－３　手口別特殊詐欺被害者の男女・年齢層別割合　R7,,,,,,,,,,,,,,,,,,,,,,,,,,,,,,,,,,,,,,
,,,,,,,,,,,,,,,,,,,,,,,,,,,,,,,,,,,,,,
　　　　　　　　　　　　　　　　　　　年齢区分,,,,合計,19歳以下,20-29歳,30-39歳,40-49歳,50-59歳,60-64歳,65-69歳,70-79歳,80-89歳,90-99歳,100歳以上,,,,,,,,,,,,,,,,,,,,,,,
,,,,,,,,,,,,,,,,,,,,,,,,,,,,,,,,,,,,,,
特殊詐欺認知件数,,,男性,0.440854799,3.09E-03,5.82E-02,6.21E-02,4.50E-02,5.19E-02,3.54E-02,4.42E-02,7.67E-02,5.59E-02,8.42E-03,0,,,,,,,,,,,,,,,,,,,,,,,
,,,女性,0.559145201,3.06E-03,5.18E-02,5.11E-02,4.54E-02,4.79E-02,3.16E-02,4.72E-02,0.110555476,0.157108937,1.34E-02,3.60E-05,,,,,,,,,,,,,,,,,,,,,,,
,オレオレ詐欺,,男性,0.436460275,1.66E-03,7.63E-02,9.30E-02,0.05397943,4.59E-02,2.66E-02,2.71E-02,5.29E-02,5.12E-02,7.66E-03,0,,,,,,,,,,,,,,,,,,,,,,,
,,,女性,0.563539725,1.73E-03,4.51E-02,6.46E-02,5.96E-02,5.23E-02,2.51E-02,3.42E-02,0.11644923,0.151170014,0.013184234,6.90E-05,,,,,,,,,,,,,,,,,,,,,,,
,預貯金詐欺,,男性,0.161101347,0,0,0,1.17E-03,1.76E-03,1.17E-03,4.10E-03,3.40E-02,9.78E-02,2.11E-02,0,,,,,,,,,,,,,,,,,,,,,,,
,,,女性,0.838898653,0,0,0,1.76E-03,2.93E-03,2.93E-03,2.93E-03,0.135325132,0.628588166,6.44E-02,0,,,,,,,,,,,,,,,,,,,,,,,
,架空料金請求詐欺,,男性,0.522922888,9.31E-03,7.01E-02,4.11E-02,4.92E-02,8.38E-02,5.59E-02,6.59E-02,0.107851748,3.76E-02,2.28E-03,0,,,,,,,,,,,,,,,,,,,,,,,
,,,女性,0.477077112,9.13E-03,0.116458809,7.25E-02,0.051642368,7.45E-02,3.41E-02,3.50E-02,5.97E-02,2.32E-02,8.78E-04,0,,,,,,,,,,,,,,,,,,,,,,,
,還付金詐欺,,男性,0.413413098,0,6.30E-04,2.20E-03,6.61E-03,1.48E-02,3.46E-02,0.104848866,0.175692695,6.96E-02,4.41E-03,0,,,,,,,,,,,,,,,,,,,,,,,
,,,女性,0.586586902,0,0,9.45E-04,0.012279597,2.87E-02,8.78E-02,0.180730479,0.201826196,0.072103275,2.20E-03,0,,,,,,,,,,,,,,,,,,,,,,,
,融資保証金詐欺,,男性,0.743801653,0,0.129476584,0.159779614,0.187327824,0.137741047,5.79E-02,5.51E-02,1.38E-02,2.75E-03,0,0,,,,,,,,,,,,,,,,,,,,,,,
,,,女性,0.256198347,5.51E-03,8.54E-02,3.86E-02,4.96E-02,3.86E-02,1.65E-02,1.93E-02,2.75E-03,0,0,0,,,,,,,,,,,,,,,,,,,,,,,
,金融商品詐欺,,男性,0.59223301,0,1.46E-02,1.46E-02,4.37E-02,9.71E-02,0.131067961,6.31E-02,0.155339806,6.31E-02,9.71E-03,0,,,,,,,,,,,,,,,,,,,,,,,
,,,女性,0.40776699,4.85E-03,2.43E-02,9.71E-03,0.029126214,6.80E-02,6.31E-02,7.28E-02,0.111650485,1.94E-02,4.85E-03,0,,,,,,,,,,,,,,,,,,,,,,,
,ギャンブル詐欺,,男性,0.575757576,0,6.06E-02,6.06E-02,9.09E-02,0.151515152,3.03E-02,6.06E-02,6.06E-02,6.06E-02,0,0,,,,,,,,,,,,,,,,,,,,,,,
,,,女性,0.424242424,0,0.121212121,3.03E-02,3.03E-02,0,3.03E-02,6.06E-02,9.09E-02,6.06E-02,0,0,,,,,,,,,,,,,,,,,,,,,,,
,交際あっせん詐欺,,男性,1,1.04E-02,5.60E-02,8.92E-02,0.107883817,0.278008299,0.203319502,0.136929461,0.112033195,6.22E-03,0,0,,,,,,,,,,,,,,,,,,,,,,,
,,,女性,0,0,0,0,0,0,0,0,0,0,0,0,,,,,,,,,,,,,,,,,,,,,,,
,その他の特殊詐欺,,男性,0.443349754,9.85E-03,7.88E-02,7.39E-02,0.083743842,9.61E-02,4.43E-02,2.96E-02,2.22E-02,4.93E-03,0,0,,,,,,,,,,,,,,,,,,,,,,,
,,,女性,0.556650246,1.23E-02,0.206896552,0.125615764,9.36E-02,5.42E-02,2.71E-02,7.39E-03,2.22E-02,7.39E-03,0,0,,,,,,,,,,,,,,,,,,,,,,,
,キャッシュカード詐欺盗,,男性,0.235720032,0,0,0,0,2.41E-03,1.61E-03,5.63E-03,2.82E-02,0.151246983,4.67E-02,0,,,,,,,,,,,,,,,,,,,,,,,
,,,女性,0.764279968,0,0,0,0,3.22E-03,4.02E-03,8.85E-03,0.111021722,0.590506838,4.67E-02,0,,,,,,,,,,,,,,,,,,,,,,,
※,本表の数値は、四捨五入した値のため、各欄の数値の合計が100％にならない場合がある。,,,,,,,,,,,,,,,,,,,,,,,,,,,,,,,,,,,,,
※,本表の数値には、被害者が法人・団体等であるものを含まない。,,,,,,,,,,,,,,,,,,,,,,,,,,,,,,,,,,,,,
,,,,,,,,,,,,,,,,,,,,,,,,,,,,,,,,,,,,,,
図表：２－３－６－４　手口別特殊詐欺検挙状況,,,,,,,,,,,,,,,,,,,,,,,,,,,,,,,,,,,,,,
,,,,,,,,,,,,,,,,,,,,,,,,,,,,,,,,,,,,,,
　　　　　　　　　　　　　　　　　　　　年次区分,,,,,H28,H29,H30,R元,R２,R３,R４,R５,R６,R７,,,,,,,,,,,,,,,,,,,,,,,,
特殊詐欺検挙件数（件）,,,,,4471,4644,5550,6817,7424,6600,6640,7212,6576,6575,,,,,,,,,,,,,,,,,,,,,,,,
,オレオレ詐欺,,,,1974,2716,3401,3274,1890,1460,1771,2126,1776,2348,,,,,,,,,,,,,,,,,,,,,,,,
,預貯金詐欺,,,,-,-,-,-,1715,2128,1425,1724,1664,1406,,,,,,,,,,,,,,,,,,,,,,,,
,架空料金請求詐欺,,,,1149,1034,1271,1381,490,251,177,334,533,504,,,,,,,,,,,,,,,,,,,,,,,,
,還付金詐欺,,,,735,488,187,376,450,747,1061,1057,1042,1052,,,,,,,,,,,,,,,,,,,,,,,,
,融資保証金詐欺,,,,56,123,167,91,198,30,37,23,41,67,,,,,,,,,,,,,,,,,,,,,,,,
,金融商品詐欺,,,,411,188,40,30,37,10,7,23,21,16,,,,,,,,,,,,,,,,,,,,,,,,
,ギャンブル詐欺,,,,49,44,28,14,35,5,29,1,5,8,,,,,,,,,,,,,,,,,,,,,,,,
,交際あっせん詐欺,,,,1,22,45,1,14,2,0,5,11,6,,,,,,,,,,,,,,,,,,,,,,,,
,その他の特殊詐欺,,,,96,29,20,33,4,6,0,3,14,25,,,,,,,,,,,,,,,,,,,,,,,,
,キャッシュカード詐欺盗,,,,-,-,391,1617,2591,1961,2133,1916,1469,1143,,,,,,,,,,,,,,,,,,,,,,,,
特殊詐欺検挙人員（人）,,,,,2369,2448,2837,2861,2621,2374,2458,2455,2274,2338,,,,,,,,,,,,,,,,,,,,,,,,
,オレオレ詐欺,,,,1312,1644,1904,1669,634,782,967,973,902,1201,,,,,,,,,,,,,,,,,,,,,,,,
,預貯金詐欺,,,,-,-,-,-,940,713,574,564,450,388,,,,,,,,,,,,,,,,,,,,,,,,
,架空料金請求詐欺,,,,732,575,626,610,158,123,136,172,281,171,,,,,,,,,,,,,,,,,,,,,,,,
,還付金詐欺,,,,89,81,49,34,58,111,186,199,211,197,,,,,,,,,,,,,,,,,,,,,,,,
,融資保証金詐欺,,,,32,33,30,26,58,21,26,16,15,29,,,,,,,,,,,,,,,,,,,,,,,,
,金融商品詐欺,,,,166,77,40,24,35,19,13,28,10,9,,,,,,,,,,,,,,,,,,,,,,,,
,ギャンブル詐欺,,,,7,17,10,12,15,4,11,0,3,3,,,,,,,,,,,,,,,,,,,,,,,,
,交際あっせん詐欺,,,,5,2,12,2,7,1,1,4,4,4,,,,,,,,,,,,,,,,,,,,,,,,
,その他の特殊詐欺,,,,26,19,15,23,2,3,1,6,25,31,,,,,,,,,,,,,,,,,,,,,,,,
,キャッシュカード詐欺盗,,,,-,-,151,461,714,597,543,493,373,305,,,,,,,,,,,,,,,,,,,,,,,,
※,キャッシュカード詐欺盗の検挙件数及び検挙人員は、平成30年から集計,,,,,,,,,,,,,,,,,,,,,,,,,,,,,,,,,,,,,
※,預貯金詐欺の検挙件数及び検挙人員は、令和２年から集計,,,,,,,,,,,,,,,,,,,,,,,,,,,,,,,,,,,,,
,,,,,,,,,,,,,,,,,,,,,,,,,,,,,,,,,,,,,,
図表：２－３－7－１　手口別ＳＮＳ型投資・ロマンス詐欺認知件数,,,,,,,,,,,,,,,,,,,,,,,,,,,,,,,,,,,,,,
,,,,,,,,,,,,,,,,,,,,,,,,,,,,,,,,,,,,,,
　　　　　　　　　年次区分,,,,R5,R6,R7,,,,,,,,,,,,,,,,,,,,,,,,,,,,,,,,
ＳＮＳ型投資・ロマンス詐欺認知件数,,,,3846,10237,15168,,,,,,,,,,,,,,,,,,,,,,,,,,,,,,,,
,,,うち既遂,3846,10235,15118,,,,,,,,,,,,,,,,,,,,,,,,,,,,,,,,
,ＳＮＳ型投資詐欺,,,2271,6413,9523,,,,,,,,,,,,,,,,,,,,,,,,,,,,,,,,
,,,うち既遂,2271,6412,9483,,,,,,,,,,,,,,,,,,,,,,,,,,,,,,,,
,ＳＮＳ型ロマンス詐欺,,,1575,3824,5645,,,,,,,,,,,,,,,,,,,,,,,,,,,,,,,,
,,,うち既遂,1575,3823,5635,,,,,,,,,,,,,,,,,,,,,,,,,,,,,,,,
,,,,,,,,,,,,,,,,,,,,,,,,,,,,,,,,,,,,,,
※,「ＳＮＳ型投資詐欺」とは、ＳＮＳ等を通じて対面することなく、交信を重ねるなどして関係を深めて信用させ、投資金名目やその利益の出金手数料名目等で金銭等をだまし取る詐欺をいう（ＳＮＳ型ロマンス詐欺に該当するものを除く。）。,,,,,,,,,,,,,,,,,,,,,,,,,,,,,,,,,,,,,
※,「ＳＮＳ型ロマンス詐欺」とは、ＳＮＳ等を通じて対面することなく、交信を重ねるなどして関係を深めて信用させ、恋愛感情や親近感を抱かせて金銭等をだまし取る詐欺をいう。,,,,,,,,,,,,,,,,,,,,,,,,,,,,,,,,,,,,,
※,　令和５年中の調査においては、ＳＮＳ型ロマンス詐欺について、相手方が外国人又は海外居住者を名乗ったものを対象として実施。,,,,,,,,,,,,,,,,,,,,,,,,,,,,,,,,,,,,,
,,,,,,,,,,,,,,,,,,,,,,,,,,,,,,,,,,,,,,
図表：２－３－7－２　手口別ＳＮＳ型投資・ロマンス詐欺被害額,,,,,,,,,,,,,,,,,,,,,,,,,,,,,,,,,,,,,,
,,,,,,,,,,,,,,,,,,,,,,,,,,,,,,,,,,,,,,
　　　　　　　　　　　　　年次　区分,,,,,R5,R6,R7,,,,,,,,,,,,,,,,,,,,,,,,,,,,,,,
ＳＮＳ型投資・ロマンス詐欺被害額(円）,,,,,45518202985,1.27E+11,1.83E+11,,,,,,,,,,,,,,,,,,,,,,,,,,,,,,,
,ＳＮＳ型投資詐欺,,,,27791036944,87107992000,1.29E+11,,,,,,,,,,,,,,,,,,,,,,,,,,,,,,,
,ＳＮＳ型ロマンス詐欺,,,,17727166041,40085800000,54635088000,,,,,,,,,,,,,,,,,,,,,,,,,,,,,,,
,,,,,,,,,,,,,,,,,,,,,,,,,,,,,,,,,,,,,,
図表：２－３－７－３　手口別ＳＮＳ型投資・ロマンス詐欺被害者の男女・年齢層別割合　R７,,,,,,,,,,,,,,,,,,,,,,,,,,,,,,,,,,,,,,
,,,,,,,,,,,,,,,,,,,,,,,,,,,,,,,,,,,,,,
　　　　　　　　　　　　　　　　　　　年齢区分,,,,合計,19歳以下,20-29歳,30-39歳,40-49歳,50-59歳,60-69歳,70-79歳,80歳以上,,,,,,,,,,,,,,,,,,,,,,,,,,
,,,,,,,,,,,,,,,,,,,,,,,,,,,,,,,,,,,,,,
ＳＮＳ型投資詐欺,,,男性,5463,19,294,483,867,1383,1393,816,208,,,,,,,,,,,,,,,,,,,,,,,,,,
,,,割合,1,3.48E-03,5.38E-02,8.84E-02,0.158704009,0.253157606,0.254988102,0.149368479,0.038074318,,,,,,,,,,,,,,,,,,,,,,,,,,
,,,女性,4057,16,262,441,756,1176,857,454,95,,,,,,,,,,,,,,,,,,,,,,,,,,
,,,割合,1,3.94E-03,6.46E-02,0.108701011,0.18634459,0.289869362,0.211239832,0.111905349,2.34E-02,,,,,,,,,,,,,,,,,,,,,,,,,,
ＳＮＳ型ロマンス詐欺,,,男性,3633,7,165,430,729,1100,903,268,31,,,,,,,,,,,,,,,,,,,,,,,,,,
,,,割合,1,1.93E-03,4.54E-02,0.118359483,0.200660611,0.302780072,0.248554913,7.38E-02,8.53E-03,,,,,,,,,,,,,,,,,,,,,,,,,,
,,,女性,2012,7,138,226,551,620,362,95,13,,,,,,,,,,,,,,,,,,,,,,,,,,
,,,割合,1,3.48E-03,6.86E-02,0.112326044,0.273856859,0.308151093,0.179920477,4.72E-02,6.46E-03,,,,,,,,,,,,,,,,,,,,,,,,,,
※,本表の数値は、四捨五入した値のため、各欄の数値の合計が100％にならない場合がある。,,,,,,,,,,,,,,,,,,,,,,,,,,,,,,,,,,,,,
※,本表の数値には、被害者が法人・団体等であるものを含まない。,,,,,,,,,,,,,,,,,,,,,,,,,,,,,,,,,,,,,
,,,,,,,,,,,,,,,,,,,,,,,,,,,,,,,,,,,,,,
図表：２－３－７－４　手口別ＳＮＳ型投資・ロマンス詐欺検挙状況,,,,,,,,,,,,,,,,,,,,,,,,,,,,,,,,,,,,,,
,,,,,,,,,,,,,,,,,,,,,,,,,,,,,,,,,,,,,,
　　　　　　　　　　　　　　　　　　　　年次区分,,,,,R5,R6,R7,,,,,,,,,,,,,,,,,,,,,,,,,,,,,,,
ＳＮＳ型投資・ロマンス詐欺検挙件数（件）,,,,,-,262,630,,,,,,,,,,,,,,,,,,,,,,,,,,,,,,,
,ＳＮＳ型投資詐欺,,,,-,130,369,,,,,,,,,,,,,,,,,,,,,,,,,,,,,,,
,ＳＮＳ型ロマンス詐欺,,,,-,132,261,,,,,,,,,,,,,,,,,,,,,,,,,,,,,,,
ＳＮＳ型投資・ロマンス詐欺検挙人員（人）,,,,,-,129,397,,,,,,,,,,,,,,,,,,,,,,,,,,,,,,,
,ＳＮＳ型投資詐欺,,,,-,58,224,,,,,,,,,,,,,,,,,,,,,,,,,,,,,,,
,ＳＮＳ型ロマンス詐欺,,,,-,71,173,,,,,,,,,,,,,,,,,,,,,,,,,,,,,,,
,,,,,,,,,,,,,,,,,,,,,,,,,,,,,,,,,,,,,,
※　令和６年から調査を実施,,,,,,,,,,,,,,,,,,,,,,,,,,,,,,,,,,,,,,
※　検挙件数及び検挙人員には、ＳＮＳ型投資・ロマンス詐欺のほか、犯罪収益が,,,,,,,,,,,,,,,,,,,,,,,,,,,,,,,,,,,,,,
　同詐欺に由来する組織的犯罪処罰法違反を含む。,,,,,,,,,,,,,,,,,,,,,,,,,,,,,,,,,,,,,,
,,,,,,,,,,,,,,,,,,,,,,,,,,,,,,,,,,,,,,
図表：３－１－１（少年・20歳以上の者別刑法犯検挙人員、人口千人当たり刑法犯検挙人員）,,,,,,,,,,,,,,,,,,,,,,,,,,,,,,,,,,,,,,
,,年次,H28,H29,H30,R元,R2,R3,R4,R5,R6,R7,,,,,,,,,,,,,,,,,,,,,,,,,,
区分,,,,,,,,,,,,,,,,,,,,,,,,,,,,,,,,,,,,,,
検挙人員（人）,,,226376,215003,206094,192607,182582,175041,169409,183269,191826,200663,,,,,,,,,,,,,,,,,,,,,,,,,,
,14-19歳,,31995,27301,23970,20410,17904,15349,15376,19399,22274,24958,,,,,,,,,,,,,,,,,,,,,,,,,,
,,割合（％）,14.1,12.7,11.6,10.6,9.8,8.8,9.1,10.6,11.6,12.4,,,,,,,,,,,,,,,,,,,,,,,,,,
,,人口千人当たり,4.5,3.8,3.4,3,2.6,2.3,2.3,3,3.4,3.8,,,,,,,,,,,,,,,,,,,,,,,,,,
,20歳以上,,194381,187702,182124,172197,164678,159692,154033,163870,169552,175705,,,,,,,,,,,,,,,,,,,,,,,,,,
,,人口千人当たり,1.8,1.8,1.7,1.6,1.6,1.5,1.5,1.6,1.6,1.7,,,,,,,,,,,,,,,,,,,,,,,,,,
,,,,,,,,,,,,,,,,,,,,,,,,,,,,,,,,,,,,,,
,,,H28,H29,H30,R元,R２,R３,R４,R５,R６,R７,,,,,,,,,,,,,,,,,,,,,,,,,,
,,14-19歳人口,7188,7109,7015,6910,6781,6662,6601,6564,6523,6523,,,,,,,,,,,,,,,,,,,,,,,,,,
,,20歳以上人口,105203,105294,105376,105464,105407,105136,104933,104685,104519,104519,,,,,,,,,,,,,,,,,,,,,,,,,,
,,,,,,,,,,,,,,,,,,,,,,,,,,,,,,,,,,,,,,
図表：３－１－２（主な罪種・手口における少年検挙人員）,,,,,,,,,,,,,,,,,,,,,,,,,,,,,,,,,,,,,,
,,,年次,H28,H29,H30,R元,R2,R3,R4,R5,R6,R7,,,,,,,,,,,,,,,,,,,,,,,,,
区分,,,,,,,,,,,,,,,,,,,,,,,,,,,,,,,,,,,,,,
殺人,,検挙人員(人),,816,874,836,924,878,848,785,808,923,895,,,,,,,,,,,,,,,,,,,,,,,,,
,,,うち14-19歳,51,47,34,48,50,40,51,45,57,61,,,,,,,,,,,,,,,,,,,,,,,,,
,,,割合（％）,6.3,5.4,4.1,5.2,5.7,4.7,6.5,5.6,6.2,6.8,,,,,,,,,,,,,,,,,,,,,,,,,
強盗,,検挙人員,,1984,1704,1732,1604,1654,1460,1322,1601,1780,1813,,,,,,,,,,,,,,,,,,,,,,,,,
,,,うち14-19歳,340,269,269,270,341,235,245,341,481,513,,,,,,,,,,,,,,,,,,,,,,,,,
,,,割合,17.1,15.8,15.5,16.8,20.6,16.1,18.5,21.3,27,28.3,,,,,,,,,,,,,,,,,,,,,,,,,
不同意性交等,,検挙人員,,875,910,1088,1178,1177,1251,1339,1875,3086,3371,,,,,,,,,,,,,,,,,,,,,,,,,
,,,うち14-19歳,115,109,148,144,134,150,186,199,311,314,,,,,,,,,,,,,,,,,,,,,,,,,
,,,割合,13.1,12,13.6,12.2,11.4,12,13.9,10.6,10.1,9.3,,,,,,,,,,,,,,,,,,,,,,,,,
暴行,,検挙人員,,25736,25696,26622,26377,24883,23993,23964,25305,24584,25019,,,,,,,,,,,,,,,,,,,,,,,,,
,,,うち14-19歳,1113,986,1011,909,765,749,802,883,1066,1100,,,,,,,,,,,,,,,,,,,,,,,,,
,,,割合,4.3,3.8,3.8,3.4,3.1,3.1,3.3,3.5,4.3,4.4,,,,,,,,,,,,,,,,,,,,,,,,,
傷害,,検挙人員,,21966,20979,20774,20105,18826,17525,17532,19902,20248,21047,,,,,,,,,,,,,,,,,,,,,,,,,
,,,うち14-19歳,2531,2184,2129,2075,1789,1657,1573,2084,2333,2630,,,,,,,,,,,,,,,,,,,,,,,,,
,,,割合,11.5,10.4,10.2,10.3,9.5,9.5,9,10.5,11.5,12.5,,,,,,,,,,,,,,,,,,,,,,,,,
脅迫,,検挙人員,,2778,2808,2714,2764,2862,2964,2993,3254,3253,3505,,,,,,,,,,,,,,,,,,,,,,,,,
,,,うち14-19歳,183,141,153,189,171,171,187,221,233,275,,,,,,,,,,,,,,,,,,,,,,,,,
,,,割合,6.6,5,5.6,6.8,6,5.8,6.2,6.8,7.2,7.8,,,,,,,,,,,,,,,,,,,,,,,,,
恐喝,,検挙人員,,1794,1764,1671,1538,1515,1230,1159,1363,1371,1572,,,,,,,,,,,,,,,,,,,,,,,,,
,,,うち14-19歳,423,379,390,366,368,298,295,420,428,576,,,,,,,,,,,,,,,,,,,,,,,,,
,,,割合,23.6,21.5,23.3,23.8,24.3,24.2,25.5,30.8,31.2,36.6,,,,,,,,,,,,,,,,,,,,,,,,,
窃盗,,検挙人員,,115462,109238,102369,94144,88464,84360,79234,85535,88302,92589,,,,,,,,,,,,,,,,,,,,,,,,,
,,,うち14-19歳,18509,15805,13374,11019,9403,7599,7695,10021,11264,12921,,,,,,,,,,,,,,,,,,,,,,,,,
,,,割合,16,14.5,13.1,11.7,10.6,9,9.7,11.7,12.8,14,,,,,,,,,,,,,,,,,,,,,,,,,
,うち,検挙人員,,485,509,395,370,248,206,216,219,238,215,,,,,,,,,,,,,,,,,,,,,,,,,
,ひったくり,,うち14-19歳,162,176,135,100,83,51,66,85,97,85,,,,,,,,,,,,,,,,,,,,,,,,,
,,,割合,33.4,34.6,34.2,27,33.5,24.8,30.6,38.8,40.8,39.5,,,,,,,,,,,,,,,,,,,,,,,,,
,うち,検挙人員,,706,625,512,497,497,434,417,449,409,428,,,,,,,,,,,,,,,,,,,,,,,,,
,部品ねらい,,うち14-19歳,404,284,252,256,251,201,179,211,208,208,,,,,,,,,,,,,,,,,,,,,,,,,
,,,割合,57.2,45.4,49.2,51.5,50.5,46.3,42.9,47,50.9,48.6,,,,,,,,,,,,,,,,,,,,,,,,,
,うち,検挙人員,,726,414,288,193,183,122,114,96,86,124,,,,,,,,,,,,,,,,,,,,,,,,,
,自動販売機ねらい,,うち14-19歳,574,303,171,91,67,48,35,18,22,42,,,,,,,,,,,,,,,,,,,,,,,,,
,,,割合,79.1,73.2,59.4,47.2,36.6,39.3,30.7,18.8,25.6,33.9,,,,,,,,,,,,,,,,,,,,,,,,,
,うち,検挙人員,,69879,66154,61061,55337,51622,50369,45826,49399,51588,55192,,,,,,,,,,,,,,,,,,,,,,,,,
,万引き,,うち14-19歳,8549,7552,6449,5148,4164,3479,3399,4541,5051,6213,,,,,,,,,,,,,,,,,,,,,,,,,
,,,割合,12.2,11.4,10.6,9.3,8.1,6.9,7.4,9.2,9.8,11.3,,,,,,,,,,,,,,,,,,,,,,,,,
,うち,検挙人員,,2246,1531,1203,841,888,727,720,971,1269,1456,,,,,,,,,,,,,,,,,,,,,,,,,
,オートバイ盗,,うち14-19歳,2060,1385,1068,732,782,631,628,856,1170,1350,,,,,,,,,,,,,,,,,,,,,,,,,
,,,割合,91.7,90.5,88.8,87,88.1,86.8,87.2,88.2,92.2,92.7,,,,,,,,,,,,,,,,,,,,,,,,,
,うち,検挙人員,,8602,7831,7214,6407,5428,4243,4515,5416,5632,5470,,,,,,,,,,,,,,,,,,,,,,,,,
,自転車盗,,うち14-19歳,3362,3066,2623,2274,1930,1548,1693,2376,2631,2629,,,,,,,,,,,,,,,,,,,,,,,,,
,,,割合,39.1,39.2,36.4,35.5,35.6,36.5,37.5,43.9,46.7,48.1,,,,,,,,,,,,,,,,,,,,,,,,,
詐欺,,検挙人員,,10360,9928,9959,8843,8326,10400,10507,9761,9025,9486,,,,,,,,,,,,,,,,,,,,,,,,,
,,,うち14-19歳,763,844,1122,874,686,1004,811,846,866,890,,,,,,,,,,,,,,,,,,,,,,,,,
,,,割合,7.4,8.5,11.3,9.9,8.2,9.7,7.7,8.7,9.6,9.4,,,,,,,,,,,,,,,,,,,,,,,,,
不同意わいせつ,,検挙人員,,2799,2837,2923,2926,2760,2903,3067,3804,4450,4732,,,,,,,,,,,,,,,,,,,,,,,,,
,,,うち14-19歳,410,381,351,340,271,274,330,360,439,491,,,,,,,,,,,,,,,,,,,,,,,,,
,,,割合,14.6,13.4,12,11.6,9.8,9.4,10.8,9.5,9.9,10.4,,,,,,,,,,,,,,,,,,,,,,,,,
占有離脱物横領,,検挙人員,,19075,16771,14890,12359,10992,8680,8372,8929,9301,9009,,,,,,,,,,,,,,,,,,,,,,,,,
,,,うち14-19歳,4227,3389,2602,2108,1671,1094,1180,1450,1722,1686,,,,,,,,,,,,,,,,,,,,,,,,,
,,,割合,22.2,20.2,17.5,17.1,15.2,12.6,14.1,16.2,18.5,18.7,,,,,,,,,,,,,,,,,,,,,,,,,
住居侵入,,検挙人員,,4443,3891,3549,3456,3682,3425,3325,3474,3393,3553,,,,,,,,,,,,,,,,,,,,,,,,,
,,,うち14-19歳,1269,984,793,624,794,758,712,812,828,832,,,,,,,,,,,,,,,,,,,,,,,,,
,,,割合,28.6,25.3,22.3,18.1,21.6,22.1,21.4,23.4,24.4,23.4,,,,,,,,,,,,,,,,,,,,,,,,,
,,,,,,,,,,,,,,,,,,,,,,,,,,,,,,,,,,,,,,
図表：３－２－１（高齢者・非高齢者別刑法犯検挙人員、人口10万人当たり刑法犯検挙人員）,,,,,,,,,,,,,,,,,,,,,,,,,,,,,,,,,,,,,,
,,年次,H28,H29,H30,R元,R2,R3,R4,R5,R6,R7,,,,,,,,,,,,,,,,,,,,,,,,,,
区分,,,,,,,,,,,,,,,,,,,,,,,,,,,,,,,,,,,,,,
検挙人員（人）,,,226376,215003,206094,192607,182582,175041,169409,183269,191826,200663,,,,,,,,,,,,,,,,,,,,,,,,,,
,65歳以上,,46977,46264,44767,42463,41696,41267,39144,41099,41070,42122,,,,,,,,,,,,,,,,,,,,,,,,,,
,,割合（％）,20.75175814,21.51783929,21.72164158,22.04644691,22.83686234,23.57561943,23.10621041,22.42550568,21.41002784,20.99141346,,,,,,,,,,,,,,,,,,,,,,,,,,
,,人口10万人当たり,135.9,131.9,126.2,118.8,115.7,114,108,113.5,113.3,116.2,,,,,,,,,,,,,,,,,,,,,,,,,,
,14-64歳,,179399,168739,161327,150144,140886,133774,130265,142170,150756,158541,,,,,,,,,,,,,,,,,,,,,,,,,,
,,人口10万人当たり,230.5,218.2,209.8,196,185,177,173,189.5,201.5,212,,,,,,,,,,,,,,,,,,,,,,,,,,
,,,,,,,,,,,,,,,,,,,,,,,,,,,,,,,,,,,,,,
図表：３－２－２（主な罪種・手口における高齢者検挙人員）,,,,,,,,,,,,,,,,,,,,,,,,,,,,,,,,,,,,,,
,,,年次,H28,H29,H30,R元,R2,R3,R4,R5,R6,R7,,,,,,,,,,,,,,,,,,,,,,,,,
区分,,,,,,,,,,,,,,,,,,,,,,,,,,,,,,,,,,,,,,
殺人,,検挙人員（人）,,816,874,836,924,878,848,785,808,923,895,,,,,,,,,,,,,,,,,,,,,,,,,
,,,うち65歳以上,154,142,160,169,146,128,122,137,138,145,,,,,,,,,,,,,,,,,,,,,,,,,
,,,割合（％）,18.9,16.2,19.1,18.3,16.6,15.1,15.5,17,15,16.2,,,,,,,,,,,,,,,,,,,,,,,,,
強盗,,検挙人員,,1984,1704,1732,1604,1654,1460,1322,1601,1780,1813,,,,,,,,,,,,,,,,,,,,,,,,,
,,,うち65歳以上,131,142,126,128,114,121,114,131,133,115,,,,,,,,,,,,,,,,,,,,,,,,,
,,,割合,6.6,8.3,7.3,8,6.9,8.3,8.6,8.2,7.5,6.3,,,,,,,,,,,,,,,,,,,,,,,,,
不同意性交等,,検挙人員,,875,910,1088,1178,1177,1251,1339,1875,3086,3371,,,,,,,,,,,,,,,,,,,,,,,,,
,,,うち65歳以上,26,34,38,37,41,38,41,80,105,115,,,,,,,,,,,,,,,,,,,,,,,,,
,,,割合,3,3.7,3.5,3.1,3.5,3,3.1,4.3,3.4,3.4,,,,,,,,,,,,,,,,,,,,,,,,,
暴行,,検挙人員,,25736,25696,26622,26377,24883,23993,23964,25305,24584,25019,,,,,,,,,,,,,,,,,,,,,,,,,
,,,うち65歳以上,4014,4074,4284,4253,4251,4192,4107,4392,4259,4372,,,,,,,,,,,,,,,,,,,,,,,,,
,,,割合,15.6,15.9,16.1,16.1,17.1,17.5,17.1,17.4,17.3,17.5,,,,,,,,,,,,,,,,,,,,,,,,,
傷害,,検挙人員,,21966,20979,20774,20105,18826,17525,17532,19902,20248,21047,,,,,,,,,,,,,,,,,,,,,,,,,
,,,うち65歳以上,1809,1863,1766,1775,1843,1792,1754,1906,1869,1915,,,,,,,,,,,,,,,,,,,,,,,,,
,,,割合,8.2,8.9,8.5,8.8,9.8,10.2,10,9.6,9.2,9.1,,,,,,,,,,,,,,,,,,,,,,,,,
脅迫,,検挙人員,,2778,2808,2714,2764,2862,2964,2993,3254,3253,3505,,,,,,,,,,,,,,,,,,,,,,,,,
,,,うち65歳以上,470,473,505,509,540,592,593,628,558,561,,,,,,,,,,,,,,,,,,,,,,,,,
,,,割合,16.9,16.8,18.6,18.4,18.9,20,19.8,19.3,17.2,16,,,,,,,,,,,,,,,,,,,,,,,,,
恐喝,,検挙人員,,1794,1764,1671,1538,1515,1230,1159,1363,1371,1572,,,,,,,,,,,,,,,,,,,,,,,,,
,,,うち65歳以上,86,73,72,105,90,64,49,58,56,66,,,,,,,,,,,,,,,,,,,,,,,,,
,,,割合,4.8,4.1,4.3,6.8,5.9,5.2,4.2,4.3,4.1,4.2,,,,,,,,,,,,,,,,,,,,,,,,,
窃盗,,検挙人員,,115462,109238,102369,94144,88464,84360,79234,85535,88302,92589,,,,,,,,,,,,,,,,,,,,,,,,,
,,,うち65歳以上,33979,33310,31851,29754,28976,28850,26866,28017,28140,28959,,,,,,,,,,,,,,,,,,,,,,,,,
,,,割合,29.4,30.5,31.1,31.6,32.8,34.2,33.9,32.8,31.9,31.3,,,,,,,,,,,,,,,,,,,,,,,,,
,うち,検挙人員,,69879,66154,61061,55337,51622,50369,45826,49399,51588,55192,,,,,,,,,,,,,,,,,,,,,,,,,
,万引き,,うち65歳以上,26936,26106,24348,22267,21221,21035,19309,20201,20393,21099,,,,,,,,,,,,,,,,,,,,,,,,,
,,,割合,38.5,39.5,39.9,40.2,41.1,41.8,42.1,40.9,39.5,38.2,,,,,,,,,,,,,,,,,,,,,,,,,
詐欺,,検挙人員,,10360,9928,9959,8843,8326,10400,10507,9761,9025,9486,,,,,,,,,,,,,,,,,,,,,,,,,
,,,うち65歳以上,909,870,864,780,745,763,839,806,721,755,,,,,,,,,,,,,,,,,,,,,,,,,
,,,割合,8.8,8.8,8.7,8.8,8.9,7.3,8,8.3,8,8,,,,,,,,,,,,,,,,,,,,,,,,,
不同意わいせつ,,検挙人員,,2799,2837,2923,2926,2760,2903,3067,3804,4450,4732,,,,,,,,,,,,,,,,,,,,,,,,,
,,,うち65歳以上,232,242,268,312,288,352,331,435,516,502,,,,,,,,,,,,,,,,,,,,,,,,,
,,,割合,8.3,8.5,9.2,10.7,10.4,12.1,10.8,11.4,11.6,10.6,,,,,,,,,,,,,,,,,,,,,,,,,
占有離脱物横領,,検挙人員,,19075,16771,14890,12359,10992,8680,8372,8929,9301,9009,,,,,,,,,,,,,,,,,,,,,,,,,
,,,うち65歳以上,2917,2680,2466,2210,2186,1954,1879,1852,1856,1831,,,,,,,,,,,,,,,,,,,,,,,,,
,,,割合,15.3,16,16.6,17.9,19.9,22.5,22.4,20.7,20,20.3,,,,,,,,,,,,,,,,,,,,,,,,,
,,,,,,,,,,,,,,,,,,,,,,,,,,,,,,,,,,,,,,
図表：３－２－３（主な罪種・手口・年齢層別高齢者検挙人員）,,,,,,,,,,,,,,,,,,,,,,,,,,,,,,,,,,,,,,
,,年次,H28,H29,H30,R元,R2,R3,R4,R5,R6,R7,,,,,,,,,,,,,,,,,,,,,,,,,,
区分,,,,,,,,,,,,,,,,,,,,,,,,,,,,,,,,,,,,,,
窃盗（人）,,,33979,33310,31851,29754,28976,28850,26866,28017,28140,28959,,,,,,,,,,,,,,,,,,,,,,,,,,
,,65-69歳,9501,9038,8091,6961,6224,5824,5138,5178,5286,5509,,,,,,,,,,,,,,,,,,,,,,,,,,
,,70-74歳,8444,8258,8023,7652,7839,8318,7514,7360,6918,6619,,,,,,,,,,,,,,,,,,,,,,,,,,
,,75-79歳,7747,7714,7417,7194,6991,6645,6236,6872,7078,7786,,,,,,,,,,,,,,,,,,,,,,,,,,
,,80-84歳,5653,5571,5471,5085,5042,4838,4848,5240,5518,5586,,,,,,,,,,,,,,,,,,,,,,,,,,
,,85歳以上,2634,2729,2849,2862,2880,3225,3130,3367,3340,3459,,,,,,,,,,,,,,,,,,,,,,,,,,
,うち万引き,,26936,26106,24348,22267,21221,21035,19309,20201,20393,21099,,,,,,,,,,,,,,,,,,,,,,,,,,
,,65-69歳,6717,6306,5487,4566,3937,3789,3244,3320,3408,3654,,,,,,,,,,,,,,,,,,,,,,,,,,
,,70-74歳,6518,6199,5834,5436,5484,5699,5083,5005,4752,4620,,,,,,,,,,,,,,,,,,,,,,,,,,
,,75-79歳,6330,6275,5877,5574,5239,4965,4557,5017,5172,5657,,,,,,,,,,,,,,,,,,,,,,,,,,
,,80-84歳,4977,4847,4620,4180,4107,3828,3796,4091,4305,4327,,,,,,,,,,,,,,,,,,,,,,,,,,
,,85歳以上,2394,2479,2530,2511,2454,2754,2629,2768,2756,2841,,,,,,,,,,,,,,,,,,,,,,,,,,
暴行,,,4014,4074,4284,4253,4251,4192,4107,4392,4259,4372,,,,,,,,,,,,,,,,,,,,,,,,,,
,,65-69歳,1847,1736,1723,1556,1373,1249,1187,1201,1142,1233,,,,,,,,,,,,,,,,,,,,,,,,,,
,,70-74歳,1063,1147,1256,1274,1428,1460,1373,1430,1300,1172,,,,,,,,,,,,,,,,,,,,,,,,,,
,,75-79歳,676,716,751,831,837,812,869,952,993,1097,,,,,,,,,,,,,,,,,,,,,,,,,,
,,80-84歳,340,358,427,427,420,445,489,580,556,594,,,,,,,,,,,,,,,,,,,,,,,,,,
,,85歳以上,88,117,127,165,193,226,189,229,268,276,,,,,,,,,,,,,,,,,,,,,,,,,,
占有離脱物横領,,,2917,2680,2466,2210,2186,1954,1879,1852,1856,1831,,,,,,,,,,,,,,,,,,,,,,,,,,
,,65-69歳,1123,991,903,735,641,587,546,481,484,471,,,,,,,,,,,,,,,,,,,,,,,,,,
,,70-74歳,806,771,695,665,688,623,595,601,513,496,,,,,,,,,,,,,,,,,,,,,,,,,,
,,75-79歳,612,542,506,453,486,424,396,403,487,489,,,,,,,,,,,,,,,,,,,,,,,,,,
,,80-84歳,289,272,269,267,270,212,247,252,256,265,,,,,,,,,,,,,,,,,,,,,,,,,,
,,85歳以上,87,104,93,90,101,108,95,115,116,110,,,,,,,,,,,,,,,,,,,,,,,,,,
傷害,,,1809,1863,1766,1775,1843,1792,1754,1906,1869,1915,,,,,,,,,,,,,,,,,,,,,,,,,,
,,65-69歳,889,898,738,692,673,593,553,585,564,599,,,,,,,,,,,,,,,,,,,,,,,,,,
,,70-74歳,487,492,537,552,560,606,619,616,551,532,,,,,,,,,,,,,,,,,,,,,,,,,,
,,75-79歳,276,284,285,294,345,339,317,395,435,449,,,,,,,,,,,,,,,,,,,,,,,,,,
,,80-84歳,114,153,156,169,190,176,194,194,212,229,,,,,,,,,,,,,,,,,,,,,,,,,,
,,85歳以上,43,36,50,68,75,78,71,116,107,106,,,,,,,,,,,,,,,,,,,,,,,,,,
,,,,,,,,,,,,,,,,,,,,,,,,,,,,,,,,,,,,,,
図表：３－２－４（主な罪種・手口・年齢層別人口10万人当たり高齢者検挙人員）,,,,,,,,,,,,,,,,,,,,,,,,,,,,,,,,,,,,,,
,,年次,H28,H29,H30,R元,R2,R3,R4,R5,R6,R7,,,,,,,,,,,,,,,,,,,,,,,,,,
区分,,,,,,,,,,,,,,,,,,,,,,,,,,,,,,,,,,,,,,
窃盗（人）,,,98.3,94.9,89.8,83.2,80.4,79.7,74.1,77.3,77.6,79.9,,,,,,,,,,,,,,,,,,,,,,,,,,
,,65-69歳,92.5,91.2,86.5,80,75.6,74,68.2,70.6,72.7,75.8,,,,,,,,,,,,,,,,,,,,,,,,,,
,,70-74歳,114.1,106.8,97.7,88.4,85.3,86,80.5,83.5,84.4,80.7,,,,,,,,,,,,,,,,,,,,,,,,,,
,,75-79歳,118.8,114.7,107.3,99.7,99,99,88.7,92,89.8,98.7,,,,,,,,,,,,,,,,,,,,,,,,,,
,,80-84歳,109.2,105.4,102.5,95.7,93.3,87,84.4,88.9,89.9,91,,,,,,,,,,,,,,,,,,,,,,,,,,
,,85歳以上,50.7,50.3,50.3,48.7,47,50.4,47.5,50.2,49.5,51.2,,,,,,,,,,,,,,,,,,,,,,,,,,
,うち万引き,,77.9,74.4,68.6,62.3,58.9,58.1,53.3,55.8,56.3,58.2,,,,,,,,,,,,,,,,,,,,,,,,,,
,,65-69歳,65.4,63.6,58.6,52.5,47.8,48.2,43.1,45.3,46.9,50.3,,,,,,,,,,,,,,,,,,,,,,,,,,
,,70-74歳,88.1,80.2,71.1,62.8,59.7,58.9,54.4,56.8,58,56.4,,,,,,,,,,,,,,,,,,,,,,,,,,
,,75-79歳,97.1,93.3,85,77.3,74.2,74,64.8,67.1,65.6,71.7,,,,,,,,,,,,,,,,,,,,,,,,,,
,,80-84歳,96.1,91.7,86.5,78.7,76,68.8,66.1,69.4,70.1,70.5,,,,,,,,,,,,,,,,,,,,,,,,,,
,,85歳以上,46.1,45.7,44.7,42.7,40,43,39.9,41.3,40.8,42.1,,,,,,,,,,,,,,,,,,,,,,,,,,
暴行,,,11.6,11.6,12.1,11.9,11.8,11.6,11.3,12.1,11.8,12.1,,,,,,,,,,,,,,,,,,,,,,,,,,
,,65-69歳,18,17.5,18.4,17.9,16.7,15.9,15.8,16.4,15.7,17,,,,,,,,,,,,,,,,,,,,,,,,,,
,,70-74歳,14.4,14.8,15.3,14.7,15.5,15.1,14.7,16.2,15.9,14.3,,,,,,,,,,,,,,,,,,,,,,,,,,
,,75-79歳,10.4,10.6,10.9,11.5,11.8,12.1,12.4,12.7,12.6,13.9,,,,,,,,,,,,,,,,,,,,,,,,,,
,,80-84歳,6.6,6.8,8,8,7.8,8,8.5,9.8,9.1,9.7,,,,,,,,,,,,,,,,,,,,,,,,,,
,,85歳以上,1.7,2.2,2.2,2.8,3.1,3.5,2.9,3.4,4,4.1,,,,,,,,,,,,,,,,,,,,,,,,,,
占有離脱物横領,,,8.4,7.6,7,6.2,6.1,5.4,5.2,5.1,5.1,5.1,,,,,,,,,,,,,,,,,,,,,,,,,,
,,65-69歳,10.9,10,9.7,8.5,7.8,7.5,7.2,6.6,6.7,6.5,,,,,,,,,,,,,,,,,,,,,,,,,,
,,70-74歳,10.9,10,8.5,7.7,7.5,6.4,6.4,6.8,6.3,6.1,,,,,,,,,,,,,,,,,,,,,,,,,,
,,75-79歳,9.4,8.1,7.3,6.3,6.9,6.3,5.6,5.4,6.2,6.2,,,,,,,,,,,,,,,,,,,,,,,,,,
,,80-84歳,5.6,5.1,5,5,5,3.8,4.3,4.3,4.2,4.3,,,,,,,,,,,,,,,,,,,,,,,,,,
,,85歳以上,1.7,1.9,1.6,1.5,1.6,1.7,1.4,1.7,1.7,1.6,,,,,,,,,,,,,,,,,,,,,,,,,,
傷害,,,5.2,5.3,5,5,5.1,4.9,4.8,5.3,5.2,5.3,,,,,,,,,,,,,,,,,,,,,,,,,,
,,65-69歳,8.7,9.1,7.9,8,8.2,7.5,7.3,8,7.8,8.2,,,,,,,,,,,,,,,,,,,,,,,,,,
,,70-74歳,6.6,6.4,6.5,6.4,6.1,6.3,6.6,7,6.7,6.5,,,,,,,,,,,,,,,,,,,,,,,,,,
,,75-79歳,4.2,4.2,4.1,4.1,4.9,5,4.5,5.3,5.5,5.7,,,,,,,,,,,,,,,,,,,,,,,,,,
,,80-84歳,2.2,2.9,2.9,3.2,3.5,3.2,3.4,3.3,3.5,3.7,,,,,,,,,,,,,,,,,,,,,,,,,,
,,85歳以上,0.8,0.7,0.9,1.2,1.2,1.2,1.1,1.7,1.6,1.6,,,,,,,,,,,,,,,,,,,,,,,,,,
,,,,,,,,,,,,,,,,,,,,,,,,,,,,,,,,,,,,,,
図表：３－３－１（外国人の刑法犯検挙状況）,,,,,,,,,,,,,,,,,,,,,,,,,,,,,,,,,,,,,,
,,年次,H28,H29,H30,R元,R2,R3,R4,R5,R6,R7,,,,,,,,,,,,,,,,,,,,,,,,,,
区分,,,,,,,,,,,,,,,,,,,,,,,,,,,,,,,,,,,,,,
検挙件数（件）,,,337066,327081,309409,294206,279185,264485,250350,269550,287273,301055,,,,,,,,,,,,,,,,,,,,,,,,,,
,うち外国人,,15276,17156,15549,14789,14536,14050,12947,15541,18861,22917,,,,,,,,,,,,,,,,,,,,,,,,,,
,,うち来日外国人,9043,11012,9573,9148,9512,9105,8548,10040,13405,17614,,,,,,,,,,,,,,,,,,,,,,,,,,
検挙人員（人）,,,226376,215003,206094,192607,182582,175041,169409,183269,191826,200663,,,,,,,,,,,,,,,,,,,,,,,,,,
,うち外国人,,10750,10580,10065,9603,9529,9404,8702,9726,10464,11354,,,,,,,,,,,,,,,,,,,,,,,,,,
,,うち来日外国人,6097,6113,5844,5563,5634,5573,5014,5735,6368,7333,,,,,,,,,,,,,,,,,,,,,,,,,,
,,,,,,,,,,,,,,,,,,,,,,,,,,,,,,,,,,,,,,
図表：３－３－２（主な在留資格別外国人の刑法犯検挙人員）,,,,,,,,,,,,,,,,,,,,,,,,,,,,,,,,,,,,,,
,,年次,H28,H29,H30,R元,R2,R3,R4,R5,R6,R7,,,,,,,,,,,,,,,,,,,,,,,,,,
区分,,,,,,,,,,,,,,,,,,,,,,,,,,,,,,,,,,,,,,
外国人検挙人員(人),,,10750,10580,10065,9603,9529,9404,8702,9726,10464,11354,,,,,,,,,,,,,,,,,,,,,,,,,,
,うち来日外国人,,6097,6113,5844,5563,5634,5573,5014,5735,6368,7333,,,,,,,,,,,,,,,,,,,,,,,,,,
,,正規滞在者,5699,5714,5478,5228,5197,5077,4687,5272,5882,6745,,,,,,,,,,,,,,,,,,,,,,,,,,
,,不法滞在者,398,399,366,335,437,496,327,463,486,588,,,,,,,,,,,,,,,,,,,,,,,,,,
,うち在日外国人,,4506,4326,4093,3920,3775,3714,3567,3829,3901,3836,,,,,,,,,,,,,,,,,,,,,,,,,,
,,,,,,,,,,,,,,,,,,,,,,,,,,,,,,,,,,,,,,
図表：３－３－３（国籍等別刑法犯検挙状況）,,,,,,,,,,,,,,,,,,,,,,,,,,,,,,,,,,,,,,
,,年次,H28,H29,H30,R元,R2,R3,R4,R5,R6,R7,,,,,,,,,,,,,,,,,,,,,,,,,,
区分,,,,,,,,,,,,,,,,,,,,,,,,,,,,,,,,,,,,,,
外国人検挙件数(件),,,15276,17156,15549,14789,14536,14050,12947,15541,18861,22917,,,,,,,,,,,,,,,,,,,,,,,,,,
,,うち来日,9043,11012,9573,9148,9512,9105,8548,10040,13405,17614,,,,,,,,,,,,,,,,,,,,,,,,,,
,韓国・朝鮮,,3812,3750,3440,2750,2982,2271,2182,2329,2390,2227,,,,,,,,,,,,,,,,,,,,,,,,,,
,,うち来日,621,855,579,427,610,235,259,309,299,315,,,,,,,,,,,,,,,,,,,,,,,,,,
,中国,,3690,3653,2622,3110,3701,3158,2877,3028,3053,3321,,,,,,,,,,,,,,,,,,,,,,,,,,
,,うち来日,2761,2682,1795,2321,2666,2144,1965,1932,1779,2225,,,,,,,,,,,,,,,,,,,,,,,,,,
,ベトナム,,2427,3917,3156,3298,3085,3817,3673,4241,6164,7447,,,,,,,,,,,,,,,,,,,,,,,,,,
,,うち来日,2142,3591,2993,3021,2931,3539,3579,4082,5992,7293,,,,,,,,,,,,,,,,,,,,,,,,,,
,ブラジル,,1063,1470,1423,1417,1009,896,851,1019,1007,1499,,,,,,,,,,,,,,,,,,,,,,,,,,
,,うち来日,495,839,795,650,682,514,461,467,538,857,,,,,,,,,,,,,,,,,,,,,,,,,,
,フイリピン,,819,788,775,780,648,899,742,985,964,1015,,,,,,,,,,,,,,,,,,,,,,,,,,
,,うち来日,509,418,375,415,339,524,397,403,519,589,,,,,,,,,,,,,,,,,,,,,,,,,,
,ペルー,,627,522,511,502,310,510,222,356,382,520,,,,,,,,,,,,,,,,,,,,,,,,,,
,,うち来日,315,301,270,158,140,240,106,142,147,293,,,,,,,,,,,,,,,,,,,,,,,,,,
,アメリカ,,276,292,256,265,196,184,231,296,350,356,,,,,,,,,,,,,,,,,,,,,,,,,,
,,うち来日,175,148,134,146,96,72,89,125,188,173,,,,,,,,,,,,,,,,,,,,,,,,,,
,タイ,,206,162,91,143,168,96,101,311,489,1737,,,,,,,,,,,,,,,,,,,,,,,,,,
,,うち来日,155,68,51,86,79,67,67,212,445,1687,,,,,,,,,,,,,,,,,,,,,,,,,,
,ネパール,,204,176,248,224,217,205,225,254,324,381,,,,,,,,,,,,,,,,,,,,,,,,,,
,,うち来日,186,163,227,205,205,192,216,243,307,367,,,,,,,,,,,,,,,,,,,,,,,,,,
,スリランカ,,117,229,162,217,214,219,290,148,472,498,,,,,,,,,,,,,,,,,,,,,,,,,,
,,うち来日,95,216,148,193,194,215,278,134,455,466,,,,,,,,,,,,,,,,,,,,,,,,,,
,インドネシア,,69,70,84,46,70,81,67,97,188,328,,,,,,,,,,,,,,,,,,,,,,,,,,
,,うち来日,60,65,75,41,58,75,54,90,171,308,,,,,,,,,,,,,,,,,,,,,,,,,,
,マレーシア,,21,227,369,195,57,105,8,35,71,206,,,,,,,,,,,,,,,,,,,,,,,,,,
,,うち来日,15,222,364,188,50,102,5,30,70,198,,,,,,,,,,,,,,,,,,,,,,,,,,
,カンボジア,,8,11,15,19,71,47,62,160,650,715,,,,,,,,,,,,,,,,,,,,,,,,,,
,,うち来日,5,8,10,13,47,33,56,153,638,708,,,,,,,,,,,,,,,,,,,,,,,,,,
外国人検挙人員(人),,,10750,10580,10065,9603,9529,9404,8702,9726,10464,11354,,,,,,,,,,,,,,,,,,,,,,,,,,
,,うち来日,6097,6113,5844,5563,5634,5573,5014,5735,6368,7333,,,,,,,,,,,,,,,,,,,,,,,,,,
,韓国・朝鮮,,2638,2512,2382,2186,1996,1832,1720,1839,1824,1722,,,,,,,,,,,,,,,,,,,,,,,,,,
,,うち来日,398,391,375,328,244,227,207,251,263,289,,,,,,,,,,,,,,,,,,,,,,,,,,
,中国,,2581,2419,2232,2168,2233,2110,1925,2080,2149,2343,,,,,,,,,,,,,,,,,,,,,,,,,,
,,うち来日,1737,1623,1435,1451,1473,1309,1140,1231,1254,1449,,,,,,,,,,,,,,,,,,,,,,,,,,
,ベトナム,,1609,1561,1461,1346,1587,2000,1676,1694,1679,2025,,,,,,,,,,,,,,,,,,,,,,,,,,
,,うち来日,1470,1443,1373,1244,1495,1908,1581,1608,1578,1913,,,,,,,,,,,,,,,,,,,,,,,,,,
,フイリピン,,743,739,662,706,611,703,649,690,813,821,,,,,,,,,,,,,,,,,,,,,,,,,,
,,うち来日,420,422,368,391,335,374,334,357,449,454,,,,,,,,,,,,,,,,,,,,,,,,,,
,ブラジル,,651,696,622,643,661,618,637,705,709,717,,,,,,,,,,,,,,,,,,,,,,,,,,
,,うち来日,322,362,333,318,351,305,322,335,365,362,,,,,,,,,,,,,,,,,,,,,,,,,,
,ペルー,,328,332,287,266,256,248,202,267,259,282,,,,,,,,,,,,,,,,,,,,,,,,,,
,,うち来日,145,139,127,110,105,104,92,116,108,127,,,,,,,,,,,,,,,,,,,,,,,,,,
,アメリカ,,262,240,228,233,182,167,202,259,310,321,,,,,,,,,,,,,,,,,,,,,,,,,,
,,うち来日,155,124,125,127,96,56,77,119,150,162,,,,,,,,,,,,,,,,,,,,,,,,,,
,ネパール,,195,178,247,229,220,219,216,243,322,369,,,,,,,,,,,,,,,,,,,,,,,,,,
,,うち来日,180,166,227,212,209,204,207,231,306,354,,,,,,,,,,,,,,,,,,,,,,,,,,
,スリランカ,,90,138,167,166,150,155,147,149,243,280,,,,,,,,,,,,,,,,,,,,,,,,,,
,,うち来日,80,123,155,141,138,151,133,138,224,252,,,,,,,,,,,,,,,,,,,,,,,,,,
,パキスタン,,74,75,79,68,78,77,97,94,156,166,,,,,,,,,,,,,,,,,,,,,,,,,,
,,うち来日,50,47,51,43,49,44,71,73,124,127,,,,,,,,,,,,,,,,,,,,,,,,,,
,インドネシア,,64,66,77,45,66,60,64,83,180,218,,,,,,,,,,,,,,,,,,,,,,,,,,
,,うち来日,53,59,68,40,55,53,52,76,167,201,,,,,,,,,,,,,,,,,,,,,,,,,,
,ミャンマー,,44,47,47,49,65,59,55,74,137,171,,,,,,,,,,,,,,,,,,,,,,,,,,
,,うち来日,37,43,42,46,61,56,46,70,128,163,,,,,,,,,,,,,,,,,,,,,,,,,,
※　検挙件数は、平成28年から令和７年までの間に、検挙件数300件以上の年がある国・地域を抽出※　検挙人員は、平成28年から令和７年までの間に、検挙人員150人以上の年がある国・地域を抽出※　中国に、「台湾」及び「香港等」は含まない。,,,,,,,,,,,,,,,,,,,,,,,,,,,,,,,,,,,,,,
,,,,,,,,,,,,,,,,,,,,,,,,,,,,,,,,,,,,,,
図表：３－３－４（来日外国人の罪種・手口別刑法犯検挙状況）,,,,,,,,,,,,,,,,,,,,,,,,,,,,,,,,,,,,,,
,,,,年次,H28,H29,H30,R元,R2,R3,R4,R5,R6,R7,,,,,,,,,,,,,,,,,,,,,,,,
区分,,,,,,,,,,,,,,,,,,,,,,,,,,,,,,,,,,,,,,
総数,,,,検挙件数(件),9043,11012,9573,9148,9512,9105,8548,10040,13405,17614,,,,,,,,,,,,,,,,,,,,,,,,
,,,,検挙人員(人),6097,6113,5844,5563,5634,5573,5014,5735,6368,7333,,,,,,,,,,,,,,,,,,,,,,,,
,凶悪犯,,,検挙件数,146,138,156,147,190,191,153,222,260,295,,,,,,,,,,,,,,,,,,,,,,,,
,,,,検挙人員,161,147,171,157,192,224,196,245,302,341,,,,,,,,,,,,,,,,,,,,,,,,
,,うち殺人,,検挙件数,32,35,41,45,50,54,45,55,60,55,,,,,,,,,,,,,,,,,,,,,,,,
,,,,検挙人員,35,35,38,48,59,69,44,56,69,62,,,,,,,,,,,,,,,,,,,,,,,,
,,うち強盗,,検挙件数,78,59,71,60,84,69,57,82,81,96,,,,,,,,,,,,,,,,,,,,,,,,
,,,,検挙人員,87,71,95,70,80,87,99,107,114,135,,,,,,,,,,,,,,,,,,,,,,,,
,,,侵入強盗,検挙件数,10,14,15,8,23,23,10,20,24,26,,,,,,,,,,,,,,,,,,,,,,,,
,,,,検挙人員,20,16,25,14,19,33,30,30,28,48,,,,,,,,,,,,,,,,,,,,,,,,
,,,非侵入強盗,検挙件数,68,45,56,52,61,46,47,62,57,70,,,,,,,,,,,,,,,,,,,,,,,,
,,,,検挙人員,67,55,70,56,61,54,69,77,86,87,,,,,,,,,,,,,,,,,,,,,,,,
,粗暴犯,,,検挙件数,1081,1152,1176,1235,1146,1155,1158,1371,1340,1566,,,,,,,,,,,,,,,,,,,,,,,,
,,,,検挙人員,1225,1233,1290,1342,1252,1343,1267,1442,1459,1690,,,,,,,,,,,,,,,,,,,,,,,,
,,うち傷害,,検挙件数,473,497,495,523,500,494,493,611,614,701,,,,,,,,,,,,,,,,,,,,,,,,
,,,,検挙人員,579,565,584,599,555,606,578,691,693,806,,,,,,,,,,,,,,,,,,,,,,,,
,窃盗犯,,,検挙件数,5452,6955,5763,5218,5809,5425,5048,6149,9103,12226,,,,,,,,,,,,,,,,,,,,,,,,
,,,,検挙人員,3030,2868,2694,2528,2503,2293,1992,2414,2645,3030,,,,,,,,,,,,,,,,,,,,,,,,
,,侵入窃盗,,検挙件数,972,1889,1060,669,1582,935,739,1846,4153,4340,,,,,,,,,,,,,,,,,,,,,,,,
,,,,検挙人員,150,180,147,136,154,166,126,255,292,341,,,,,,,,,,,,,,,,,,,,,,,,
,,,うち住宅対象,検挙件数,766,1438,763,428,1089,528,277,524,1129,1023,,,,,,,,,,,,,,,,,,,,,,,,
,,,,検挙人員,103,110,78,62,94,84,58,109,119,141,,,,,,,,,,,,,,,,,,,,,,,,
,,乗り物盗,,検挙件数,482,922,678,395,266,501,467,514,760,576,,,,,,,,,,,,,,,,,,,,,,,,
,,,,検挙人員,294,286,248,235,212,189,242,242,288,282,,,,,,,,,,,,,,,,,,,,,,,,
,,,うち自動車盗,検挙件数,118,372,441,188,58,283,273,294,280,234,,,,,,,,,,,,,,,,,,,,,,,,
,,,,検挙人員,45,63,34,29,24,30,61,41,64,51,,,,,,,,,,,,,,,,,,,,,,,,
,,非侵入窃盗,,検挙件数,3998,4144,4025,4154,3961,3989,3842,3789,4190,7310,,,,,,,,,,,,,,,,,,,,,,,,
,,,,検挙人員,2586,2402,2299,2157,2137,1938,1624,1917,2065,2407,,,,,,,,,,,,,,,,,,,,,,,,
,,,うち部品ねらい,検挙件数,23,56,120,42,28,24,75,258,69,541,,,,,,,,,,,,,,,,,,,,,,,,
,,,,検挙人員,13,12,16,13,18,14,16,21,12,18,,,,,,,,,,,,,,,,,,,,,,,,
,,,うち車上ねらい,検挙件数,66,66,77,144,35,70,44,25,76,173,,,,,,,,,,,,,,,,,,,,,,,,
,,,,検挙人員,13,17,10,24,18,18,16,20,19,25,,,,,,,,,,,,,,,,,,,,,,,,
,,,うちひったくり,検挙件数,5,8,17,8,11,3,10,8,8,18,,,,,,,,,,,,,,,,,,,,,,,,
,,,,検挙人員,5,6,7,8,3,4,7,7,7,11,,,,,,,,,,,,,,,,,,,,,,,,
,,,うちすり,検挙件数,48,31,78,28,57,16,7,44,27,75,,,,,,,,,,,,,,,,,,,,,,,,
,,,,検挙人員,28,18,37,27,26,9,7,20,23,22,,,,,,,,,,,,,,,,,,,,,,,,
,,,うち自動販売機ねらい,検挙件数,9,21,11,3,1,7,0,1,0,14,,,,,,,,,,,,,,,,,,,,,,,,
,,,,検挙人員,4,1,3,2,1,1,0,0,0,1,,,,,,,,,,,,,,,,,,,,,,,,
,,,うち万引き,検挙件数,2711,3240,2994,3182,2850,2873,2621,2202,2252,3181,,,,,,,,,,,,,,,,,,,,,,,,
,,,,検挙人員,2107,1903,1804,1609,1516,1358,1106,1326,1431,1720,,,,,,,,,,,,,,,,,,,,,,,,
,知能犯,,,検挙件数,865,1214,1010,1285,843,944,888,813,769,1368,,,,,,,,,,,,,,,,,,,,,,,,
,,,,検挙人員,437,598,463,457,428,448,466,425,478,683,,,,,,,,,,,,,,,,,,,,,,,,
,,うち偽造,,検挙件数,315,502,471,402,205,231,230,155,187,203,,,,,,,,,,,,,,,,,,,,,,,,
,,,,検挙人員,198,251,178,137,106,103,63,75,105,108,,,,,,,,,,,,,,,,,,,,,,,,
,風俗犯,,,検挙件数,169,134,183,176,211,194,243,213,340,335,,,,,,,,,,,,,,,,,,,,,,,,
,,,,検挙人員,127,131,153,148,177,194,206,204,268,283,,,,,,,,,,,,,,,,,,,,,,,,
,,うち不同意わいせつ,,検挙件数,144,117,148,147,168,144,173,178,251,220,,,,,,,,,,,,,,,,,,,,,,,,
,,,,検挙人員,98,100,122,119,141,116,142,157,189,188,,,,,,,,,,,,,,,,,,,,,,,,
,その他の刑法犯,,,検挙件数,1330,1419,1285,1087,1313,1196,1058,1272,1593,1824,,,,,,,,,,,,,,,,,,,,,,,,
,,,,検挙人員,1117,1136,1073,931,1082,1071,887,1005,1216,1306,,,,,,,,,,,,,,,,,,,,,,,,
,,うち占有離脱物横領,,検挙件数,660,712,648,486,568,481,348,422,503,536,,,,,,,,,,,,,,,,,,,,,,,,
,,,,検挙人員,644,698,637,463,555,460,331,402,497,513,,,,,,,,,,,,,,,,,,,,,,,,
,,うち住居侵入,,検挙件数,251,272,225,220,304,237,222,290,399,430,,,,,,,,,,,,,,,,,,,,,,,,
,,,,検挙人員,157,131,109,147,172,138,132,152,189,188,,,,,,,,,,,,,,,,,,,,,,,,
,,うち略取誘拐・人身売買,,検挙件数,6,3,6,6,10,21,11,14,13,16,,,,,,,,,,,,,,,,,,,,,,,,
,,,,検挙人員,7,4,5,6,13,69,45,17,11,21,,,,,,,,,,,,,,,,,,,,,,,,
,,,,,,,,,,,,,,,,,,,,,,,,,,,,,,,,,,,,,,
図表：３－４－１（暴力団構成員等の刑法犯検挙人員）,,,,,,,,,,,,,,,,,,,,,,,,,,,,,,,,,,,,,,
,,年次,H28,H29,H30,R元,R2,R3,R4,R5,R6,R7,,,,,,,,,,,,,,,,,,,,,,,,,,
区分,,,,,,,,,,,,,,,,,,,,,,,,,,,,,,,,,,,,,,
検挙人員（人）,,,226376,215003,206094,192607,182582,175041,169409,183269,191826,200663,,,,,,,,,,,,,,,,,,,,,,,,,,
,うち暴力団構成員等,,12177,10393,9825,8445,7533,6875,6155,6068,5204,4631,,,,,,,,,,,,,,,,,,,,,,,,,,
,,うち暴力団構成員,3327,2828,2381,2018,1750,1530,1565,1445,1202,1049,,,,,,,,,,,,,,,,,,,,,,,,,,
,,,,,,,,,,,,,,,,,,,,,,,,,,,,,,,,,,,,,,
図表：３－４－２（主な罪種における暴力団構成員等検挙人員）,,,,,,,,,,,,,,,,,,,,,,,,,,,,,,,,,,,,,,
,,,,年次,H28,H29,H30,R元,R2,R3,R4,R5,R6,R7,,,,,,,,,,,,,,,,,,,,,,,,
区分,,,,,,,,,,,,,,,,,,,,,,,,,,,,,,,,,,,,,,
殺人,,検挙人員（人）,,,816,874,836,924,878,848,785,808,923,895,,,,,,,,,,,,,,,,,,,,,,,,
,,,うち暴力団構成員等,,83,118,94,79,97,91,79,56,79,53,,,,,,,,,,,,,,,,,,,,,,,,
,,,,うち暴力団構成員,34,54,25,22,38,37,24,12,24,16,,,,,,,,,,,,,,,,,,,,,,,,
強盗,,検挙人員,,,1984,1704,1732,1604,1654,1460,1322,1601,1780,1813,,,,,,,,,,,,,,,,,,,,,,,,
,,,うち暴力団構成員等,,327,244,287,246,175,217,146,237,208,179,,,,,,,,,,,,,,,,,,,,,,,,
,,,,うち暴力団構成員,47,43,58,40,34,23,17,24,23,25,,,,,,,,,,,,,,,,,,,,,,,,
放火,,検挙人員,,,577,579,537,519,582,534,532,576,511,500,,,,,,,,,,,,,,,,,,,,,,,,
,,,うち暴力団構成員等,,28,22,23,14,17,7,18,10,9,2,,,,,,,,,,,,,,,,,,,,,,,,
,,,,うち暴力団構成員,10,5,3,4,2,1,7,5,0,0,,,,,,,,,,,,,,,,,,,,,,,,
不同意性交等,,検挙人員,,,875,910,1088,1178,1177,1251,1339,1875,3086,3371,,,,,,,,,,,,,,,,,,,,,,,,
,,,うち暴力団構成員等,,52,38,40,30,40,39,29,37,37,42,,,,,,,,,,,,,,,,,,,,,,,,
,,,,うち暴力団構成員,5,6,6,2,7,7,6,5,3,7,,,,,,,,,,,,,,,,,,,,,,,,
凶器準備集合,,検挙人員,,,17,6,5,5,22,12,34,22,28,114,,,,,,,,,,,,,,,,,,,,,,,,
,,,うち暴力団構成員等,,14,4,2,1,2,2,6,8,11,46,,,,,,,,,,,,,,,,,,,,,,,,
,,,,うち暴力団構成員,7,2,2,0,0,0,3,4,1,4,,,,,,,,,,,,,,,,,,,,,,,,
暴行,,検挙人員,,,25736,25696,26622,26377,24883,23993,23964,25305,24584,25019,,,,,,,,,,,,,,,,,,,,,,,,
,,,うち暴力団構成員等,,1261,1043,993,866,829,676,602,527,389,331,,,,,,,,,,,,,,,,,,,,,,,,
,,,,うち暴力団構成員,318,264,211,212,182,150,151,115,91,89,,,,,,,,,,,,,,,,,,,,,,,,
傷害,,検挙人員,,,21966,20979,20774,20105,18826,17525,17532,19902,20248,21047,,,,,,,,,,,,,,,,,,,,,,,,
,,,うち暴力団構成員等,,2514,2095,2042,1823,1629,1353,1142,1186,1071,938,,,,,,,,,,,,,,,,,,,,,,,,
,,,,うち暴力団構成員,638,564,444,403,380,247,241,255,210,203,,,,,,,,,,,,,,,,,,,,,,,,
脅迫,,検挙人員,,,2778,2808,2714,2764,2862,2964,2993,3254,3253,3505,,,,,,,,,,,,,,,,,,,,,,,,
,,,うち暴力団構成員等,,534,513,550,393,415,356,370,289,278,253,,,,,,,,,,,,,,,,,,,,,,,,
,,,,うち暴力団構成員,196,187,232,147,141,130,144,90,100,91,,,,,,,,,,,,,,,,,,,,,,,,
恐喝,,検挙人員,,,1794,1764,1671,1538,1515,1230,1159,1363,1371,1572,,,,,,,,,,,,,,,,,,,,,,,,
,,,うち暴力団構成員等,,830,803,772,636,575,456,453,460,384,385,,,,,,,,,,,,,,,,,,,,,,,,
,,,,うち暴力団構成員,344,362,360,262,195,173,177,189,160,144,,,,,,,,,,,,,,,,,,,,,,,,
窃盗,,検挙人員,,,115462,109238,102369,94144,88464,84360,79234,85535,88302,92589,,,,,,,,,,,,,,,,,,,,,,,,
,,,うち暴力団構成員等,,2044,1874,1627,1434,1157,1008,847,889,713,617,,,,,,,,,,,,,,,,,,,,,,,,
,,,,うち暴力団構成員,254,229,190,176,109,93,96,94,68,70,,,,,,,,,,,,,,,,,,,,,,,,
詐欺,,検挙人員,,,10360,9928,9959,8843,8326,10400,10507,9761,9025,9486,,,,,,,,,,,,,,,,,,,,,,,,
,,,うち暴力団構成員等,,2072,1813,1749,1448,1249,1555,1424,1332,1103,875,,,,,,,,,,,,,,,,,,,,,,,,
,,,,うち暴力団構成員,778,645,518,410,379,413,428,413,290,213,,,,,,,,,,,,,,,,,,,,,,,,
横領,,検挙人員,,,1021,1084,1037,917,1081,937,937,1135,1328,1407,,,,,,,,,,,,,,,,,,,,,,,,
,,,うち暴力団構成員等,,43,51,43,35,34,35,30,43,36,33,,,,,,,,,,,,,,,,,,,,,,,,
,,,,うち暴力団構成員,7,7,5,2,6,6,3,6,2,6,,,,,,,,,,,,,,,,,,,,,,,,
文書偽造,,検挙人員,,,1261,1066,996,955,921,896,861,818,911,930,,,,,,,,,,,,,,,,,,,,,,,,
,,,うち暴力団構成員等,,297,191,154,114,126,120,114,111,81,66,,,,,,,,,,,,,,,,,,,,,,,,
,,,,うち暴力団構成員,159,98,67,52,60,67,64,64,49,33,,,,,,,,,,,,,,,,,,,,,,,,
賭博,,検挙人員,,,725,637,602,452,495,504,542,422,586,676,,,,,,,,,,,,,,,,,,,,,,,,
,,,うち暴力団構成員等,,423,289,292,189,225,149,153,152,100,151,,,,,,,,,,,,,,,,,,,,,,,,
,,,,うち暴力団構成員,57,39,18,20,18,3,10,5,10,16,,,,,,,,,,,,,,,,,,,,,,,,
わいせつ物頒布,,検挙人員,,,704,563,614,564,568,563,504,345,216,138,,,,,,,,,,,,,,,,,,,,,,,,
,,,うち暴力団構成員等,,52,13,30,16,14,12,5,4,4,0,,,,,,,,,,,,,,,,,,,,,,,,
,,,,うち暴力団構成員,6,1,1,2,1,3,0,0,0,0,,,,,,,,,,,,,,,,,,,,,,,,
公務執行妨害,,検挙人員,,,1991,1922,1913,1866,1666,1597,1654,1604,1566,1612,,,,,,,,,,,,,,,,,,,,,,,,
,,,うち暴力団構成員等,,271,220,186,162,127,136,112,110,77,71,,,,,,,,,,,,,,,,,,,,,,,,
,,,,うち暴力団構成員,61,38,30,27,20,34,23,21,10,11,,,,,,,,,,,,,,,,,,,,,,,,
犯人蔵匿・証拠隠滅,,検挙人員,,,306,363,296,281,309,291,258,263,232,274,,,,,,,,,,,,,,,,,,,,,,,,
,,,うち暴力団構成員等,,78,77,81,75,92,49,39,48,42,46,,,,,,,,,,,,,,,,,,,,,,,,
,,,,うち暴力団構成員,23,35,43,23,35,14,12,12,7,14,,,,,,,,,,,,,,,,,,,,,,,,
,うち証人等威迫,検挙人員,,,13,13,13,8,8,4,8,14,7,15,,,,,,,,,,,,,,,,,,,,,,,,
,,,うち暴力団構成員等,,10,7,7,7,5,2,7,10,5,7,,,,,,,,,,,,,,,,,,,,,,,,
,,,,うち暴力団構成員,9,4,4,1,3,0,4,3,3,2,,,,,,,,,,,,,,,,,,,,,,,,
逮捕監禁,,検挙人員,,,378,359,289,398,400,366,325,355,327,345,,,,,,,,,,,,,,,,,,,,,,,,
,,,うち暴力団構成員等,,172,130,96,171,117,93,93,106,50,71,,,,,,,,,,,,,,,,,,,,,,,,
,,,,うち暴力団構成員,53,38,20,77,20,34,36,23,15,12,,,,,,,,,,,,,,,,,,,,,,,,
信用棄損・威力業務妨害,,検挙人員,,,573,480,447,529,569,508,546,627,665,727,,,,,,,,,,,,,,,,,,,,,,,,
,,,うち暴力団構成員等,,81,30,46,40,48,19,42,23,40,24,,,,,,,,,,,,,,,,,,,,,,,,
,,,,うち暴力団構成員,44,9,21,12,13,4,21,6,12,6,,,,,,,,,,,,,,,,,,,,,,,,
器物損壊等,,検挙人員,,,5381,5335,4993,4790,4922,4563,4520,4593,4671,4689,,,,,,,,,,,,,,,,,,,,,,,,
,,,うち暴力団構成員等,,382,310,247,238,201,170,160,140,106,83,,,,,,,,,,,,,,,,,,,,,,,,
,,,,うち暴力団構成員,109,72,39,50,31,27,34,29,21,16,,,,,,,,,,,,,,,,,,,,,,,,
暴力行為等処罰ﾆ関ｽﾙ法律,,検挙人員,,,67,70,62,56,25,20,26,31,50,54,,,,,,,,,,,,,,,,,,,,,,,,
,,,うち暴力団構成員等,,10,28,15,20,7,7,9,4,7,11,,,,,,,,,,,,,,,,,,,,,,,,
,,,,うち暴力団構成員,8,13,5,3,5,4,7,1,1,6,,,,,,,,,,,,,,,,,,,,,,,,
,,,,,,,,,,,,,,,,,,,,,,,,,,,,,,,,,,,,,,
図表：３－５－１（薬物常用者の刑法犯検挙人員）,,,,,,,,,,,,,,,,,,,,,,,,,,,,,,,,,,,,,,
,,,年次,H28,H29,H30,R元,R2,R3,R4,R5,R6,R7,,,,,,,,,,,,,,,,,,,,,,,,,
区分,,,,,,,,,,,,,,,,,,,,,,,,,,,,,,,,,,,,,,
検挙人員（人）,,,,226376,215003,206094,192607,182582,175041,169409,183269,191826,200663,,,,,,,,,,,,,,,,,,,,,,,,,
,うち薬物常用者,,,845,745,720,676,517,505,459,465,371,300,,,,,,,,,,,,,,,,,,,,,,,,,
,全検挙人員に占める割合(%),,,0.4,0.3,0.3,0.4,0.3,0.3,0.3,0.3,0.2,0.1,,,,,,,,,,,,,,,,,,,,,,,,,
,,,,,,,,,,,,,,,,,,,,,,,,,,,,,,,,,,,,,,
図表：３－５－２（薬物の種類別薬物常用者刑法犯検挙人員）,,,,,,,,,,,,,,,,,,,,,,,,,,,,,,,,,,,,,,
,,年次,H28,H29,H30,R元,R2,R3,R4,R5,R6,R7,,,,,,,,,,,,,,,,,,,,,,,,,,
区分,,,,,,,,,,,,,,,,,,,,,,,,,,,,,,,,,,,,,,
薬物常用者検挙人員(人),,,845,745,720,676,517,505,459,465,371,300,,,,,,,,,,,,,,,,,,,,,,,,,,
,覚醒剤常用者,,690,630,611,546,404,389,328,326,252,197,,,,,,,,,,,,,,,,,,,,,,,,,,
,麻薬常用者,,7,8,8,10,9,7,14,9,4,12,,,,,,,,,,,,,,,,,,,,,,,,,,
,大麻常用者,,39,35,45,62,65,76,82,99,73,56,,,,,,,,,,,,,,,,,,,,,,,,,,
,その他の薬物常用者,,69,42,38,36,20,15,20,20,34,23,,,,,,,,,,,,,,,,,,,,,,,,,,
,有機溶剤等乱用者,,40,30,18,22,19,18,15,11,8,12,,,,,,,,,,,,,,,,,,,,,,,,,,
,,,,,,,,,,,,,,,,,,,,,,,,,,,,,,,,,,,,,,
図表：３－５－３（主な罪種における薬物常用者検挙人員）,,,,,,,,,,,,,,,,,,,,,,,,,,,,,,,,,,,,,,
,,年次,H28,H29,H30,R元,R2,R3,R4,R5,R6,R7,,,,,,,,,,,,,,,,,,,,,,,,,,
区分,,,,,,,,,,,,,,,,,,,,,,,,,,,,,,,,,,,,,,
殺人,検挙人員（人）,,816,874,836,924,878,848,785,808,923,895,,,,,,,,,,,,,,,,,,,,,,,,,,
,,うち薬物常用者,11,10,13,6,12,11,8,4,15,6,,,,,,,,,,,,,,,,,,,,,,,,,,
強盗,検挙人員,,1984,1704,1732,1604,1654,1460,1322,1601,1780,1813,,,,,,,,,,,,,,,,,,,,,,,,,,
,,うち薬物常用者,24,22,22,24,16,15,17,16,13,15,,,,,,,,,,,,,,,,,,,,,,,,,,
放火,検挙人員,,577,579,537,519,582,534,532,576,511,500,,,,,,,,,,,,,,,,,,,,,,,,,,
,,うち薬物常用者,5,4,8,3,4,3,2,2,7,5,,,,,,,,,,,,,,,,,,,,,,,,,,
不同意性交等,検挙人員,,875,910,1088,1178,1177,1251,1339,1875,3086,3371,,,,,,,,,,,,,,,,,,,,,,,,,,
,,うち薬物常用者,4,3,5,4,3,2,3,4,3,3,,,,,,,,,,,,,,,,,,,,,,,,,,
暴行,検挙人員,,25736,25696,26622,26377,24883,23993,23964,25305,24584,25019,,,,,,,,,,,,,,,,,,,,,,,,,,
,,うち薬物常用者,44,45,29,38,23,38,28,27,24,16,,,,,,,,,,,,,,,,,,,,,,,,,,
傷害,検挙人員,,21966,20979,20774,20105,18826,17525,17532,19902,20248,21047,,,,,,,,,,,,,,,,,,,,,,,,,,
,,うち薬物常用者,117,107,120,112,100,79,64,70,67,46,,,,,,,,,,,,,,,,,,,,,,,,,,
脅迫,検挙人員,,2778,2808,2714,2764,2862,2964,2993,3254,3253,3505,,,,,,,,,,,,,,,,,,,,,,,,,,
,,うち薬物常用者,24,12,20,28,20,15,11,10,8,9,,,,,,,,,,,,,,,,,,,,,,,,,,
恐喝,検挙人員,,1794,1764,1671,1538,1515,1230,1159,1363,1371,1572,,,,,,,,,,,,,,,,,,,,,,,,,,
,,うち薬物常用者,23,16,31,25,25,17,13,14,7,5,,,,,,,,,,,,,,,,,,,,,,,,,,
窃盗,検挙人員,,115462,109238,102369,94144,88464,84360,79234,85535,88302,92589,,,,,,,,,,,,,,,,,,,,,,,,,,
,,うち薬物常用者,355,308,289,259,176,166,183,197,130,101,,,,,,,,,,,,,,,,,,,,,,,,,,
,,,,,,,,,,,,,,,,,,,,,,,,,,,,,,,,,,,,,,
図表：４－１－１（被害者の男女別刑法犯認知件数）,,,,,,,,,,,,,,,,,,,,,,,,,,,,,,,,,,,,,,
,,年次,H28,H29,H30,R元,R2,R3,R4,R5,R6,R7,,,,,,,,,,,,,,,,,,,,,,,,,,
区分,,,,,,,,,,,,,,,,,,,,,,,,,,,,,,,,,,,,,,
認知件数(件),,,787929,719621,639722,582008,460637,417350,452312,535999,564401,595011,,,,,,,,,,,,,,,,,,,,,,,,,,
,男性,,527758,477479,420311,381144,301908,271705,296835,350904,363939,382808,,,,,,,,,,,,,,,,,,,,,,,,,,
,,割合(％),67,66.4,65.7,65.5,65.5,65.1,65.6,65.5,64.5,64.3,,,,,,,,,,,,,,,,,,,,,,,,,,
,女性,,260171,242142,219411,200864,158729,145645,155477,185095,200462,212203,,,,,,,,,,,,,,,,,,,,,,,,,,
,,割合,33,33.6,34.3,34.5,34.5,34.9,34.4,34.5,35.5,35.7,,,,,,,,,,,,,,,,,,,,,,,,,,
※　認知件数は、被害者の性別が判明しているものに限る。,,,,,,,,,,,,,,,,,,,,,,,,,,,,,,,,,,,,,,
,,,,,,,,,,,,,,,,,,,,,,,,,,,,,,,,,,,,,,
図表：４－１－２（主な罪種・手口における女性被害認知件数）,,,,,,,,,,,,,,,,,,,,,,,,,,,,,,,,,,,,,,
,,,年次,H28,H29,H30,R元,R2,R3,R4,R5,R6,R7,,,,,,,,,,,,,,,,,,,,,,,,,
区分,,,,,,,,,,,,,,,,,,,,,,,,,,,,,,,,,,,,,,
殺人,,認知件数(件),,889,914,905,944,924,869,847,903,959,966,,,,,,,,,,,,,,,,,,,,,,,,,
,,,うち女性,376,390,374,409,416,349,374,369,409,428,,,,,,,,,,,,,,,,,,,,,,,,,
,,,割合（％）,42.3,42.7,41.3,43.3,45,40.2,44.2,40.9,42.6,44.3,,,,,,,,,,,,,,,,,,,,,,,,,
強盗,,認知件数,,2111,1707,1624,1375,1254,1039,1061,1251,1271,1355,,,,,,,,,,,,,,,,,,,,,,,,,
,,,うち女性,797,657,618,484,483,391,364,425,381,418,,,,,,,,,,,,,,,,,,,,,,,,,
,,,割合,37.8,38.5,38.1,35.2,38.5,37.6,34.3,34,30,30.8,,,,,,,,,,,,,,,,,,,,,,,,,
不同意性交等,,認知件数,,989,1109,1307,1405,1332,1388,1655,2711,3936,4177,,,,,,,,,,,,,,,,,,,,,,,,,
,,,うち女性,989,1094,1251,1355,1260,1330,1591,2611,3780,4028,,,,,,,,,,,,,,,,,,,,,,,,,
,,,割合,100,98.6,95.7,96.4,94.6,95.8,96.1,96.3,96,96.4,,,,,,,,,,,,,,,,,,,,,,,,,
暴行,,認知件数,,31813,31013,31362,30276,27637,26436,27849,30196,29250,31137,,,,,,,,,,,,,,,,,,,,,,,,,
,,,うち女性,13242,13122,13819,13605,12472,12098,12267,12918,12386,12944,,,,,,,,,,,,,,,,,,,,,,,,,
,,,割合,41.6,42.3,44.1,44.9,45.1,45.8,44,42.8,42.3,41.6,,,,,,,,,,,,,,,,,,,,,,,,,
傷害,,認知件数,,24365,23286,22523,21188,18963,18145,19514,22169,22292,23460,,,,,,,,,,,,,,,,,,,,,,,,,
,,,うち女性,8696,8446,8434,8128,7283,7066,7296,8253,8260,8625,,,,,,,,,,,,,,,,,,,,,,,,,
,,,割合,35.7,36.3,37.4,38.4,38.4,38.9,37.4,37.2,37.1,36.8,,,,,,,,,,,,,,,,,,,,,,,,,
脅迫,,認知件数,,3656,3820,3476,3630,3758,3868,4004,4509,4481,5143,,,,,,,,,,,,,,,,,,,,,,,,,
,,,うち女性,1829,1955,1680,1784,1776,1799,1846,2126,1973,2373,,,,,,,,,,,,,,,,,,,,,,,,,
,,,割合,50,51.2,48.3,49.1,47.3,46.5,46.1,47.2,44,46.1,,,,,,,,,,,,,,,,,,,,,,,,,
恐喝,,認知件数,,2122,1897,1718,1585,1400,1208,1268,1537,1668,2025,,,,,,,,,,,,,,,,,,,,,,,,,
,,,うち女性,353,309,292,301,282,234,237,296,288,360,,,,,,,,,,,,,,,,,,,,,,,,,
,,,割合,16.6,16.3,17,19,20.1,19.4,18.7,19.3,17.3,17.8,,,,,,,,,,,,,,,,,,,,,,,,,
窃盗,,認知件数,,564166,504753,444457,403586,298793,266361,293151,352628,364765,374340,,,,,,,,,,,,,,,,,,,,,,,,,
,,,うち女性,176478,158874,141154,129418,94444,83611,90092,107416,111773,114270,,,,,,,,,,,,,,,,,,,,,,,,,
,,,割合,31.3,31.5,31.8,32.1,31.6,31.4,30.7,30.5,30.6,30.5,,,,,,,,,,,,,,,,,,,,,,,,,
,うち,認知件数,,3491,2893,1918,1552,877,544,716,551,567,479,,,,,,,,,,,,,,,,,,,,,,,,,
,ひったくり,,うち女性,2817,2322,1479,1159,674,412,483,373,379,294,,,,,,,,,,,,,,,,,,,,,,,,,
,,,割合,80.7,80.3,77.1,74.7,76.9,75.7,67.5,67.7,66.8,61.4,,,,,,,,,,,,,,,,,,,,,,,,,
詐欺,,認知件数,,30046,32828,29346,23874,22113,22218,28302,36755,47809,62044,,,,,,,,,,,,,,,,,,,,,,,,,
,,,うち女性,16211,18914,17682,14270,12421,12782,15712,19453,23662,29392,,,,,,,,,,,,,,,,,,,,,,,,,
,,,割合,54,57.6,60.3,59.8,56.2,57.5,55.5,52.9,49.5,47.4,,,,,,,,,,,,,,,,,,,,,,,,,
不同意わいせつ,,認知件数,,6188,5809,5340,4900,4154,4283,4708,6096,6992,7193,,,,,,,,,,,,,,,,,,,,,,,,,
,,,うち女性,5941,5610,5152,4761,3995,4111,4503,5840,6629,6828,,,,,,,,,,,,,,,,,,,,,,,,,
,,,割合,96,96.6,96.5,97.2,96.2,96,95.6,95.8,94.8,94.9,,,,,,,,,,,,,,,,,,,,,,,,,
公然わいせつ,,認知件数,,962,825,788,746,701,712,624,749,729,647,,,,,,,,,,,,,,,,,,,,,,,,,
,,,うち女性,883,750,697,647,613,613,541,655,641,561,,,,,,,,,,,,,,,,,,,,,,,,,
,,,割合,91.8,90.9,88.5,86.7,87.4,86.1,86.7,87.4,87.9,86.7,,,,,,,,,,,,,,,,,,,,,,,,,
逮捕監禁,,認知件数,,295,294,255,268,265,271,259,282,293,343,,,,,,,,,,,,,,,,,,,,,,,,,
,,,うち女性,152,151,114,123,136,112,95,106,126,116,,,,,,,,,,,,,,,,,,,,,,,,,
,,,割合,51.5,51.4,44.7,45.9,51.3,41.3,36.7,37.6,43,33.8,,,,,,,,,,,,,,,,,,,,,,,,,
略取誘拐・人身売買,,認知件数,,228,239,304,293,337,389,390,526,588,606,,,,,,,,,,,,,,,,,,,,,,,,,
,,,うち女性,188,203,247,245,276,322,322,411,461,475,,,,,,,,,,,,,,,,,,,,,,,,,
,,,割合,82.5,84.9,81.3,83.6,81.9,82.8,82.6,78.1,78.4,78.4,,,,,,,,,,,,,,,,,,,,,,,,,
※　認知件数は、被害者の性別が判明しているものに限る。,,,,,,,,,,,,,,,,,,,,,,,,,,,,,,,,,,,,,,
,,,,,,,,,,,,,,,,,,,,,,,,,,,,,,,,,,,,,,
図表：４－１－３（主な罪種における被害女性年齢層別認知件数）,,,,,,,,,,,,,,,,,,,,,,,,,,,,,,,,,,,,,,
,,年次,H28,H29,H30,R元,R2,R3,R4,R5,R6,R7,,,,,,,,,,,,,,,,,,,,,,,,,,
区分,,,,,,,,,,,,,,,,,,,,,,,,,,,,,,,,,,,,,,
殺人,認知件数(件),,376,390,374,409,416,349,374,369,409,428,,,,,,,,,,,,,,,,,,,,,,,,,,
,,19歳以下,51,45,51,61,51,48,44,35,68,58,,,,,,,,,,,,,,,,,,,,,,,,,,
,,20-29歳,60,59,48,54,60,49,51,46,57,75,,,,,,,,,,,,,,,,,,,,,,,,,,
,,30-39歳,33,36,40,33,45,38,36,45,44,52,,,,,,,,,,,,,,,,,,,,,,,,,,
,,40-49歳,51,45,46,49,54,43,43,52,31,39,,,,,,,,,,,,,,,,,,,,,,,,,,
,,50-59歳,36,38,43,50,46,39,46,47,50,52,,,,,,,,,,,,,,,,,,,,,,,,,,
,,60-69歳,47,59,46,33,42,35,35,37,43,47,,,,,,,,,,,,,,,,,,,,,,,,,,
,,70歳以上,98,108,100,129,118,97,118,106,116,105,,,,,,,,,,,,,,,,,,,,,,,,,,
強盗,認知件数,,797,657,618,484,483,391,364,425,381,418,,,,,,,,,,,,,,,,,,,,,,,,,,
,,19歳以下,86,62,65,39,34,36,29,27,37,35,,,,,,,,,,,,,,,,,,,,,,,,,,
,,20-29歳,229,180,174,123,150,79,92,119,98,109,,,,,,,,,,,,,,,,,,,,,,,,,,
,,30-39歳,100,94,74,76,61,63,48,45,46,60,,,,,,,,,,,,,,,,,,,,,,,,,,
,,40-49歳,114,66,94,64,50,53,54,53,49,55,,,,,,,,,,,,,,,,,,,,,,,,,,
,,50-59歳,94,94,66,72,67,60,54,77,51,60,,,,,,,,,,,,,,,,,,,,,,,,,,
,,60-69歳,86,77,73,50,47,42,39,45,39,45,,,,,,,,,,,,,,,,,,,,,,,,,,
,,70歳以上,88,84,72,60,74,58,48,59,61,54,,,,,,,,,,,,,,,,,,,,,,,,,,
不同意性交等,認知件数,,989,1094,1251,1355,1260,1330,1591,2611,3780,4028,,,,,,,,,,,,,,,,,,,,,,,,,,
,,19歳以下,357,430,495,574,528,586,645,1049,1830,1934,,,,,,,,,,,,,,,,,,,,,,,,,,
,,20-29歳,449,463,499,555,477,527,631,1017,1240,1295,,,,,,,,,,,,,,,,,,,,,,,,,,
,,30-39歳,115,116,155,133,150,122,194,316,405,446,,,,,,,,,,,,,,,,,,,,,,,,,,
,,40-49歳,43,60,66,64,57,64,79,145,204,224,,,,,,,,,,,,,,,,,,,,,,,,,,
,,50-59歳,18,13,14,14,25,17,32,55,78,90,,,,,,,,,,,,,,,,,,,,,,,,,,
,,60-69歳,2,5,7,7,10,5,3,9,9,19,,,,,,,,,,,,,,,,,,,,,,,,,,
,,70歳以上,5,7,15,8,13,9,7,20,14,20,,,,,,,,,,,,,,,,,,,,,,,,,,
暴行,認知件数,,13242,13122,13819,13605,12472,12098,12267,12918,12386,12944,,,,,,,,,,,,,,,,,,,,,,,,,,
,,19歳以下,1977,1888,1869,1773,1524,1528,1489,1626,1664,1644,,,,,,,,,,,,,,,,,,,,,,,,,,
,,20-29歳,3465,3481,3664,3634,3305,3081,3165,3310,3006,3194,,,,,,,,,,,,,,,,,,,,,,,,,,
,,30-39歳,2766,2631,2810,2818,2426,2402,2365,2495,2359,2538,,,,,,,,,,,,,,,,,,,,,,,,,,
,,40-49歳,2434,2386,2441,2458,2246,2169,2131,2169,2116,2054,,,,,,,,,,,,,,,,,,,,,,,,,,
,,50-59歳,1157,1275,1350,1304,1340,1310,1408,1562,1558,1706,,,,,,,,,,,,,,,,,,,,,,,,,,
,,60-69歳,759,738,850,755,714,658,723,739,694,751,,,,,,,,,,,,,,,,,,,,,,,,,,
,,70歳以上,684,723,835,863,917,950,986,1017,989,1057,,,,,,,,,,,,,,,,,,,,,,,,,,
傷害,認知件数,,8696,8446,8434,8128,7283,7066,7296,8253,8260,8625,,,,,,,,,,,,,,,,,,,,,,,,,,
,,19歳以下,911,901,914,941,791,795,818,990,1102,1097,,,,,,,,,,,,,,,,,,,,,,,,,,
,,20-29歳,2323,2173,2209,2152,1871,1821,1968,2124,2125,2190,,,,,,,,,,,,,,,,,,,,,,,,,,
,,30-39歳,1891,1820,1781,1590,1457,1399,1385,1526,1522,1648,,,,,,,,,,,,,,,,,,,,,,,,,,
,,40-49歳,1661,1682,1599,1559,1302,1238,1221,1370,1311,1422,,,,,,,,,,,,,,,,,,,,,,,,,,
,,50-59歳,830,830,878,838,809,787,853,1016,973,1106,,,,,,,,,,,,,,,,,,,,,,,,,,
,,60-69歳,532,495,475,415,399,379,394,486,495,471,,,,,,,,,,,,,,,,,,,,,,,,,,
,,70歳以上,548,545,578,633,654,647,657,741,732,691,,,,,,,,,,,,,,,,,,,,,,,,,,
脅迫,認知件数,,1829,1955,1680,1784,1776,1799,1846,2126,1973,2373,,,,,,,,,,,,,,,,,,,,,,,,,,
,,19歳以下,323,328,281,329,272,290,307,333,328,424,,,,,,,,,,,,,,,,,,,,,,,,,,
,,20-29歳,475,523,438,446,452,463,472,525,519,576,,,,,,,,,,,,,,,,,,,,,,,,,,
,,30-39歳,327,368,294,316,343,258,293,357,324,372,,,,,,,,,,,,,,,,,,,,,,,,,,
,,40-49歳,345,339,299,310,317,323,316,358,318,375,,,,,,,,,,,,,,,,,,,,,,,,,,
,,50-59歳,155,188,185,189,201,229,221,282,239,320,,,,,,,,,,,,,,,,,,,,,,,,,,
,,60-69歳,117,133,102,106,89,115,116,129,114,160,,,,,,,,,,,,,,,,,,,,,,,,,,
,,70歳以上,87,76,81,88,102,121,121,142,131,146,,,,,,,,,,,,,,,,,,,,,,,,,,
恐喝,認知件数,,353,309,292,301,282,234,237,296,288,360,,,,,,,,,,,,,,,,,,,,,,,,,,
,,19歳以下,66,43,36,50,43,38,51,67,64,113,,,,,,,,,,,,,,,,,,,,,,,,,,
,,20-29歳,103,106,86,109,93,87,78,94,100,105,,,,,,,,,,,,,,,,,,,,,,,,,,
,,30-39歳,63,47,44,44,46,30,34,35,35,45,,,,,,,,,,,,,,,,,,,,,,,,,,
,,40-49歳,71,42,60,37,50,36,34,40,37,41,,,,,,,,,,,,,,,,,,,,,,,,,,
,,50-59歳,18,36,28,27,22,20,22,32,26,30,,,,,,,,,,,,,,,,,,,,,,,,,,
,,60-69歳,20,18,21,21,13,10,8,12,12,12,,,,,,,,,,,,,,,,,,,,,,,,,,
,,70歳以上,12,17,17,13,15,13,10,16,14,14,,,,,,,,,,,,,,,,,,,,,,,,,,
窃盗,認知件数,,176478,158874,141154,129418,94444,83611,90092,107416,111773,114270,,,,,,,,,,,,,,,,,,,,,,,,,,
,,19歳以下,35728,31293,27511,24562,15743,14187,16822,21138,22951,23856,,,,,,,,,,,,,,,,,,,,,,,,,,
,,20-29歳,40527,35767,32290,28816,20931,18797,20237,24145,25180,25257,,,,,,,,,,,,,,,,,,,,,,,,,,
,,30-39歳,25064,22526,19443,17383,13092,11523,11855,13988,14503,14197,,,,,,,,,,,,,,,,,,,,,,,,,,
,,40-49歳,25519,23078,20166,17931,13129,11290,11696,13466,13980,13787,,,,,,,,,,,,,,,,,,,,,,,,,,
,,50-59歳,17076,15920,14502,13482,10534,9438,10143,12372,13011,13696,,,,,,,,,,,,,,,,,,,,,,,,,,
,,60-69歳,15520,13542,11312,9985,7337,6245,6244,7750,8215,8879,,,,,,,,,,,,,,,,,,,,,,,,,,
,,70歳以上,17044,16748,15930,17259,13678,12131,13095,14557,13933,14598,,,,,,,,,,,,,,,,,,,,,,,,,,
詐欺,認知件数,,16211,18914,17682,14270,12421,12782,15712,19453,23662,29392,,,,,,,,,,,,,,,,,,,,,,,,,,
,,19歳以下,351,504,495,490,335,248,277,480,569,616,,,,,,,,,,,,,,,,,,,,,,,,,,
,,20-29歳,1481,1731,1537,1305,1319,1054,1516,2251,3340,4527,,,,,,,,,,,,,,,,,,,,,,,,,,
,,30-39歳,1468,1567,1227,853,977,929,1123,1576,2407,3772,,,,,,,,,,,,,,,,,,,,,,,,,,
,,40-49歳,1641,1799,1410,1044,1119,1004,1294,1912,2686,3915,,,,,,,,,,,,,,,,,,,,,,,,,,
,,50-59歳,1255,1506,1262,1019,960,862,1240,2147,3140,4408,,,,,,,,,,,,,,,,,,,,,,,,,,
,,60-69歳,1983,2163,2045,1457,1113,2215,2337,3079,3607,4085,,,,,,,,,,,,,,,,,,,,,,,,,,
,,70歳以上,8032,9644,9706,8102,6598,6470,7925,8008,7913,8069,,,,,,,,,,,,,,,,,,,,,,,,,,
不同意わいせつ,認知件数,,5941,5610,5152,4761,3995,4111,4503,5840,6629,6828,,,,,,,,,,,,,,,,,,,,,,,,,,
,,19歳以下,2680,2622,2202,2068,1726,1823,1926,2409,2884,2999,,,,,,,,,,,,,,,,,,,,,,,,,,
,,20-29歳,2287,2033,1951,1752,1455,1436,1628,2124,2303,2235,,,,,,,,,,,,,,,,,,,,,,,,,,
,,30-39歳,594,582,553,519,445,404,505,674,715,803,,,,,,,,,,,,,,,,,,,,,,,,,,
,,40-49歳,255,251,300,276,212,260,244,374,425,460,,,,,,,,,,,,,,,,,,,,,,,,,,
,,50-59歳,90,89,97,94,90,118,122,170,188,238,,,,,,,,,,,,,,,,,,,,,,,,,,
,,60-69歳,22,18,28,26,24,33,38,43,67,61,,,,,,,,,,,,,,,,,,,,,,,,,,
,,70歳以上,13,15,21,26,43,37,40,46,47,32,,,,,,,,,,,,,,,,,,,,,,,,,,
公然わいせつ,認知件数,,883,750,697,647,613,613,541,655,641,561,,,,,,,,,,,,,,,,,,,,,,,,,,
,,19歳以下,413,327,282,299,247,275,218,304,291,256,,,,,,,,,,,,,,,,,,,,,,,,,,
,,20-29歳,211,205,178,147,155,140,119,153,161,127,,,,,,,,,,,,,,,,,,,,,,,,,,
,,30-39歳,127,101,110,79,95,68,69,84,64,63,,,,,,,,,,,,,,,,,,,,,,,,,,
,,40-49歳,71,71,77,75,72,73,79,74,73,58,,,,,,,,,,,,,,,,,,,,,,,,,,
,,50-59歳,32,26,34,28,27,32,38,28,30,31,,,,,,,,,,,,,,,,,,,,,,,,,,
,,60-69歳,18,12,13,12,10,15,9,4,15,14,,,,,,,,,,,,,,,,,,,,,,,,,,
,,70歳以上,11,8,3,7,7,10,9,8,7,12,,,,,,,,,,,,,,,,,,,,,,,,,,
逮捕監禁,認知件数,,152,151,114,123,136,112,95,106,126,116,,,,,,,,,,,,,,,,,,,,,,,,,,
,,19歳以下,31,42,24,31,40,24,18,32,30,29,,,,,,,,,,,,,,,,,,,,,,,,,,
,,20-29歳,77,61,42,44,52,49,43,46,50,50,,,,,,,,,,,,,,,,,,,,,,,,,,
,,30-39歳,23,27,17,19,24,12,16,11,18,14,,,,,,,,,,,,,,,,,,,,,,,,,,
,,40-49歳,14,12,16,14,11,16,11,9,14,14,,,,,,,,,,,,,,,,,,,,,,,,,,
,,50-59歳,5,5,4,10,6,4,2,3,5,6,,,,,,,,,,,,,,,,,,,,,,,,,,
,,60-69歳,2,1,6,2,0,3,2,2,5,1,,,,,,,,,,,,,,,,,,,,,,,,,,
,,70歳以上,0,3,5,3,3,4,3,3,4,2,,,,,,,,,,,,,,,,,,,,,,,,,,
略取誘拐・人身売買,認知件数,,188,203,247,245,276,322,322,411,461,475,,,,,,,,,,,,,,,,,,,,,,,,,,
,,19歳以下,150,155,220,217,250,283,285,379,422,444,,,,,,,,,,,,,,,,,,,,,,,,,,
,,20-29歳,32,34,15,18,20,31,29,22,26,22,,,,,,,,,,,,,,,,,,,,,,,,,,
,,30-39歳,2,13,7,8,3,4,7,7,10,3,,,,,,,,,,,,,,,,,,,,,,,,,,
,,40-49歳,2,1,3,1,2,3,1,1,2,3,,,,,,,,,,,,,,,,,,,,,,,,,,
,,50-59歳,2,0,0,0,1,1,0,1,0,1,,,,,,,,,,,,,,,,,,,,,,,,,,
,,60-69歳,0,0,1,1,0,0,0,1,0,0,,,,,,,,,,,,,,,,,,,,,,,,,,
,,70歳以上,0,0,1,0,0,0,0,0,1,2,,,,,,,,,,,,,,,,,,,,,,,,,,
※　認知件数は、被害者の性別・年齢が判明しているものに限る。,,,,,,,,,,,,,,,,,,,,,,,,,,,,,,,,,,,,,,
,,,,,,,,,,,,,,,,,,,,,,,,,,,,,,,,,,,,,,
図表：４－１－４（被疑者と被害者の関係別女性被害殺人等検挙件数）,,,,,,,,,,,,,,,,,,,,,,,,,,,,,,,,,,,,,,
,,,年次,H28,H29,H30,R元,R2,R3,R4,R5,R6,R7,,,,,,,,,,,,,,,,,,,,,,,,,
区分,,,,,,,,,,,,,,,,,,,,,,,,,,,,,,,,,,,,,,
殺人,女性被害検挙件数(件),,,329,341,316,353,349,310,311,328,353,378,,,,,,,,,,,,,,,,,,,,,,,,,
,,配偶者,,87,87,84,85,75,76,68,63,70,71,,,,,,,,,,,,,,,,,,,,,,,,,
,,配偶者以外,,242,254,232,268,274,234,243,265,283,307,,,,,,,,,,,,,,,,,,,,,,,,,
傷害,女性被害検挙件数,,,7334,7324,7298,7161,6615,6255,6279,6958,7034,7260,,,,,,,,,,,,,,,,,,,,,,,,,
,,配偶者,,2486,2482,2490,2420,1679,1578,1567,1598,1571,1648,,,,,,,,,,,,,,,,,,,,,,,,,
,,配偶者以外,,4848,4842,4808,4741,4936,4677,4712,5360,5463,5612,,,,,,,,,,,,,,,,,,,,,,,,,
暴行,女性被害検挙件数,,,10330,10662,11470,11603,10994,10800,10517,10938,10598,10656,,,,,,,,,,,,,,,,,,,,,,,,,
,,配偶者,,3705,3855,4386,4481,3459,3548,3360,3389,3107,2975,,,,,,,,,,,,,,,,,,,,,,,,,
,,配偶者以外,,6625,6807,7084,7122,7535,7252,7157,7549,7491,7681,,,,,,,,,,,,,,,,,,,,,,,,,
※　解決事件を除く。,,,,,,,,,,,,,,,,,,,,,,,,,,,,,,,,,,,,,,
,,,,,,,,,,,,,,,,,,,,,,,,,,,,,,,,,,,,,,
図表：４－２－１（被害者の年齢（少年・20歳以上の者）別刑法犯認知件数、人口千人当たり刑法犯認知件数）,,,,,,,,,,,,,,,,,,,,,,,,,,,,,,,,,,,,,,
,,年次,H28,H29,H30,R元,R2,R3,R4,R5,R6,R7,,,,,,,,,,,,,,,,,,,,,,,,,,
区分,,,,,,,,,,,,,,,,,,,,,,,,,,,,,,,,,,,,,,
認知件数(件),,,778144,711167,632237,576406,455476,413829,449088,532259,560690,590991,,,,,,,,,,,,,,,,,,,,,,,,,,
,19歳以下,,131148,116563,102524,93795,64679,60103,72907,95173,106651,112091,,,,,,,,,,,,,,,,,,,,,,,,,,
,,割合(％),16.9,16.4,16.2,16.3,14.2,14.5,16.2,17.9,19,19,,,,,,,,,,,,,,,,,,,,,,,,,,
,,人口千人当たり(件),6,5.4,4.8,4.4,3.1,3,3.6,4.8,5.5,5.8,,,,,,,,,,,,,,,,,,,,,,,,,,
,20歳以上,,646996,594604,529713,482611,390797,353726,376181,437086,454039,478900,,,,,,,,,,,,,,,,,,,,,,,,,,
,,人口千人当たり,6.1,5.6,5,4.6,3.7,3.4,3.6,4.2,4.3,4.6,,,,,,,,,,,,,,,,,,,,,,,,,,
※　認知件数は、被害者の年齢が判明しているものに限る。,,,,,,,,,,,,,,,,,,,,,,,,,,,,,,,,,,,,,,
,,,,,,,,,,,,,,,,,,,,,,,,,,,,,,,,,,,,,,
図表：４－２－２（主な罪種・手口における少年被害認知件数）,,,,,,,,,,,,,,,,,,,,,,,,,,,,,,,,,,,,,,
,,,年次,H28,H29,H30,R元,R2,R3,R4,R5,R6,R7,,,,,,,,,,,,,,,,,,,,,,,,,
区分,,,,,,,,,,,,,,,,,,,,,,,,,,,,,,,,,,,,,,
殺人,,認知件数（件）,,889,914,905,944,923,868,842,901,958,966,,,,,,,,,,,,,,,,,,,,,,,,,
,,,うち19歳以下,118,98,99,125,99,94,85,87,125,110,,,,,,,,,,,,,,,,,,,,,,,,,
,,,割合（％）,13.3,10.7,10.9,13.2,10.7,10.8,10.1,9.7,13,11.4,,,,,,,,,,,,,,,,,,,,,,,,,
,,,うち12歳以下,74,65,57,77,63,55,44,43,61,60,,,,,,,,,,,,,,,,,,,,,,,,,
,,,割合,8.3,7.1,6.3,8.2,6.8,6.3,5.2,4.8,6.4,6.2,,,,,,,,,,,,,,,,,,,,,,,,,
強盗,,認知件数,,2111,1707,1624,1375,1254,1039,1061,1251,1271,1355,,,,,,,,,,,,,,,,,,,,,,,,,
,,,うち19歳以下,155,126,120,94,79,70,88,90,139,192,,,,,,,,,,,,,,,,,,,,,,,,,
,,,割合,7.3,7.4,7.4,6.8,6.3,6.7,8.3,7.2,10.9,14.2,,,,,,,,,,,,,,,,,,,,,,,,,
不同意性交等,,認知件数,,989,1109,1307,1405,1332,1388,1655,2711,3936,4177,,,,,,,,,,,,,,,,,,,,,,,,,
,,,うち19歳以下,357,442,539,616,578,623,689,1119,1945,2036,,,,,,,,,,,,,,,,,,,,,,,,,
,,,割合,36.1,39.9,41.2,43.8,43.4,44.9,41.6,41.3,49.4,48.7,,,,,,,,,,,,,,,,,,,,,,,,,
,,,うち12歳以下,69,91,151,173,176,171,216,239,352,324,,,,,,,,,,,,,,,,,,,,,,,,,
,,,割合,7,8.2,11.6,12.3,13.2,12.3,13.1,8.8,8.9,7.8,,,,,,,,,,,,,,,,,,,,,,,,,
暴行,,認知件数,,31813,31013,31362,30276,27637,26436,27849,30196,29250,31137,,,,,,,,,,,,,,,,,,,,,,,,,
,,,うち19歳以下,4251,3972,4037,3976,3502,3537,3678,4268,4385,4453,,,,,,,,,,,,,,,,,,,,,,,,,
,,,割合,13.4,12.8,12.9,13.1,12.7,13.4,13.2,14.1,15,14.3,,,,,,,,,,,,,,,,,,,,,,,,,
,,,うち12歳以下,906,852,958,1044,1029,1104,1115,1292,1357,1430,,,,,,,,,,,,,,,,,,,,,,,,,
,,,割合,2.8,2.7,3.1,3.4,3.7,4.2,4,4.3,4.6,4.6,,,,,,,,,,,,,,,,,,,,,,,,,
傷害,,認知件数,,24365,23286,22523,21188,18963,18145,19514,22169,22292,23460,,,,,,,,,,,,,,,,,,,,,,,,,
,,,うち19歳以下,3271,3152,3216,3115,2790,2686,2881,3593,4104,4161,,,,,,,,,,,,,,,,,,,,,,,,,
,,,割合,13.4,13.5,14.3,14.7,14.7,14.8,14.8,16.2,18.4,17.7,,,,,,,,,,,,,,,,,,,,,,,,,
,,,うち12歳以下,631,613,714,962,948,849,891,1126,1304,1296,,,,,,,,,,,,,,,,,,,,,,,,,
,,,割合,2.6,2.6,3.2,4.5,5,4.7,4.6,5.1,5.8,5.5,,,,,,,,,,,,,,,,,,,,,,,,,
脅迫,,認知件数,,3656,3820,3476,3630,3758,3868,4004,4509,4481,5143,,,,,,,,,,,,,,,,,,,,,,,,,
,,,うち19歳以下,485,490,428,464,458,459,503,580,615,766,,,,,,,,,,,,,,,,,,,,,,,,,
,,,割合,13.3,12.8,12.3,12.8,12.2,11.9,12.6,12.9,13.7,14.9,,,,,,,,,,,,,,,,,,,,,,,,,
恐喝,,認知件数,,2122,1897,1718,1585,1400,1208,1268,1537,1668,2025,,,,,,,,,,,,,,,,,,,,,,,,,
,,,うち19歳以下,561,477,370,400,327,270,311,453,575,779,,,,,,,,,,,,,,,,,,,,,,,,,
,,,割合,26.4,25.1,21.5,25.2,23.4,22.4,24.5,29.5,34.5,38.5,,,,,,,,,,,,,,,,,,,,,,,,,
窃盗,,認知件数,,564166,504753,444457,403586,298793,266361,293151,352628,364765,374340,,,,,,,,,,,,,,,,,,,,,,,,,
,,,うち19歳以下,112391,98803,85859,77855,50701,46587,58374,76161,82144,85785,,,,,,,,,,,,,,,,,,,,,,,,,
,,,割合,19.9,19.6,19.3,19.3,17,17.5,19.9,21.6,22.5,22.9,,,,,,,,,,,,,,,,,,,,,,,,,
,うち,認知件数,,103065,84928,72457,65308,46756,40644,46557,56330,58463,56684,,,,,,,,,,,,,,,,,,,,,,,,,
,自転車盗,,うち19歳以下,31442,26324,21729,19379,11995,10642,13087,15960,17127,17528,,,,,,,,,,,,,,,,,,,,,,,,,
,(施錠した),,割合,30.5,31,30,29.7,25.7,26.2,28.1,28.3,29.3,30.9,,,,,,,,,,,,,,,,,,,,,,,,,
,うち,認知件数,,132087,119453,110475,102488,73277,65248,81641,106985,114748,115199,,,,,,,,,,,,,,,,,,,,,,,,,
,自転車盗,,うち19歳以下,58856,53451,48749,45084,29389,27285,35609,47889,52500,54373,,,,,,,,,,,,,,,,,,,,,,,,,
,(施錠せず),,割合,44.6,44.7,44.1,44,40.1,41.8,43.6,44.8,45.8,47.2,,,,,,,,,,,,,,,,,,,,,,,,,
詐欺,,認知件数,,30046,32828,29346,23874,22113,22218,28302,36755,47809,62044,,,,,,,,,,,,,,,,,,,,,,,,,
,,,うち19歳以下,648,871,742,701,587,430,501,759,913,1072,,,,,,,,,,,,,,,,,,,,,,,,,
,,,割合,2.2,2.7,2.5,2.9,2.7,1.9,1.8,2.1,1.9,1.7,,,,,,,,,,,,,,,,,,,,,,,,,
不同意わいせつ,,認知件数,,6188,5809,5340,4900,4154,4283,4708,6096,6992,7193,,,,,,,,,,,,,,,,,,,,,,,,,
,,,うち19歳以下,2888,2791,2348,2179,1859,1958,2087,2584,3128,3261,,,,,,,,,,,,,,,,,,,,,,,,,
,,,割合,46.7,48,44,44.5,44.8,45.7,44.3,42.4,44.7,45.3,,,,,,,,,,,,,,,,,,,,,,,,,
,,,うち12歳以下,893,953,773,731,708,748,769,895,991,935,,,,,,,,,,,,,,,,,,,,,,,,,
,,,割合,14.4,16.4,14.5,14.9,17,17.5,16.3,14.7,14.2,13,,,,,,,,,,,,,,,,,,,,,,,,,
公然わいせつ,,認知件数,,962,825,788,746,701,712,624,749,729,647,,,,,,,,,,,,,,,,,,,,,,,,,
,,,うち19歳以下,426,344,296,316,256,283,234,315,302,268,,,,,,,,,,,,,,,,,,,,,,,,,
,,,割合,44.3,41.7,37.6,42.4,36.5,39.7,37.5,42.1,41.4,41.4,,,,,,,,,,,,,,,,,,,,,,,,,
遺棄,,認知件数,,49,73,59,53,64,45,85,88,81,120,,,,,,,,,,,,,,,,,,,,,,,,,
,,,うち19歳以下,25,27,30,28,23,20,41,45,37,64,,,,,,,,,,,,,,,,,,,,,,,,,
,,,割合,51,37,50.8,52.8,35.9,44.4,48.2,51.1,45.7,53.3,,,,,,,,,,,,,,,,,,,,,,,,,
,,,うち12歳以下,25,27,28,28,23,20,37,44,34,61,,,,,,,,,,,,,,,,,,,,,,,,,
,,,割合,51,37,47.5,52.8,35.9,44.4,43.5,50,42,50.8,,,,,,,,,,,,,,,,,,,,,,,,,
逮捕監禁,,認知件数,,295,294,255,268,265,271,259,282,293,343,,,,,,,,,,,,,,,,,,,,,,,,,
,,,うち19歳以下,71,70,61,71,74,65,59,77,75,90,,,,,,,,,,,,,,,,,,,,,,,,,
,,,割合,24.1,23.8,23.9,26.5,27.9,24,22.8,27.3,25.6,26.2,,,,,,,,,,,,,,,,,,,,,,,,,
略取誘拐・人身売買,,認知件数,,228,239,304,293,337,389,390,526,588,606,,,,,,,,,,,,,,,,,,,,,,,,,
,,,うち19歳以下,183,183,268,260,298,326,335,469,520,547,,,,,,,,,,,,,,,,,,,,,,,,,
,,,割合,80.3,76.6,88.2,88.7,88.4,83.8,85.9,89.2,88.4,90.3,,,,,,,,,,,,,,,,,,,,,,,,,
,,,うち12歳以下,106,72,110,114,114,108,120,204,217,186,,,,,,,,,,,,,,,,,,,,,,,,,
,,,割合,46.5,30.1,36.2,38.9,33.8,27.8,30.8,38.8,36.9,30.7,,,,,,,,,,,,,,,,,,,,,,,,,
※　認知件数は、被害者の年齢が判明しているものに限る。,,,,,,,,,,,,,,,,,,,,,,,,,,,,,,,,,,,,,,
,,,,,,,,,,,,,,,,,,,,,,,,,,,,,,,,,,,,,,
図表：４－２－３（主な罪種・手口における被害者の年齢（少年・20歳以上の者）別人口10万人当たり認知件数）,,,,,,,,,,,,,,,,,,,,,,,,,,,,,,,,,,,,,,
,,年次,H28,H29,H30,R元,R2,R3,R4,R5,R6,R7,,,,,,,,,,,,,,,,,,,,,,,,,,
区分,,,,,,,,,,,,,,,,,,,,,,,,,,,,,,,,,,,,,,
殺人,,12歳以下(件),0.5,0.5,0.4,0.6,0.5,0.4,0.4,0.4,0.5,0.5,,,,,,,,,,,,,,,,,,,,,,,,,,
,,19歳以下(件),0.5,0.5,0.5,0.6,0.5,0.5,0.4,0.4,0.6,0.6,,,,,,,,,,,,,,,,,,,,,,,,,,
,,20歳以上(件),0.7,0.8,0.8,0.8,0.8,0.7,0.7,0.7,0.7,0.7,,,,,,,,,,,,,,,,,,,,,,,,,,
強盗,,19歳以下,0.7,0.6,0.6,0.4,0.4,0.3,0.4,0.5,0.7,1,,,,,,,,,,,,,,,,,,,,,,,,,,
,,20歳以上,1.9,1.5,1.4,1.2,1.1,0.9,0.9,0.9,0.9,0.9,,,,,,,,,,,,,,,,,,,,,,,,,,
不同意性交等,,12歳以下,0.5,0.7,1.1,1.3,1.4,1.4,1.7,2,3,2.8,,,,,,,,,,,,,,,,,,,,,,,,,,
,,19歳以下,1.6,2,2.5,2.9,2.8,3.1,3.4,5.7,10.1,10.6,,,,,,,,,,,,,,,,,,,,,,,,,,
,,20歳以上,0.6,0.6,0.7,0.7,0.7,0.7,0.9,0.9,0.9,0.9,,,,,,,,,,,,,,,,,,,,,,,,,,
暴行,,12歳以下,6.7,6.4,7.2,8,8,8.8,9,10.7,11.6,12.2,,,,,,,,,,,,,,,,,,,,,,,,,,
,,19歳以下,19.5,18.4,18.9,18.8,16.9,17.4,18.4,21.7,22.7,23.1,,,,,,,,,,,,,,,,,,,,,,,,,,
,,20歳以上,26.2,25.7,25.9,24.9,22.9,21.8,23,23.1,23.1,23.1,,,,,,,,,,,,,,,,,,,,,,,,,,
傷害,,12歳以下,4.7,4.6,5.4,7.3,7.4,6.7,7.2,9.4,11.1,11.1,,,,,,,,,,,,,,,,,,,,,,,,,,
,,19歳以下,15,14.6,15,14.8,13.5,13.2,14.4,18.3,21.3,21.6,,,,,,,,,,,,,,,,,,,,,,,,,,
,,20歳以上,20.1,19.1,18.3,17.1,15.3,14.7,15.9,15.9,15.9,15.9,,,,,,,,,,,,,,,,,,,,,,,,,,
脅迫,,19歳以下,2.2,2.3,2,2.2,2.2,2.3,2.5,2.9,3.2,4,,,,,,,,,,,,,,,,,,,,,,,,,,
,,20歳以上,3,3.2,2.9,3,3.1,3.2,3.3,3.3,3.3,3.3,,,,,,,,,,,,,,,,,,,,,,,,,,
恐喝,,19歳以下,2.6,2.2,1.7,1.9,1.6,1.3,1.6,2.3,3,4,,,,,,,,,,,,,,,,,,,,,,,,,,
,,20歳以上,1.5,1.3,1.3,1.1,1,0.9,0.9,0.9,0.9,0.9,,,,,,,,,,,,,,,,,,,,,,,,,,
窃盗,,19歳以下,514.7,456.9,401.7,369.1,244.5,228.8,291.7,387.2,425.9,444.8,,,,,,,,,,,,,,,,,,,,,,,,,,
,,20歳以上,429.4,385.5,340.3,308.9,235.4,209,223.7,224.3,224.6,224.6,,,,,,,,,,,,,,,,,,,,,,,,,,
,うち自転車盗(施錠した),19歳以下,144,121.7,101.7,91.9,57.8,52.3,65.4,81.1,88.8,90.9,,,,,,,,,,,,,,,,,,,,,,,,,,
,,20歳以上,68.1,55.7,48.1,43.6,33,28.5,31.9,32,32,32,,,,,,,,,,,,,,,,,,,,,,,,,,
,うち自転車盗(施錠せず),19歳以下,269.5,247.2,228.1,213.7,141.7,134,177.9,243.5,272.2,281.9,,,,,,,,,,,,,,,,,,,,,,,,,,
,,20歳以上,69.6,62.7,58.6,54.4,41.6,36.1,43.9,44,44,44,,,,,,,,,,,,,,,,,,,,,,,,,,
詐欺,,19歳以下,3,4,3.5,3.3,2.8,2.1,2.5,3.9,4.7,5.6,,,,,,,,,,,,,,,,,,,,,,,,,,
,,20歳以上,27.9,30.3,27.1,22,20.4,20.7,26.5,26.6,26.6,26.6,,,,,,,,,,,,,,,,,,,,,,,,,,
不同意わいせつ,,12歳以下,6.6,7.1,5.8,5.6,5.5,5.9,6.2,7.4,8.5,8,,,,,,,,,,,,,,,,,,,,,,,,,,
,,19歳以下,13.2,12.9,11,10.3,9,9.6,10.4,13.1,16.2,16.9,,,,,,,,,,,,,,,,,,,,,,,,,,
,,20歳以上,3.1,2.9,2.8,2.6,2.2,2.2,2.5,2.5,2.5,2.5,,,,,,,,,,,,,,,,,,,,,,,,,,
公然わいせつ,,19歳以下,2,1.6,1.4,1.5,1.2,1.4,1.2,1.6,1.6,1.4,,,,,,,,,,,,,,,,,,,,,,,,,,
,,20歳以上,0.5,0.5,0.5,0.4,0.4,0.4,0.4,0.4,0.4,0.4,,,,,,,,,,,,,,,,,,,,,,,,,,
遺棄,,12歳以下,0.2,0.2,0.2,0.2,0.2,0.2,0.3,0.4,0.3,0.5,,,,,,,,,,,,,,,,,,,,,,,,,,
,,19歳以下,0.1,0.1,0.1,0.1,0.1,0.1,0.2,0.2,0.2,0.3,,,,,,,,,,,,,,,,,,,,,,,,,,
,,20歳以上,0,0,0,0,0,0,0,0,0,0,,,,,,,,,,,,,,,,,,,,,,,,,,
逮捕監禁,,19歳以下,0.3,0.3,0.3,0.3,0.4,0.3,0.3,0.4,0.4,0.5,,,,,,,,,,,,,,,,,,,,,,,,,,
,,20歳以上,0.2,0.2,0.2,0.2,0.2,0.2,0.2,0.2,0.2,0.2,,,,,,,,,,,,,,,,,,,,,,,,,,
略取誘拐・人身売買,,12歳以下,0.8,0.5,0.8,0.9,0.9,0.9,1,1.7,1.9,1.6,,,,,,,,,,,,,,,,,,,,,,,,,,
,,19歳以下,0.8,0.8,1.3,1.2,1.4,1.6,1.7,2.4,2.7,2.8,,,,,,,,,,,,,,,,,,,,,,,,,,
,,20歳以上,0,0.1,0,0,0,0.1,0.1,0.1,0.1,0.1,,,,,,,,,,,,,,,,,,,,,,,,,,
,,,,,,,,,,,,,,,,,,,,,,,,,,,,,,,,,,,,,,
図表：４－２－４（主な罪種における少年被害者の学職別認知件数）,,,,,,,,,,,,,,,,,,,,,,,,,,,,,,,,,,,,,,
,,年次,H28,H29,H30,R元,R2,R3,R4,R5,R6,R7,,,,,,,,,,,,,,,,,,,,,,,,,,
区分,,,,,,,,,,,,,,,,,,,,,,,,,,,,,,,,,,,,,,
殺人,認知件数(件),,118,98,99,125,99,94,85,87,125,110,,,,,,,,,,,,,,,,,,,,,,,,,,
,,未就学児童,53,48,40,52,43,34,33,25,46,46,,,,,,,,,,,,,,,,,,,,,,,,,,
,,小学生,20,16,15,25,20,18,9,17,15,13,,,,,,,,,,,,,,,,,,,,,,,,,,
,,中学生,11,6,9,12,5,11,12,9,14,2,,,,,,,,,,,,,,,,,,,,,,,,,,
,,高校生,13,12,11,15,11,16,12,11,22,25,,,,,,,,,,,,,,,,,,,,,,,,,,
,,その他,21,16,24,21,20,15,19,25,28,24,,,,,,,,,,,,,,,,,,,,,,,,,,
強盗,認知件数,,155,126,120,94,79,70,88,90,139,192,,,,,,,,,,,,,,,,,,,,,,,,,,
,,未就学児童,0,0,0,0,0,0,0,0,1,0,,,,,,,,,,,,,,,,,,,,,,,,,,
,,小学生,3,6,4,5,4,4,4,2,5,4,,,,,,,,,,,,,,,,,,,,,,,,,,
,,中学生,10,7,8,5,6,5,1,10,14,19,,,,,,,,,,,,,,,,,,,,,,,,,,
,,高校生,43,45,47,33,27,17,28,34,46,73,,,,,,,,,,,,,,,,,,,,,,,,,,
,,その他,99,68,61,51,42,44,55,44,73,96,,,,,,,,,,,,,,,,,,,,,,,,,,
不同意性交等,認知件数,,357,442,539,616,578,623,689,1119,1945,2036,,,,,,,,,,,,,,,,,,,,,,,,,,
,,未就学児童,0,4,10,11,10,9,5,14,33,17,,,,,,,,,,,,,,,,,,,,,,,,,,
,,小学生,47,58,96,116,123,112,132,172,213,186,,,,,,,,,,,,,,,,,,,,,,,,,,
,,中学生,91,118,161,165,173,156,213,391,925,964,,,,,,,,,,,,,,,,,,,,,,,,,,
,,高校生,107,115,149,173,144,199,168,295,464,534,,,,,,,,,,,,,,,,,,,,,,,,,,
,,その他,112,147,123,151,128,147,171,247,310,335,,,,,,,,,,,,,,,,,,,,,,,,,,
暴行,認知件数,,4251,3972,4037,3976,3502,3537,3678,4268,4385,4453,,,,,,,,,,,,,,,,,,,,,,,,,,
,,未就学児童,160,150,176,214,249,235,252,279,250,274,,,,,,,,,,,,,,,,,,,,,,,,,,
,,小学生,635,595,681,730,687,757,769,898,979,1005,,,,,,,,,,,,,,,,,,,,,,,,,,
,,中学生,862,794,786,813,709,732,776,937,996,984,,,,,,,,,,,,,,,,,,,,,,,,,,
,,高校生,1314,1248,1243,1149,983,954,1022,1171,1195,1183,,,,,,,,,,,,,,,,,,,,,,,,,,
,,その他,1280,1185,1151,1070,874,859,859,983,965,1007,,,,,,,,,,,,,,,,,,,,,,,,,,
傷害,認知件数,,3271,3152,3216,3115,2790,2686,2881,3593,4104,4161,,,,,,,,,,,,,,,,,,,,,,,,,,
,,未就学児童,204,238,248,317,343,268,285,347,378,415,,,,,,,,,,,,,,,,,,,,,,,,,,
,,小学生,360,313,409,577,559,535,555,694,838,773,,,,,,,,,,,,,,,,,,,,,,,,,,
,,中学生,684,609,563,566,473,487,534,733,884,935,,,,,,,,,,,,,,,,,,,,,,,,,,
,,高校生,862,855,884,762,601,663,741,939,1033,1072,,,,,,,,,,,,,,,,,,,,,,,,,,
,,その他,1161,1137,1112,893,814,733,766,880,971,966,,,,,,,,,,,,,,,,,,,,,,,,,,
脅迫,認知件数,,485,490,428,464,458,459,503,580,615,766,,,,,,,,,,,,,,,,,,,,,,,,,,
,,未就学児童,1,2,1,6,2,3,3,5,1,0,,,,,,,,,,,,,,,,,,,,,,,,,,
,,小学生,23,21,18,29,48,39,42,41,44,50,,,,,,,,,,,,,,,,,,,,,,,,,,
,,中学生,111,121,79,89,88,117,132,147,164,197,,,,,,,,,,,,,,,,,,,,,,,,,,
,,高校生,199,182,187,190,151,157,195,214,227,300,,,,,,,,,,,,,,,,,,,,,,,,,,
,,その他,151,164,143,150,169,143,131,173,179,219,,,,,,,,,,,,,,,,,,,,,,,,,,
恐喝,認知件数,,561,477,370,400,327,270,311,453,575,779,,,,,,,,,,,,,,,,,,,,,,,,,,
,,未就学児童,0,0,0,0,1,0,0,0,0,0,,,,,,,,,,,,,,,,,,,,,,,,,,
,,小学生,20,16,12,7,4,2,4,9,14,12,,,,,,,,,,,,,,,,,,,,,,,,,,
,,中学生,108,97,57,64,41,36,56,101,118,166,,,,,,,,,,,,,,,,,,,,,,,,,,
,,高校生,199,186,160,188,144,104,130,203,260,332,,,,,,,,,,,,,,,,,,,,,,,,,,
,,その他,234,178,141,141,137,128,121,140,183,269,,,,,,,,,,,,,,,,,,,,,,,,,,
窃盗,認知件数,,112391,98803,85859,77855,50701,46587,58374,76161,82144,85785,,,,,,,,,,,,,,,,,,,,,,,,,,
,,未就学児童,0,0,0,0,0,0,0,0,0,0,,,,,,,,,,,,,,,,,,,,,,,,,,
,,小学生,10712,9543,7400,6223,4162,3982,4464,5516,5735,5950,,,,,,,,,,,,,,,,,,,,,,,,,,
,,中学生,23611,20473,16814,14810,9475,8633,10944,14347,15970,16721,,,,,,,,,,,,,,,,,,,,,,,,,,
,,高校生,47783,42485,37819,35271,23712,21524,26895,35133,38448,40638,,,,,,,,,,,,,,,,,,,,,,,,,,
,,その他,30285,26302,23826,21551,13352,12448,16071,21165,21991,22476,,,,,,,,,,,,,,,,,,,,,,,,,,
詐欺,認知件数,,648,871,742,701,587,430,501,759,913,1072,,,,,,,,,,,,,,,,,,,,,,,,,,
,,未就学児童,0,0,0,0,0,0,0,0,0,0,,,,,,,,,,,,,,,,,,,,,,,,,,
,,小学生,6,9,6,3,4,3,2,4,7,2,,,,,,,,,,,,,,,,,,,,,,,,,,
,,中学生,27,61,48,60,41,31,26,54,62,79,,,,,,,,,,,,,,,,,,,,,,,,,,
,,高校生,251,331,320,305,221,164,175,255,311,342,,,,,,,,,,,,,,,,,,,,,,,,,,
,,その他,364,470,368,333,321,232,298,446,533,649,,,,,,,,,,,,,,,,,,,,,,,,,,
不同意わいせつ,認知件数,,2888,2791,2348,2179,1859,1958,2087,2584,3128,3261,,,,,,,,,,,,,,,,,,,,,,,,,,
,,未就学児童,85,77,63,58,86,88,78,63,89,53,,,,,,,,,,,,,,,,,,,,,,,,,,
,,小学生,727,805,640,604,555,585,602,738,771,752,,,,,,,,,,,,,,,,,,,,,,,,,,
,,中学生,443,434,381,377,335,355,437,562,790,855,,,,,,,,,,,,,,,,,,,,,,,,,,
,,高校生,1053,936,808,749,541,584,610,797,984,1056,,,,,,,,,,,,,,,,,,,,,,,,,,
,,その他,580,539,456,391,342,346,360,424,494,545,,,,,,,,,,,,,,,,,,,,,,,,,,
公然わいせつ,認知件数,,426,344,296,316,256,283,234,315,302,268,,,,,,,,,,,,,,,,,,,,,,,,,,
,,未就学児童,0,1,0,4,3,1,1,1,4,0,,,,,,,,,,,,,,,,,,,,,,,,,,
,,小学生,90,75,61,56,49,73,46,86,67,79,,,,,,,,,,,,,,,,,,,,,,,,,,
,,中学生,107,75,78,88,57,66,59,80,83,74,,,,,,,,,,,,,,,,,,,,,,,,,,
,,高校生,184,155,126,132,122,106,86,113,114,80,,,,,,,,,,,,,,,,,,,,,,,,,,
,,その他,45,38,31,36,25,37,42,35,34,35,,,,,,,,,,,,,,,,,,,,,,,,,,
逮捕監禁,認知件数,,71,70,61,71,74,65,59,77,75,90,,,,,,,,,,,,,,,,,,,,,,,,,,
,,未就学児童,11,4,2,4,7,6,5,3,5,2,,,,,,,,,,,,,,,,,,,,,,,,,,
,,小学生,8,5,6,7,7,8,5,11,11,10,,,,,,,,,,,,,,,,,,,,,,,,,,
,,中学生,6,6,3,4,4,5,5,7,8,9,,,,,,,,,,,,,,,,,,,,,,,,,,
,,高校生,13,16,14,10,12,10,15,17,21,26,,,,,,,,,,,,,,,,,,,,,,,,,,
,,その他,33,39,36,46,44,36,29,39,30,43,,,,,,,,,,,,,,,,,,,,,,,,,,
略取誘拐・人身売買,認知件数,,183,183,268,260,298,326,335,469,520,547,,,,,,,,,,,,,,,,,,,,,,,,,,
,,未就学児童,32,21,36,29,31,28,38,77,89,71,,,,,,,,,,,,,,,,,,,,,,,,,,
,,小学生,67,50,65,77,66,66,69,106,101,96,,,,,,,,,,,,,,,,,,,,,,,,,,
,,中学生,35,40,79,64,91,107,109,164,183,195,,,,,,,,,,,,,,,,,,,,,,,,,,
,,高校生,35,42,59,65,79,84,90,101,121,146,,,,,,,,,,,,,,,,,,,,,,,,,,
,,その他,14,30,29,25,31,41,29,21,26,39,,,,,,,,,,,,,,,,,,,,,,,,,,
,,,,,,,,,,,,,,,,,,,,,,,,,,,,,,,,,,,,,,
図表：４－２－５（12歳以下被害者の暴力的性犯罪罪種別認知件数）,,,,,,,,,,,,,,,,,,,,,,,,,,,,,,,,,,,,,,
,,年次,H28,H29,H30,R元,R2,R3,R4,R5,R6,R7,,,,,,,,,,,,,,,,,,,,,,,,,,
区分,,,,,,,,,,,,,,,,,,,,,,,,,,,,,,,,,,,,,,
子供対象・暴力的性犯罪認知件数(件),,,989,1065,947,938,913,953,1009,1160,1365,1287,,,,,,,,,,,,,,,,,,,,,,,,,,
,強盗・不同意性交等,,0,1,1,1,0,2,0,0,1,0,,,,,,,,,,,,,,,,,,,,,,,,,,
,不同意性交等,,69,91,151,173,176,171,216,239,352,324,,,,,,,,,,,,,,,,,,,,,,,,,,
,,うち監護者性交等,-,1,0,5,4,3,5,6,20,16,,,,,,,,,,,,,,,,,,,,,,,,,,
,不同意わいせつ,,893,953,773,731,708,748,769,895,991,935,,,,,,,,,,,,,,,,,,,,,,,,,,
,,うち監護者わいせつ,-,5,10,4,5,8,7,17,29,24,,,,,,,,,,,,,,,,,,,,,,,,,,
,わいせつ目的略取誘拐,,27,20,22,33,29,32,24,26,21,28,,,,,,,,,,,,,,,,,,,,,,,,,,
※　強盗・不同意性交等、不同意性交等及び不同意わいせつは、致死及び致傷を含む。,,,,,,,,,,,,,,,,,,,,,,,,,,,,,,,,,,,,,,
※　監護者性交等及び監護者わいせつは平成29年に統計開始,,,,,,,,,,,,,,,,,,,,,,,,,,,,,,,,,,,,,,
,,,,,,,,,,,,,,,,,,,,,,,,,,,,,,,,,,,,,,
図表：４－３－１（被害者の年齢（高齢者・非高齢者）別刑法犯認知件数、人口千人当たり刑法犯認知件数）,,,,,,,,,,,,,,,,,,,,,,,,,,,,,,,,,,,,,,
,,年次,H28,H29,H30,R元,R2,R3,R4,R5,R6,R7,,,,,,,,,,,,,,,,,,,,,,,,,,
区分,,,,,,,,,,,,,,,,,,,,,,,,,,,,,,,,,,,,,,
認知件数(件),,,778144,711167,632237,576406,455476,413829,449088,532259,560690,590991,,,,,,,,,,,,,,,,,,,,,,,,,,
,65歳以上,,110766,106747,97870,92127,75514,69973,73225,81939,82939,88708,,,,,,,,,,,,,,,,,,,,,,,,,,
,,割合（％）,14.2,15,15.5,16,16.6,16.9,16.3,15.4,14.8,15,,,,,,,,,,,,,,,,,,,,,,,,,,
,,人口千人当たり,3.2,3,2.8,2.6,2.1,1.9,2,2.3,2.3,2.4,,,,,,,,,,,,,,,,,,,,,,,,,,
,65歳未満,,667378,604420,534367,484279,379962,343856,375863,450320,477751,502283,,,,,,,,,,,,,,,,,,,,,,,,,,
,,人口千人当たり,7.2,6.6,5.9,5.3,4.2,3.9,4.2,5.1,5.5,5.7,,,,,,,,,,,,,,,,,,,,,,,,,,
※　認知件数は、被害者の年齢が判明しているものに限る。,,,,,,,,,,,,,,,,,,,,,,,,,,,,,,,,,,,,,,
,,,,,,,,,,,,,,,,,,,,,,,,,,,,,,,,,,,,,,
図表：４－３－２（主な罪種・手口における高齢者被害認知件数）,,,,,,,,,,,,,,,,,,,,,,,,,,,,,,,,,,,,,,
,,,年次,H28,H29,H30,R元,R2,R3,R4,R5,R6,R7,,,,,,,,,,,,,,,,,,,,,,,,,
区分,,,,,,,,,,,,,,,,,,,,,,,,,,,,,,,,,,,,,,
殺人,,認知件数（件）,,889,914,905,944,923,868,842,901,958,966,,,,,,,,,,,,,,,,,,,,,,,,,
,,,うち65歳以上,247,278,242,269,247,238,245,234,244,260,,,,,,,,,,,,,,,,,,,,,,,,,
,,,割合（％）,27.8,30.4,26.7,28.5,26.8,27.4,29.1,26,25.5,26.9,,,,,,,,,,,,,,,,,,,,,,,,,
強盗,,認知件数,,2111,1707,1624,1375,1254,1039,1061,1251,1271,1355,,,,,,,,,,,,,,,,,,,,,,,,,
,,,うち65歳以上,295,269,231,224,224,154,163,194,180,185,,,,,,,,,,,,,,,,,,,,,,,,,
,,,割合,14,15.8,14.2,16.3,17.9,14.8,15.4,15.5,14.2,13.7,,,,,,,,,,,,,,,,,,,,,,,,,
不同意性交等,,認知件数,,989,1109,1307,1405,1332,1388,1655,2711,3936,4177,,,,,,,,,,,,,,,,,,,,,,,,,
,,,うち65歳以上,6,10,18,11,15,11,9,22,17,29,,,,,,,,,,,,,,,,,,,,,,,,,
,,,割合,0.6,0.9,1.4,0.8,1.1,0.8,0.5,0.8,0.4,0.7,,,,,,,,,,,,,,,,,,,,,,,,,
暴行,,認知件数,,31813,31013,31362,30276,27637,26436,27849,30196,29250,31137,,,,,,,,,,,,,,,,,,,,,,,,,
,,,うち65歳以上,2689,2785,3044,2955,2934,2867,2996,3049,2872,3201,,,,,,,,,,,,,,,,,,,,,,,,,
,,,割合,8.5,9,9.7,9.8,10.6,10.8,10.8,10.1,9.8,10.3,,,,,,,,,,,,,,,,,,,,,,,,,
傷害,,認知件数,,24365,23286,22523,21188,18963,18145,19514,22169,22292,23460,,,,,,,,,,,,,,,,,,,,,,,,,
,,,うち65歳以上,2269,2161,2222,2158,2047,1997,2085,2336,2207,2290,,,,,,,,,,,,,,,,,,,,,,,,,
,,,割合,9.3,9.3,9.9,10.2,10.8,11,10.7,10.5,9.9,9.8,,,,,,,,,,,,,,,,,,,,,,,,,
脅迫,,認知件数,,3656,3820,3476,3630,3758,3868,4004,4509,4481,5143,,,,,,,,,,,,,,,,,,,,,,,,,
,,,うち65歳以上,358,347,361,386,369,424,463,476,481,466,,,,,,,,,,,,,,,,,,,,,,,,,
,,,割合,9.8,9.1,10.4,10.6,9.8,11,11.6,10.6,10.7,9.1,,,,,,,,,,,,,,,,,,,,,,,,,
恐喝,,認知件数,,2122,1897,1718,1585,1400,1208,1268,1537,1668,2025,,,,,,,,,,,,,,,,,,,,,,,,,
,,,うち65歳以上,104,97,93,78,85,52,58,67,66,69,,,,,,,,,,,,,,,,,,,,,,,,,
,,,割合,4.9,5.1,5.4,4.9,6.1,4.3,4.6,4.4,4,3.4,,,,,,,,,,,,,,,,,,,,,,,,,
窃盗,,認知件数,,564166,504753,444457,403586,298793,266361,293151,352628,364765,374340,,,,,,,,,,,,,,,,,,,,,,,,,
,,,うち65歳以上,73248,67899,61523,58953,45679,40131,41222,47409,47432,50244,,,,,,,,,,,,,,,,,,,,,,,,,
,,,割合,13,13.5,13.8,14.6,15.3,15.1,14.1,13.4,13,13.4,,,,,,,,,,,,,,,,,,,,,,,,,
,うち職権盗,認知件数,,156,378,1281,3714,2837,2228,2297,1578,1175,1143,,,,,,,,,,,,,,,,,,,,,,,,,
,,,うち65歳以上,143,361,1191,3481,2737,2185,2262,1557,1152,1129,,,,,,,,,,,,,,,,,,,,,,,,,
,,,割合,91.7,95.5,93,93.7,96.5,98.1,98.5,98.7,98,98.8,,,,,,,,,,,,,,,,,,,,,,,,,
,うち,認知件数,,3491,2893,1918,1552,877,544,716,551,567,479,,,,,,,,,,,,,,,,,,,,,,,,,
,ひったくり,,うち65歳以上,1031,928,542,467,302,174,247,203,172,132,,,,,,,,,,,,,,,,,,,,,,,,,
,,,割合,29.5,32.1,28.3,30.1,34.4,32,34.5,36.8,30.3,27.6,,,,,,,,,,,,,,,,,,,,,,,,,
詐欺,,認知件数,,30046,32828,29346,23874,22113,22218,28302,36755,47809,62044,,,,,,,,,,,,,,,,,,,,,,,,,
,,,うち65歳以上,13236,14854,14555,12094,10389,11619,13904,15179,16898,18890,,,,,,,,,,,,,,,,,,,,,,,,,
,,,割合,44.1,45.2,49.6,50.7,47,52.3,49.1,41.3,35.3,30.4,,,,,,,,,,,,,,,,,,,,,,,,,
不同意わいせつ,,認知件数,,6188,5809,5340,4900,4154,4283,4708,6096,6992,7193,,,,,,,,,,,,,,,,,,,,,,,,,
,,,うち65歳以上,22,26,40,38,56,49,53,58,70,52,,,,,,,,,,,,,,,,,,,,,,,,,
,,,割合,0.4,0.4,0.7,0.8,1.3,1.1,1.1,1,1,0.7,,,,,,,,,,,,,,,,,,,,,,,,,
公然わいせつ,,認知件数,,962,825,788,746,701,712,624,749,729,647,,,,,,,,,,,,,,,,,,,,,,,,,
,,,うち65歳以上,23,21,19,18,12,17,16,9,14,21,,,,,,,,,,,,,,,,,,,,,,,,,
,,,割合,2.4,2.5,2.4,2.4,1.7,2.4,2.6,1.2,1.9,3.2,,,,,,,,,,,,,,,,,,,,,,,,,
逮捕監禁,,認知件数,,295,294,255,268,265,271,259,282,293,343,,,,,,,,,,,,,,,,,,,,,,,,,
,,,うち65歳以上,10,11,13,8,8,13,7,8,8,10,,,,,,,,,,,,,,,,,,,,,,,,,
,,,割合,3.4,3.7,5.1,3,3,4.8,2.7,2.8,2.7,2.9,,,,,,,,,,,,,,,,,,,,,,,,,
略取誘拐・人身売買,,認知件数,,228,239,304,293,337,389,390,526,588,606,,,,,,,,,,,,,,,,,,,,,,,,,
,,,うち65歳以上,0,0,2,1,0,0,0,1,1,6,,,,,,,,,,,,,,,,,,,,,,,,,
,,,割合,0,0,0.7,0.3,0,0,0,0.2,0.2,1,,,,,,,,,,,,,,,,,,,,,,,,,
※　認知件数は、被害者の年齢が判明しているものに限る。,,,,,,,,,,,,,,,,,,,,,,,,,,,,,,,,,,,,,,
,,,,,,,,,,,,,,,,,,,,,,,,,,,,,,,,,,,,,,
図表：４－３－３（主な罪種・手口における被害者の年齢層（高齢者・非高齢者）別人口10万人当たり認知件数）,,,,,,,,,,,,,,,,,,,,,,,,,,,,,,,,,,,,,,
,,,年次,H28,H29,H30,R元,R2,R3,R4,R5,R6,R7,,,,,,,,,,,,,,,,,,,,,,,,,
区分,,,,,,,,,,,,,,,,,,,,,,,,,,,,,,,,,,,,,,
殺人,,64歳以下(件),,0.7,0.7,0.7,0.7,0.8,0.7,0.7,0.8,0.8,0.8,,,,,,,,,,,,,,,,,,,,,,,,,
,,65歳以上,,0.7,0.8,0.7,0.8,0.7,0.7,0.7,0.6,0.7,0.7,,,,,,,,,,,,,,,,,,,,,,,,,
,,,65-69歳,0.7,0.8,0.7,0.6,0.6,0.6,0.6,0.6,0.7,0.6,,,,,,,,,,,,,,,,,,,,,,,,,
,,,70-74歳,0.8,0.8,0.6,0.7,0.6,0.6,0.7,0.7,0.7,0.7,,,,,,,,,,,,,,,,,,,,,,,,,
,,,75-79歳,0.7,0.9,0.8,0.7,0.7,0.9,0.7,0.6,0.6,0.7,,,,,,,,,,,,,,,,,,,,,,,,,
,,,80-84歳,0.7,0.9,0.7,0.8,1,0.8,0.6,0.6,0.6,0.9,,,,,,,,,,,,,,,,,,,,,,,,,
,,,85歳以上,0.7,0.6,0.6,1,0.7,0.5,0.9,0.8,0.6,0.5,,,,,,,,,,,,,,,,,,,,,,,,,
強盗,,64歳以下,,2,1.6,1.5,1.3,1.1,1,1,1.2,1.2,1.3,,,,,,,,,,,,,,,,,,,,,,,,,
,,65歳以上,,0.9,0.8,0.7,0.6,0.6,0.4,0.4,0.5,0.5,0.5,,,,,,,,,,,,,,,,,,,,,,,,,
,,,65-69歳,1.1,1.1,0.9,1,0.7,0.5,0.7,0.7,0.9,0.7,,,,,,,,,,,,,,,,,,,,,,,,,
,,,70-74歳,1.1,0.8,0.7,0.7,0.7,0.6,0.6,0.6,0.6,0.5,,,,,,,,,,,,,,,,,,,,,,,,,
,,,75-79歳,0.7,0.7,0.6,0.6,0.7,0.5,0.4,0.4,0.5,0.6,,,,,,,,,,,,,,,,,,,,,,,,,
,,,80-84歳,0.6,0.5,0.5,0.3,0.4,0.2,0.3,0.3,0.4,0.4,,,,,,,,,,,,,,,,,,,,,,,,,
,,,85歳以上,0.5,0.3,0.3,0.3,0.5,0.2,0.2,0.2,0.3,0.3,,,,,,,,,,,,,,,,,,,,,,,,,
暴行,,64歳以下,,31.5,30.7,31,30.1,27.4,26.4,28,30.8,30.1,31.9,,,,,,,,,,,,,,,,,,,,,,,,,
,,65歳以上,,7.8,7.9,8.6,8.3,8.1,7.9,8.3,8.4,7.9,8.8,,,,,,,,,,,,,,,,,,,,,,,,,
,,,65-69歳,11.9,11.5,13.1,12.6,12.3,11.3,11.9,12.2,12.7,11.5,,,,,,,,,,,,,,,,,,,,,,,,,
,,,70-74歳,8.9,9.5,10,10.1,9.8,9.8,10,10.6,10.6,9.4,,,,,,,,,,,,,,,,,,,,,,,,,
,,,75-79歳,6.9,6.9,7.7,7.3,7.4,7.4,8.4,7.9,7.8,8.1,,,,,,,,,,,,,,,,,,,,,,,,,
,,,80-84歳,4.7,5.7,5.8,5.9,5.5,6.1,6.1,6,6.5,6.4,,,,,,,,,,,,,,,,,,,,,,,,,
,,,85歳以上,2.1,2.6,2.7,2.5,3.3,3,3.4,3.4,3.6,3.5,,,,,,,,,,,,,,,,,,,,,,,,,
傷害,,64歳以下,,23.9,23,22.2,21,18.8,18.1,19.6,22.5,22.9,24.2,,,,,,,,,,,,,,,,,,,,,,,,,
,,65歳以上,,6.6,6.2,6.3,6,5.7,5.5,5.8,6.4,6.1,6.3,,,,,,,,,,,,,,,,,,,,,,,,,
,,,65-69歳,8.8,8.7,8.8,8.1,7.3,6.8,7.5,7.7,8.9,8.7,,,,,,,,,,,,,,,,,,,,,,,,,
,,,70-74歳,7.7,6.5,6.8,7.1,5.9,6.1,6.3,6.6,8,6.6,,,,,,,,,,,,,,,,,,,,,,,,,
,,,75-79歳,6.4,6.1,6.2,5.3,6.2,5.7,5.7,5.4,6.1,5.5,,,,,,,,,,,,,,,,,,,,,,,,,
,,,80-84歳,4.4,4.4,4.6,5.1,5.1,5.3,5.3,5.1,5,5.5,,,,,,,,,,,,,,,,,,,,,,,,,
,,,85歳以上,3,2.7,2.9,3.2,3.2,3.1,3.5,3.4,3.7,4,,,,,,,,,,,,,,,,,,,,,,,,,
脅迫,,64歳以下,,3.6,3.8,3.4,3.6,3.8,3.9,4,4.6,4.6,5.3,,,,,,,,,,,,,,,,,,,,,,,,,
,,65歳以上,,1,1,1,1.1,1,1.2,1.3,1.3,1.3,1.3,,,,,,,,,,,,,,,,,,,,,,,,,
,,,65-69歳,1.6,1.8,1.5,1.9,1.4,2,2.1,2.2,2.1,2.1,,,,,,,,,,,,,,,,,,,,,,,,,
,,,70-74歳,1.4,1.1,1.2,1.3,1.3,1.3,1.6,1.7,1.9,1.6,,,,,,,,,,,,,,,,,,,,,,,,,
,,,75-79歳,0.8,0.8,1.2,0.9,1.1,1.3,1.2,1.2,1.2,1.4,,,,,,,,,,,,,,,,,,,,,,,,,
,,,80-84歳,0.5,0.3,0.6,0.5,0.8,0.7,0.8,0.8,0.8,1,,,,,,,,,,,,,,,,,,,,,,,,,
,,,85歳以上,0.1,0.3,0.2,0.3,0.3,0.2,0.3,0.3,0.3,0.4,,,,,,,,,,,,,,,,,,,,,,,,,
恐喝,,64歳以下,,2.2,2,1.8,1.7,1.5,1.3,1.4,1.7,1.8,2.2,,,,,,,,,,,,,,,,,,,,,,,,,
,,65歳以上,,0.3,0.3,0.3,0.2,0.2,0.1,0.2,0.2,0.2,0.2,,,,,,,,,,,,,,,,,,,,,,,,,
,,,65-69歳,0.6,0.4,0.4,0.4,0.3,0.2,0.3,0.3,0.4,0.4,,,,,,,,,,,,,,,,,,,,,,,,,
,,,70-74歳,0.2,0.3,0.3,0.3,0.3,0.2,0.2,0.2,0.2,0.2,,,,,,,,,,,,,,,,,,,,,,,,,
,,,75-79歳,0.2,0.3,0.2,0.2,0.2,0.2,0.1,0.1,0.2,0.2,,,,,,,,,,,,,,,,,,,,,,,,,
,,,80-84歳,0.1,0.2,0.1,0.1,0.2,0.1,0.1,0.1,0.1,0.1,,,,,,,,,,,,,,,,,,,,,,,,,
,,,85歳以上,0.1,0,0.1,0,0.1,0.1,0,0,0.1,0,,,,,,,,,,,,,,,,,,,,,,,,,
窃盗,,64歳以下,,530.8,475.7,419.6,379.6,280.9,253.4,284,346.3,362.4,370.1,,,,,,,,,,,,,,,,,,,,,,,,,
,,65歳以上,,212,193.5,173.4,164.9,126.8,110.8,113.8,130.9,130.9,138.6,,,,,,,,,,,,,,,,,,,,,,,,,
,,,65-69歳,279.9,256.5,224.4,202.9,155.8,136.4,138.9,142.8,167,172.7,,,,,,,,,,,,,,,,,,,,,,,,,
,,,70-74歳,251.8,222.5,200.8,187.2,139.4,120,125.1,132.5,155.8,146.4,,,,,,,,,,,,,,,,,,,,,,,,,
,,,75-79歳,201.4,189.1,172.5,166.8,131.2,114.7,112.6,105.9,123.3,128.6,,,,,,,,,,,,,,,,,,,,,,,,,
,,,80-84歳,154.3,147,138.5,147.1,117.2,102.2,110.8,107.9,114.9,113.6,,,,,,,,,,,,,,,,,,,,,,,,,
,,,85歳以上,91.5,88,83.5,89.3,72.2,68.9,72.8,71.5,84.7,85.3,,,,,,,,,,,,,,,,,,,,,,,,,
,うち職権盗,64歳以下,,0,0,0.1,0.3,0.1,0,0,0,0,0,,,,,,,,,,,,,,,,,,,,,,,,,
,,65歳以上,,0.4,1,3.4,9.7,7.6,6,6.2,4.3,3.2,3.1,,,,,,,,,,,,,,,,,,,,,,,,,
,,,65-69歳,0.1,0.2,0.8,2.1,1.2,0.4,0.5,0.5,0.2,0.1,,,,,,,,,,,,,,,,,,,,,,,,,
,,,70-74歳,0.4,0.5,2.1,4.7,2.8,1.3,1.4,1.5,0.8,0.4,,,,,,,,,,,,,,,,,,,,,,,,,
,,,75-79歳,0.6,1.6,4.3,14.2,10.2,6.2,5.4,5.1,2.9,1.7,,,,,,,,,,,,,,,,,,,,,,,,,
,,,80-84歳,0.8,2.3,7,21.4,19.2,15.7,15.7,15.3,10.8,7.5,,,,,,,,,,,,,,,,,,,,,,,,,
,,,85歳以上,0.5,1.3,4.8,12.5,10.2,11.5,12.4,12.2,8.7,7.6,,,,,,,,,,,,,,,,,,,,,,,,,
,うちひったくり,64歳以下,,2.7,2.1,1.5,1.2,0.6,0.4,0.5,0.4,0.5,0.4,,,,,,,,,,,,,,,,,,,,,,,,,
,,65歳以上,,3,2.6,1.5,1.3,0.8,0.5,0.7,0.6,0.5,0.4,,,,,,,,,,,,,,,,,,,,,,,,,
,,,65-69歳,2.9,2.4,1.5,1.3,0.8,0.3,0.7,0.8,0.3,0.4,,,,,,,,,,,,,,,,,,,,,,,,,
,,,70-74歳,3.1,2.8,1.8,1.3,0.8,0.5,0.7,0.7,0.6,0.4,,,,,,,,,,,,,,,,,,,,,,,,,
,,,75-79歳,3.6,3.2,1.7,1.5,0.9,0.7,0.7,0.6,0.6,0.5,,,,,,,,,,,,,,,,,,,,,,,,,
,,,80-84歳,3.6,2.9,1.5,1.4,0.9,0.6,0.9,0.9,0.9,0.6,,,,,,,,,,,,,,,,,,,,,,,,,
,,,85歳以上,1.6,2,1,1.1,0.7,0.3,0.4,0.4,0.4,0.4,,,,,,,,,,,,,,,,,,,,,,,,,
詐欺,,64歳以下,,18.2,19.6,16.2,13,13,11.9,16.2,24.5,35.3,49.3,,,,,,,,,,,,,,,,,,,,,,,,,
,,65歳以上,,38.3,42.3,41,33.8,28.8,32.1,38.4,41.9,46.6,52.1,,,,,,,,,,,,,,,,,,,,,,,,,
,,,65-69歳,23.3,24.8,23.8,18.9,17,32.4,36,37,45.6,56.8,,,,,,,,,,,,,,,,,,,,,,,,,
,,,70-74歳,41.9,41.6,32,22.3,17.7,21.5,26.4,27.9,30.3,39.7,,,,,,,,,,,,,,,,,,,,,,,,,
,,,75-79歳,56.2,63.9,55,40.6,34.4,36.7,41.4,38.9,39.3,44.4,,,,,,,,,,,,,,,,,,,,,,,,,
,,,80-84歳,53.2,61.6,70.5,59,49.1,46.5,60.6,59.1,59.8,58.5,,,,,,,,,,,,,,,,,,,,,,,,,
,,,85歳以上,25.6,29.9,37.8,41.7,37.1,30.3,35.5,34.9,38.6,35.8,,,,,,,,,,,,,,,,,,,,,,,,,
※　認知件数は、被害者の年齢が判明しているものに限る。,,,,,,,,,,,,,,,,,,,,,,,,,,,,,,,,,,,,,,
,,,,,,,,,,,,,,,,,,,,,,,,,,,,,,,,,,,,,,
図表：４－４－１（外国人被害の刑法犯認知件数）,,,,,,,,,,,,,,,,,,,,,,,,,,,,,,,,,,,,,,
,,年次,H28,H29,H30,R元,R2,R3,R4,R5,R6,R7,,,,,,,,,,,,,,,,,,,,,,,,,,
区分,,,,,,,,,,,,,,,,,,,,,,,,,,,,,,,,,,,,,,
認知件数(件),,,787929,719621,639722,582008,460637,417350,452312,535999,564401,595011,,,,,,,,,,,,,,,,,,,,,,,,,,
,うち外国人,,18319,18257,17689,17625,15100,14121,15917,21248,24616,28863,,,,,,,,,,,,,,,,,,,,,,,,,,
,,割合(％),2.3,2.5,2.8,3,3.3,3.4,3.5,4,4.4,4.9,,,,,,,,,,,,,,,,,,,,,,,,,,
※　認知件数は、自然人被害のものに限る。,,,,,,,,,,,,,,,,,,,,,,,,,,,,,,,,,,,,,,
,,,,,,,,,,,,,,,,,,,,,,,,,,,,,,,,,,,,,,
図表：４－４－２（主な罪種における外国人被害認知件数）,,,,,,,,,,,,,,,,,,,,,,,,,,,,,,,,,,,,,,
,,,年次,H28,H29,H30,R元,R2,R3,R4,R5,R6,R7,,,,,,,,,,,,,,,,,,,,,,,,,
区分,,,,,,,,,,,,,,,,,,,,,,,,,,,,,,,,,,,,,,
殺人,,認知件数(件),,889,914,905,944,924,869,847,903,959,966,,,,,,,,,,,,,,,,,,,,,,,,,
,,,うち外国人,47,51,57,56,61,62,62,70,78,59,,,,,,,,,,,,,,,,,,,,,,,,,
,,,割合（％）,5.3,5.6,6.3,5.9,6.6,7.1,7.3,7.8,8.1,6.1,,,,,,,,,,,,,,,,,,,,,,,,,
強盗,,認知件数,,2111,1707,1624,1375,1254,1039,1061,1251,1271,1355,,,,,,,,,,,,,,,,,,,,,,,,,
,,,うち外国人,66,44,72,56,57,57,62,85,88,107,,,,,,,,,,,,,,,,,,,,,,,,,
,,,割合,3.1,2.6,4.4,4.1,4.5,5.5,5.8,6.8,6.9,7.9,,,,,,,,,,,,,,,,,,,,,,,,,
不同意性交等,,認知件数,,989,1109,1307,1405,1332,1388,1655,2711,3936,4177,,,,,,,,,,,,,,,,,,,,,,,,,
,,,うち外国人,22,28,33,36,45,58,42,84,96,111,,,,,,,,,,,,,,,,,,,,,,,,,
,,,割合,2.2,2.5,2.5,2.6,3.4,4.2,2.5,3.1,2.4,2.7,,,,,,,,,,,,,,,,,,,,,,,,,
暴行,,認知件数,,31813,31013,31362,30276,27637,26436,27849,30196,29250,31137,,,,,,,,,,,,,,,,,,,,,,,,,
,,,うち外国人,919,924,932,939,914,887,935,967,1037,1182,,,,,,,,,,,,,,,,,,,,,,,,,
,,,割合,2.9,3,3,3.1,3.3,3.4,3.4,3.2,3.5,3.8,,,,,,,,,,,,,,,,,,,,,,,,,
傷害,,認知件数,,24365,23286,22523,21188,18963,18145,19514,22169,22292,23460,,,,,,,,,,,,,,,,,,,,,,,,,
,,,うち外国人,932,906,897,862,792,829,887,1019,985,1162,,,,,,,,,,,,,,,,,,,,,,,,,
,,,割合,3.8,3.9,4,4.1,4.2,4.6,4.5,4.6,4.4,5,,,,,,,,,,,,,,,,,,,,,,,,,
窃盗,,認知件数,,564166,504753,444457,403586,298793,266361,293151,352628,364765,374340,,,,,,,,,,,,,,,,,,,,,,,,,
,,,うち外国人,14120,13857,13421,13556,11070,10062,11770,16240,19128,22366,,,,,,,,,,,,,,,,,,,,,,,,,
,,,割合,2.5,2.7,3,3.4,3.7,3.8,4,4.6,5.2,6,,,,,,,,,,,,,,,,,,,,,,,,,
,うち自転車盗,認知件数,,235152,204381,182932,167796,120033,105892,128198,163315,173211,171883,,,,,,,,,,,,,,,,,,,,,,,,,
,,,うち外国人,7840,7710,7745,8000,6707,5848,7230,10444,12560,14495,,,,,,,,,,,,,,,,,,,,,,,,,
,,,割合,3.3,3.8,4.2,4.8,5.6,5.5,5.6,6.4,7.3,8.4,,,,,,,,,,,,,,,,,,,,,,,,,
,うち車上ねらい,認知件数,,58257,53123,43467,36179,27161,22577,22539,24188,22184,21897,,,,,,,,,,,,,,,,,,,,,,,,,
,,,うち外国人,1046,1095,990,973,850,798,791,997,1100,1244,,,,,,,,,,,,,,,,,,,,,,,,,
,,,割合,1.8,2.1,2.3,2.7,3.1,3.5,3.5,4.1,5,5.7,,,,,,,,,,,,,,,,,,,,,,,,,
,うち置引き,認知件数,,33405,30477,26453,21874,12599,9461,9166,10199,10007,9843,,,,,,,,,,,,,,,,,,,,,,,,,
,,,うち外国人,809,765,732,689,392,289,300,451,507,597,,,,,,,,,,,,,,,,,,,,,,,,,
,,,割合,2.4,2.5,2.8,3.1,3.1,3.1,3.3,4.4,5.1,6.1,,,,,,,,,,,,,,,,,,,,,,,,,
詐欺,,認知件数,,30046,32828,29346,23874,22113,22218,28302,36755,47809,62044,,,,,,,,,,,,,,,,,,,,,,,,,
,,,うち外国人,241,319,290,267,369,407,424,676,785,1059,,,,,,,,,,,,,,,,,,,,,,,,,
,,,割合,0.8,1,1,1.1,1.7,1.8,1.5,1.8,1.6,1.7,,,,,,,,,,,,,,,,,,,,,,,,,
不同意わいせつ,,認知件数,,6188,5809,5340,4900,4154,4283,4708,6096,6992,7193,,,,,,,,,,,,,,,,,,,,,,,,,
,,,うち外国人,92,105,112,108,81,82,99,147,176,223,,,,,,,,,,,,,,,,,,,,,,,,,
,,,割合,1.5,1.8,2.1,2.2,1.9,1.9,2.1,2.4,2.5,3.1,,,,,,,,,,,,,,,,,,,,,,,,,
占有離脱物横領,,認知件数,,22849,20274,18442,15732,14062,11670,12241,13778,14244,14623,,,,,,,,,,,,,,,,,,,,,,,,,
,,,うち外国人,369,365,380,369,326,279,323,432,500,556,,,,,,,,,,,,,,,,,,,,,,,,,
,,,割合,1.6,1.8,2.1,2.3,2.3,2.4,2.6,3.1,3.5,3.8,,,,,,,,,,,,,,,,,,,,,,,,,
住居侵入,,認知件数,,11685,10931,9496,9377,8011,7057,6775,7656,7357,7983,,,,,,,,,,,,,,,,,,,,,,,,,
,,,うち外国人,193,195,177,158,136,151,127,178,196,231,,,,,,,,,,,,,,,,,,,,,,,,,
,,,割合,1.7,1.8,1.9,1.7,1.7,2.1,1.9,2.3,2.7,2.9,,,,,,,,,,,,,,,,,,,,,,,,,
器物損壊等,,認知件数,,78550,72879,61601,56276,50421,45025,42752,43770,40796,40064,,,,,,,,,,,,,,,,,,,,,,,,,
,,,うち外国人,1097,1206,1081,959,998,946,873,922,951,1002,,,,,,,,,,,,,,,,,,,,,,,,,
,,,割合,1.4,1.7,1.8,1.7,2,2.1,2,2.1,2.3,2.5,,,,,,,,,,,,,,,,,,,,,,,,,
※　認知件数は、自然人被害のものに限る。,,,,,,,,,,,,,,,,,,,,,,,,,,,,,,,,,,,,,,
,,,,,,,,,,,,,,,,,,,,,,,,,,,,,,,,,,,,,,
図表：４－４－３（外国人被害の検挙事件に係る被疑者の国籍別刑法犯・殺人検挙件数）,,,,,,,,,,,,,,,,,,,,,,,,,,,,,,,,,,,,,,
,,年次,H28,H29,H30,R元,R2,R3,R4,R5,R6,R7,,,,,,,,,,,,,,,,,,,,,,,,,,
区分,,,,,,,,,,,,,,,,,,,,,,,,,,,,,,,,,,,,,,
検挙件数(件),,,3934,4039,4100,4110,4031,3996,3945,4471,4970,6005,,,,,,,,,,,,,,,,,,,,,,,,,,
,,日本人,2847,2828,2895,2839,2747,2628,2672,2985,3441,4173,,,,,,,,,,,,,,,,,,,,,,,,,,
,,外国人,1087,1211,1205,1271,1284,1368,1273,1486,1529,1832,,,,,,,,,,,,,,,,,,,,,,,,,,
,うち殺人,,46,47,49,59,55,67,58,63,69,59,,,,,,,,,,,,,,,,,,,,,,,,,,
,,日本人,11,14,14,11,10,15,14,16,15,15,,,,,,,,,,,,,,,,,,,,,,,,,,
,,外国人,35,33,35,48,45,52,44,47,54,44,,,,,,,,,,,,,,,,,,,,,,,,,,
※　解決事件を除く。,,,,,,,,,,,,,,,,,,,,,,,,,,,,,,,,,,,,,,
